{"skeleton":{"width":400,"height":400,"fps":24,"hash":" ","name":"Sprite"},"bones":[{"name":"root"}],"slots":[{"name":"sheetSlot","bone":"root","attachment":"Electricity 018 Ray Up Loop_00015"}],"skins":{"default":{"sheetSlot":{"Electricity 018 Ray Up Loop_00000":{"name":"Electricity 018 Ray Up Loop_00000","width":400,"height":400},"Electricity 018 Ray Up Loop_00001":{"name":"Electricity 018 Ray Up Loop_00001","width":400,"height":400},"Electricity 018 Ray Up Loop_00002":{"name":"Electricity 018 Ray Up Loop_00002","width":400,"height":400},"Electricity 018 Ray Up Loop_00003":{"name":"Electricity 018 Ray Up Loop_00003","width":400,"height":400},"Electricity 018 Ray Up Loop_00004":{"name":"Electricity 018 Ray Up Loop_00004","width":400,"height":400},"Electricity 018 Ray Up Loop_00005":{"name":"Electricity 018 Ray Up Loop_00005","width":400,"height":400},"Electricity 018 Ray Up Loop_00006":{"name":"Electricity 018 Ray Up Loop_00006","width":400,"height":400},"Electricity 018 Ray Up Loop_00007":{"name":"Electricity 018 Ray Up Loop_00007","width":400,"height":400},"Electricity 018 Ray Up Loop_00008":{"name":"Electricity 018 Ray Up Loop_00008","width":400,"height":400},"Electricity 018 Ray Up Loop_00009":{"name":"Electricity 018 Ray Up Loop_00009","width":400,"height":400},"Electricity 018 Ray Up Loop_00010":{"name":"Electricity 018 Ray Up Loop_00010","width":400,"height":400},"Electricity 018 Ray Up Loop_00011":{"name":"Electricity 018 Ray Up Loop_00011","width":400,"height":400},"Electricity 018 Ray Up Loop_00012":{"name":"Electricity 018 Ray Up Loop_00012","width":400,"height":400},"Electricity 018 Ray Up Loop_00013":{"name":"Electricity 018 Ray Up Loop_00013","width":400,"height":400},"Electricity 018 Ray Up Loop_00014":{"name":"Electricity 018 Ray Up Loop_00014","width":400,"height":400},"Electricity 018 Ray Up Loop_00015":{"name":"Electricity 018 Ray Up Loop_00015","width":400,"height":400}}}},"animations":{"Sprite":{"slots":{"sheetSlot":{"attachment":[{"time":0,"name":"Electricity 018 Ray Up Loop_00000"},{"time":0.0417,"name":"Electricity 018 Ray Up Loop_00001"},{"time":0.0834,"name":"Electricity 018 Ray Up Loop_00002"},{"time":0.1251,"name":"Electricity 018 Ray Up Loop_00003"},{"time":0.1668,"name":"Electricity 018 Ray Up Loop_00004"},{"time":0.2085,"name":"Electricity 018 Ray Up Loop_00005"},{"time":0.2502,"name":"Electricity 018 Ray Up Loop_00006"},{"time":0.2919,"name":"Electricity 018 Ray Up Loop_00007"},{"time":0.3336,"name":"Electricity 018 Ray Up Loop_00008"},{"time":0.3753,"name":"Electricity 018 Ray Up Loop_00009"},{"time":0.417,"name":"Electricity 018 Ray Up Loop_00010"},{"time":0.4587,"name":"Electricity 018 Ray Up Loop_00011"},{"time":0.5004,"name":"Electricity 018 Ray Up Loop_00012"},{"time":0.5421,"name":"Electricity 018 Ray Up Loop_00013"},{"time":0.5838,"name":"Electricity 018 Ray Up Loop_00014"},{"time":0.6255,"name":"Electricity 018 Ray Up Loop_00015"}]}}}}}