{"skeleton":{"width":350,"height":622,"fps":24,"hash":" ","name":"Sprite"},"bones":[{"name":"root"}],"slots":[{"name":"sheetSlot","bone":"root","attachment":"Motion Spark Fx_00060"}],"skins":{"default":{"sheetSlot":{"Motion Spark Fx_00045":{"name":"Motion Spark Fx_00045","width":350,"height":622},"Motion Spark Fx_00046":{"name":"Motion Spark Fx_00046","width":350,"height":622},"Motion Spark Fx_00047":{"name":"Motion Spark Fx_00047","width":350,"height":622},"Motion Spark Fx_00048":{"name":"Motion Spark Fx_00048","width":350,"height":622},"Motion Spark Fx_00049":{"name":"Motion Spark Fx_00049","width":350,"height":622},"Motion Spark Fx_00050":{"name":"Motion Spark Fx_00050","width":350,"height":622},"Motion Spark Fx_00051":{"name":"Motion Spark Fx_00051","width":350,"height":622},"Motion Spark Fx_00052":{"name":"Motion Spark Fx_00052","width":350,"height":622},"Motion Spark Fx_00053":{"name":"Motion Spark Fx_00053","width":350,"height":622},"Motion Spark Fx_00054":{"name":"Motion Spark Fx_00054","width":350,"height":622},"Motion Spark Fx_00055":{"name":"Motion Spark Fx_00055","width":350,"height":622},"Motion Spark Fx_00056":{"name":"Motion Spark Fx_00056","width":350,"height":622},"Motion Spark Fx_00057":{"name":"Motion Spark Fx_00057","width":350,"height":622},"Motion Spark Fx_00058":{"name":"Motion Spark Fx_00058","width":350,"height":622},"Motion Spark Fx_00059":{"name":"Motion Spark Fx_00059","width":350,"height":622},"Motion Spark Fx_00060":{"name":"Motion Spark Fx_00060","width":350,"height":622},"Motion Spark Fx_00061":{"name":"Motion Spark Fx_00061","width":350,"height":622},"Motion Spark Fx_00062":{"name":"Motion Spark Fx_00062","width":350,"height":622},"Motion Spark Fx_00063":{"name":"Motion Spark Fx_00063","width":350,"height":622},"Motion Spark Fx_00025":{"name":"Motion Spark Fx_00025","width":350,"height":622},"Motion Spark Fx_00026":{"name":"Motion Spark Fx_00026","width":350,"height":622},"Motion Spark Fx_00027":{"name":"Motion Spark Fx_00027","width":350,"height":622},"Motion Spark Fx_00028":{"name":"Motion Spark Fx_00028","width":350,"height":622},"Motion Spark Fx_00029":{"name":"Motion Spark Fx_00029","width":350,"height":622},"Motion Spark Fx_00030":{"name":"Motion Spark Fx_00030","width":350,"height":622},"Motion Spark Fx_00031":{"name":"Motion Spark Fx_00031","width":350,"height":622},"Motion Spark Fx_00032":{"name":"Motion Spark Fx_00032","width":350,"height":622},"Motion Spark Fx_00033":{"name":"Motion Spark Fx_00033","width":350,"height":622},"Motion Spark Fx_00034":{"name":"Motion Spark Fx_00034","width":350,"height":622},"Motion Spark Fx_00035":{"name":"Motion Spark Fx_00035","width":350,"height":622},"Motion Spark Fx_00036":{"name":"Motion Spark Fx_00036","width":350,"height":622},"Motion Spark Fx_00037":{"name":"Motion Spark Fx_00037","width":350,"height":622},"Motion Spark Fx_00038":{"name":"Motion Spark Fx_00038","width":350,"height":622},"Motion Spark Fx_00039":{"name":"Motion Spark Fx_00039","width":350,"height":622},"Motion Spark Fx_00040":{"name":"Motion Spark Fx_00040","width":350,"height":622},"Motion Spark Fx_00041":{"name":"Motion Spark Fx_00041","width":350,"height":622},"Motion Spark Fx_00042":{"name":"Motion Spark Fx_00042","width":350,"height":622},"Motion Spark Fx_00043":{"name":"Motion Spark Fx_00043","width":350,"height":622},"Motion Spark Fx_00044":{"name":"Motion Spark Fx_00044","width":350,"height":622}}}},"animations":{"Sprite":{"slots":{"sheetSlot":{"attachment":[{"time":0,"name":"Motion Spark Fx_00045"},{"time":0.0417,"name":"Motion Spark Fx_00046"},{"time":0.0834,"name":"Motion Spark Fx_00047"},{"time":0.1251,"name":"Motion Spark Fx_00048"},{"time":0.1668,"name":"Motion Spark Fx_00049"},{"time":0.2085,"name":"Motion Spark Fx_00050"},{"time":0.2502,"name":"Motion Spark Fx_00051"},{"time":0.2919,"name":"Motion Spark Fx_00052"},{"time":0.3336,"name":"Motion Spark Fx_00053"},{"time":0.3753,"name":"Motion Spark Fx_00054"},{"time":0.417,"name":"Motion Spark Fx_00055"},{"time":0.4587,"name":"Motion Spark Fx_00056"},{"time":0.5004,"name":"Motion Spark Fx_00057"},{"time":0.5421,"name":"Motion Spark Fx_00058"},{"time":0.5838,"name":"Motion Spark Fx_00059"},{"time":0.6255,"name":"Motion Spark Fx_00060"},{"time":0.6672,"name":"Motion Spark Fx_00061"},{"time":0.7089,"name":"Motion Spark Fx_00062"},{"time":0.7506,"name":"Motion Spark Fx_00063"},{"time":0.7923,"name":"Motion Spark Fx_00025"},{"time":0.834,"name":"Motion Spark Fx_00026"},{"time":0.8757,"name":"Motion Spark Fx_00027"},{"time":0.9174,"name":"Motion Spark Fx_00028"},{"time":0.9591,"name":"Motion Spark Fx_00029"},{"time":1.0008,"name":"Motion Spark Fx_00030"},{"time":1.0425,"name":"Motion Spark Fx_00031"},{"time":1.0842,"name":"Motion Spark Fx_00032"},{"time":1.1259,"name":"Motion Spark Fx_00033"},{"time":1.1676,"name":"Motion Spark Fx_00034"},{"time":1.2093,"name":"Motion Spark Fx_00035"},{"time":1.251,"name":"Motion Spark Fx_00036"},{"time":1.2927,"name":"Motion Spark Fx_00037"},{"time":1.3344,"name":"Motion Spark Fx_00038"},{"time":1.3761,"name":"Motion Spark Fx_00039"},{"time":1.4178,"name":"Motion Spark Fx_00040"},{"time":1.4595,"name":"Motion Spark Fx_00041"},{"time":1.5012,"name":"Motion Spark Fx_00042"},{"time":1.5429,"name":"Motion Spark Fx_00043"},{"time":1.5846,"name":"Motion Spark Fx_00044"}]}}}}}