{"skeleton":{"hash":"sMX2PoRaNek0Rh51XApXqqzIKl0","spine":"3.8.75","x":-99.62,"y":-94.81,"width":199.19,"height":200.8,"fps":24,"images":"./library/","audio":"C:/Users/rachelthiowx/Desktop/Mini game/Slots/Icons/Dragonbone/Jackpot"},"bones":[{"name":"root"},{"name":"Masterbone","parent":"root","scaleX":0.25,"scaleY":0.25},{"name":"box","parent":"Masterbone","x":36.25,"y":-81.9},{"name":"Spotlight1","parent":"Masterbone","x":3.11,"y":-64.84,"scaleX":1.7791,"scaleY":1.7791},{"name":"Cover","parent":"Masterbone","x":6.57,"y":30.62},{"name":"Electric","parent":"Masterbone","x":-0.08,"y":22.34,"scaleX":1.2778,"scaleY":1.2778},{"name":"JACKPOT","parent":"Masterbone","x":0.04,"y":-98.48},{"name":"Spotlight","parent":"Masterbone","x":3.11,"y":-64.84,"scaleX":1.7791,"scaleY":1.7791},{"name":"Sparkle1","parent":"Masterbone","x":-22.08,"y":3.73},{"name":"Sparkle2","parent":"Masterbone","x":48.6,"y":13.1},{"name":"Right_gear","parent":"Masterbone","x":104.91,"y":20.51},{"name":"Middle_gear","parent":"Masterbone","x":8.97,"y":109.22},{"name":"Left_gear","parent":"Masterbone","x":-108.51,"y":46.06}],"slots":[{"name":"cover","bone":"Cover","attachment":"cover"},{"name":"spotlight1","bone":"Spotlight1","attachment":"spotlight","blend":"additive"},{"name":"spotlight","bone":"Spotlight","attachment":"spotlight","blend":"additive"},{"name":"Middle-gear","bone":"Middle_gear","attachment":"Middle-gear"},{"name":"left-gear","bone":"Left_gear","attachment":"left-gear"},{"name":"right-gear","bone":"Right_gear","attachment":"right-gear"},{"name":"box","bone":"box","attachment":"box"},{"name":"sparkle2","bone":"Sparkle2","attachment":"sparkle2"},{"name":"sparkle1","bone":"Sparkle1","attachment":"sparkle1"},{"name":"JACKPOT-001 1","bone":"JACKPOT","attachment":"JACKPOT-001 1"},{"name":"Layer 9","bone":"Electric","attachment":"Layer 9","blend":"additive"},{"name":"Layer 8","bone":"Electric","attachment":"Layer 8","blend":"additive"},{"name":"Layer 7","bone":"Electric","attachment":"Layer 7","blend":"additive"},{"name":"Layer 6","bone":"Electric","attachment":"Layer 6","blend":"additive"},{"name":"Layer 5","bone":"Electric","attachment":"Layer 5","blend":"additive"},{"name":"Layer 4","bone":"Electric","attachment":"Layer 4","blend":"additive"},{"name":"Layer 3","bone":"Electric","attachment":"Layer 3","blend":"additive"},{"name":"Layer 2","bone":"Electric","attachment":"Layer 2","blend":"additive"},{"name":"Layer 17","bone":"Electric","attachment":"Layer 17","blend":"additive"},{"name":"Layer 16","bone":"Electric","attachment":"Layer 16","blend":"additive"},{"name":"Layer 15","bone":"Electric","attachment":"Layer 15","blend":"additive"},{"name":"Layer 14","bone":"Electric","attachment":"Layer 14","blend":"additive"},{"name":"Layer 13","bone":"Electric","attachment":"Layer 13","blend":"additive"},{"name":"Layer 12","bone":"Electric","attachment":"Layer 12","blend":"additive"},{"name":"Layer 11","bone":"Electric","attachment":"Layer 11","blend":"additive"},{"name":"Layer 10","bone":"Electric","attachment":"Layer 10","blend":"additive"},{"name":"Layer 1","bone":"Electric","attachment":"Layer 1","blend":"additive"}],"skins":[{"name":"default","attachments":{"Layer 1":{"Layer 1":{"scaleX":4,"scaleY":4,"width":124,"height":125}},"Layer 2":{"Layer 2":{"scaleX":4,"scaleY":4,"width":124,"height":125}},"Layer 3":{"Layer 3":{"scaleX":4,"scaleY":4,"width":124,"height":125}},"Layer 4":{"Layer 4":{"scaleX":4,"scaleY":4,"width":124,"height":125}},"Layer 5":{"Layer 5":{"scaleX":4,"scaleY":4,"width":124,"height":125}},"Layer 6":{"Layer 6":{"scaleX":4,"scaleY":4,"width":124,"height":125}},"Layer 7":{"Layer 7":{"scaleX":4,"scaleY":4,"width":124,"height":125}},"Layer 8":{"Layer 8":{"scaleX":4,"scaleY":4,"width":124,"height":125}},"Layer 9":{"Layer 9":{"scaleX":4,"scaleY":4,"width":124,"height":125}},"box":{"box":{"type":"mesh","uvs":[0,0,1,0,0,1,1,1],"triangles":[1,0,3,0,2,3],"vertices":[-164.76,103.05,100.04,103.05,-164.76,-104.15,100.04,-104.15],"hull":4,"edges":[0,2,2,6,4,6,4,0],"width":331,"height":259}},"spotlight":{"spotlight":{"type":"mesh","uvs":[0,0,1,0,0,1,1,1],"triangles":[1,0,3,0,2,3],"vertices":[-104.03,149.39,103.17,149.39,-104.03,-33.81,103.17,-33.81],"hull":4,"edges":[0,2,2,6,4,6,4,0],"width":259,"height":229}},"left-gear":{"left-gear":{"type":"mesh","uvs":[0,0,1,0,0,1,1,1],"triangles":[1,0,3,0,2,3],"vertices":[-44.11,39.61,37.49,39.61,-44.11,-43.59,37.49,-43.59],"hull":4,"edges":[0,2,2,6,4,6,4,0],"width":204,"height":208}},"sparkle1":{"sparkle1":{"type":"mesh","uvs":[0,0,1,0,0,1,1,1],"triangles":[1,0,3,0,2,3],"vertices":[-37.23,37.85,36.57,37.85,-37.23,-35.95,36.57,-35.95],"hull":4,"edges":[0,2,2,6,4,6,4,0],"width":369,"height":369}},"sparkle2":{"sparkle2":{"type":"mesh","uvs":[0,0,1,0,0,1,1,1],"triangles":[1,0,3,0,2,3],"vertices":[-23.72,23.23,22.08,23.23,-23.72,-22.77,22.08,-22.77],"hull":4,"edges":[0,2,2,6,4,6,4,0],"width":229,"height":230}},"spotlight1":{"spotlight":{"type":"mesh","uvs":[0,0,1,0,0,1,1,1],"triangles":[1,0,3,0,2,3],"vertices":[-70.88,120.08,70.01,120.08,-70.88,-4.5,70.01,-4.5],"hull":4,"edges":[0,2,2,6,4,6,4,0],"width":259,"height":229}},"right-gear":{"right-gear":{"type":"mesh","uvs":[0,0,1,0,0,1,1,1],"triangles":[1,0,3,0,2,3],"vertices":[-28.22,32.72,37.38,32.72,-28.22,-35.48,37.38,-35.48],"hull":4,"edges":[0,2,2,6,4,6,4,0],"width":328,"height":341}},"Middle-gear":{"Middle-gear":{"type":"mesh","uvs":[0,0,1,0,0,1,1,1],"triangles":[1,0,3,0,2,3],"vertices":[-62.39,77.71,78.41,77.71,-62.39,-82.29,78.41,-82.29],"hull":4,"edges":[0,2,2,6,4,6,4,0],"width":176,"height":200}},"JACKPOT-001 1":{"JACKPOT-001 1":{"type":"mesh","uvs":[0,0,1,0,0,1,1,1],"triangles":[1,0,3,0,2,3],"vertices":[-176.02,63.21,169.58,63.21,-176.02,-62.39,169.58,-62.39],"hull":4,"edges":[0,2,2,6,4,6,4,0],"width":864,"height":314}},"Layer 10":{"Layer 10":{"scaleX":4,"scaleY":4,"width":124,"height":125}},"Layer 11":{"Layer 11":{"scaleX":4,"scaleY":4,"width":124,"height":125}},"Layer 12":{"Layer 12":{"scaleX":4,"scaleY":4,"width":124,"height":125}},"Layer 13":{"Layer 13":{"scaleX":4,"scaleY":4,"width":124,"height":125}},"Layer 14":{"Layer 14":{"scaleX":4,"scaleY":4,"width":124,"height":125}},"Layer 15":{"Layer 15":{"scaleX":4,"scaleY":4,"width":124,"height":125}},"Layer 16":{"Layer 16":{"scaleX":4,"scaleY":4,"width":124,"height":125}},"Layer 17":{"Layer 17":{"scaleX":4,"scaleY":4,"width":124,"height":125}},"cover":{"cover":{"type":"mesh","uvs":[0.19156,0.3479,0.19814,0.63175,0.25892,0.62618,0.36985,0.56313,0.52106,0.53344,0.66158,0.56592,0.68213,0.56406,0.79553,0.4258,0.79447,0.39523,0.74949,0.27777,0.65583,0.27558,0.40027,0.23382,0.26936,0.19495,0.56709,0.44528,0.60326,0.449,0.59915,0.40451,0.71173,0.42028,0.55887,0.39987,0.44055,0.38409,0.33948,0.37482,0.28605,0.46663,0.24741,0.53994,0.77868,0.34756],"triangles":[4,3,5,3,2,5,5,2,6,11,10,9,12,11,9,8,16,7,16,6,7,22,16,8,9,16,22,10,16,9,14,5,6,10,15,16,15,14,16,14,6,16,17,15,10,14,4,5,11,17,10,11,18,17,15,13,14,13,4,14,17,13,15,17,18,13,18,4,13,18,3,4,19,20,3,11,19,18,19,3,18,12,19,11,20,21,3,21,2,3,0,20,19,12,0,19,0,21,20,21,1,2,0,1,21],"vertices":[-133.86,50.65,-131.14,-53.35,-106,-51.31,-60.12,-28.21,2.42,-17.33,60.54,-29.23,69.04,-28.55,115.94,22.11,115.5,33.31,96.9,76.35,58.16,77.15,-47.54,92.45,-101.67,106.69,21.46,14.97,36.42,13.61,34.72,29.91,81.28,24.13,18.06,31.61,-30.88,37.39,-72.68,40.79,-94.78,7.15,-110.76,-19.71,108.97,50.77],"hull":9,"edges":[0,2,2,4,4,12,12,14,14,16,16,44,18,24,18,44,24,0],"width":517,"height":458}}}}],"animations":{"animtion0":{"slots":{"sparkle1":{"color":[{"color":"ffffffff","curve":"stepped"},{"time":0.7917,"color":"ffffff00"},{"time":1.1667,"color":"ffffffff"},{"time":2.5,"color":"ffffff00"}],"attachment":[{"name":null},{"time":0.7917,"name":"sparkle1"}]},"Layer 14":{"attachment":[{"name":null},{"time":0.5417,"name":"Layer 14"},{"time":0.5833,"name":null},{"time":2.3333,"name":"Layer 14"},{"time":2.375,"name":null}]},"Layer 15":{"attachment":[{"name":null},{"time":0.5833,"name":"Layer 15"},{"time":0.625,"name":null},{"time":2.375,"name":"Layer 15"},{"time":2.4167,"name":null}]},"spotlight":{"color":[{"color":"ffffffff","curve":"stepped"},{"time":0.4583,"color":"ffffff00"},{"time":0.75,"color":"ffffffff","curve":"stepped"},{"time":2.1667,"color":"ffffffff"},{"time":2.5,"color":"ffffff00"}],"attachment":[{"name":null},{"time":0.4583,"name":"spotlight"}]},"Layer 8":{"attachment":[{"name":null},{"time":0.2917,"name":"Layer 8"},{"time":0.3333,"name":null},{"time":2.0833,"name":"Layer 8"},{"time":2.125,"name":null}]},"Layer 13":{"attachment":[{"name":null},{"time":0.5,"name":"Layer 13"},{"time":0.5417,"name":null},{"time":2.2917,"name":"Layer 13"},{"time":2.3333,"name":null}]},"Layer 2":{"attachment":[{"name":null},{"time":0.0417,"name":"Layer 2"},{"time":0.0833,"name":null},{"time":1.8333,"name":"Layer 2"},{"time":1.875,"name":null}]},"Layer 9":{"attachment":[{"name":null},{"time":0.3333,"name":"Layer 9"},{"time":0.375,"name":null},{"time":2.125,"name":"Layer 9"},{"time":2.1667,"name":null}]},"right-gear":{"attachment":[{"name":null},{"time":0.5833,"name":"right-gear"}]},"Layer 4":{"attachment":[{"name":null},{"time":0.125,"name":"Layer 4"},{"time":0.1667,"name":null},{"time":1.9167,"name":"Layer 4"},{"time":1.9583,"name":null}]},"Layer 3":{"attachment":[{"name":null},{"time":0.0833,"name":"Layer 3"},{"time":0.125,"name":null},{"time":1.875,"name":"Layer 3"},{"time":1.9167,"name":null}]},"Layer 12":{"attachment":[{"name":null},{"time":0.4583,"name":"Layer 12"},{"time":0.5,"name":null},{"time":2.25,"name":"Layer 12"},{"time":2.2917,"name":null}]},"spotlight1":{"color":[{"color":"ffffffff","curve":"stepped"},{"time":0.4583,"color":"ffffff00"},{"time":0.75,"color":"ffffffff","curve":"stepped"},{"time":2.1667,"color":"ffffffff"},{"time":2.5,"color":"ffffff00"}],"attachment":[{"name":null},{"time":0.4583,"name":"spotlight"}]},"Layer 6":{"attachment":[{"name":null},{"time":0.2083,"name":"Layer 6"},{"time":0.25,"name":null},{"time":2,"name":"Layer 6"},{"time":2.0417,"name":null}]},"Layer 7":{"attachment":[{"name":null},{"time":0.25,"name":"Layer 7"},{"time":0.2917,"name":null},{"time":2.0417,"name":"Layer 7"},{"time":2.0833,"name":null}]},"JACKPOT-001 1":{"attachment":[{"name":null},{"time":0.8333,"name":"JACKPOT-001 1"}]},"Layer 11":{"attachment":[{"name":null},{"time":0.4167,"name":"Layer 11"},{"time":0.4583,"name":null},{"time":2.2083,"name":"Layer 11"},{"time":2.25,"name":null}]},"Middle-gear":{"attachment":[{"name":null},{"time":0.4583,"name":"Middle-gear"}]},"Layer 5":{"attachment":[{"name":null},{"time":0.1667,"name":"Layer 5"},{"time":0.2083,"name":null},{"time":1.9583,"name":"Layer 5"},{"time":2,"name":null}]},"Layer 16":{"attachment":[{"name":null},{"time":0.625,"name":"Layer 16"},{"time":0.6667,"name":null},{"time":2.4167,"name":"Layer 16"},{"time":2.4583,"name":null}]},"sparkle2":{"color":[{"color":"ffffffff","curve":"stepped"},{"time":1.1667,"color":"ffffff00"},{"time":1.375,"color":"ffffffff"},{"time":2.5,"color":"ffffff00"}],"attachment":[{"name":null},{"time":1.1667,"name":"sparkle2"}]},"Layer 1":{"attachment":[{"time":0.0417,"name":null},{"time":1.7917,"name":"Layer 1"},{"time":1.8333,"name":null}]},"left-gear":{"attachment":[{"name":null},{"time":0.5833,"name":"left-gear"}]},"Layer 10":{"attachment":[{"name":null},{"time":0.375,"name":"Layer 10"},{"time":0.4167,"name":null},{"time":2.1667,"name":"Layer 10"},{"time":2.2083,"name":null}]},"Layer 17":{"attachment":[{"name":null},{"time":0.6667,"name":"Layer 17"},{"time":0.7083,"name":null},{"time":2.4583,"name":"Layer 17"},{"time":2.5,"name":null}]}},"bones":{"Spotlight":{"rotate":[{"time":0.4583},{"time":0.75,"angle":-22},{"time":2.5}],"scale":[{},{"time":0.4583,"x":0.49,"y":0.49},{"time":0.75}]},"Middle_gear":{"rotate":[{},{"time":0.4583,"angle":33,"curve":0.5,"c3":0.5},{"time":1.0417}],"translate":[{},{"time":0.4583,"y":-157.39,"curve":0.5,"c3":0.5},{"time":1.0417}],"scale":[{},{"time":0.4583,"x":0.39,"y":0.39,"curve":0.5,"c3":0.5},{"time":1.0417}]},"JACKPOT":{"scale":[{},{"time":0.8333,"x":0.18,"y":0.18},{"time":0.9167},{"time":1.0417,"x":1.27,"y":1.27},{"time":1.125,"x":0.94,"y":0.94},{"time":1.25}]},"Left_gear":{"translate":[{},{"time":0.5833,"x":76.95,"y":-93.01},{"time":0.9167}],"scale":[{},{"time":0.5833,"x":0.46,"y":0.46},{"time":0.9167}]},"Right_gear":{"rotate":[{},{"time":0.5833,"angle":-39},{"time":0.9167}],"translate":[{},{"time":0.5833,"x":-40.75,"y":-55.08},{"time":0.9167}],"scale":[{},{"time":0.5833,"x":0.33,"y":0.33},{"time":0.9167}]},"Sparkle2":{"rotate":[{"time":1.375},{"time":2.5,"angle":-51}],"scale":[{"time":1.375},{"time":1.9583,"x":0.66,"y":0.66},{"time":2.5}]},"Sparkle1":{"rotate":[{"time":1.1667},{"time":2.5,"angle":89}],"scale":[{},{"time":0.7917,"x":0.62,"y":0.62},{"time":1.0833,"x":1.45,"y":1.45},{"time":1.1667,"x":1.29,"y":1.29},{"time":1.625,"x":1.01,"y":1.01},{"time":2.5,"x":1.29,"y":1.29}]},"Spotlight1":{"rotate":[{"time":0.4583},{"time":0.75,"angle":22},{"time":2.5}],"scale":[{},{"time":0.4583,"x":0.49,"y":0.49},{"time":0.75}]},"box":{"translate":[{},{"time":0.2917,"y":-5.9,"curve":0,"c3":0.5},{"time":0.5833,"y":35.52},{"time":0.7917}],"scale":[{},{"time":0.2917,"y":0.92,"curve":0,"c4":1.93},{"time":0.5833}]},"Cover":{"translate":[{},{"time":0.2917,"y":-11.47,"curve":0,"c3":0.5},{"time":0.5833,"y":35.52},{"time":0.7917}]}},"deform":{"default":{"cover":{"cover":[{},{"time":0.5,"offset":1,"vertices":[-6.68,0,0,0,0,0,0,0,0,0,0,1.0E-5,0,0,-13.6,1.0E-5,-13.6,0,-8.82,-0.36,-8.88,0,-11.04,1.0E-5,-12.19999,0,-13.6,0,-13.6,0,-13.6,0,-13.6,0,-13.6,0,-13.6,1.0E-5,-13.6,0,-10.62,1.0E-5,-7.28,1.0E-5,-7.27999]},{"time":0.7083,"offset":1,"vertices":[-23.62,0,0,0,0,0,0,0,0,0,0,1.0E-5,0,0,19.94,1.0E-5,19.94,-1.5,0,0,0,0,0,1.0E-5,-4.53999,0,19.94,0,19.94,0,19.94,0,19.94,0,19.94,0,19.94,1.0E-5,19.94,3.24,16.9,2.54001,12.54,-2.89999,13.52]},{"time":0.9167}]},"box":{"box":[{},{"time":0.2917,"offset":4,"vertices":[10.72,1.0E-5,-15.01999]},{"time":0.7917}]}}}}}}