{"skeleton":{"width":174.27,"height":1161.28,"fps":24,"hash":" ","name":"Armature"},"bones":[{"name":"root"},{"x":-1626.5688,"y":-430.7467,"name":"Impact_Combine","parent":"root"},{"x":-1597.7478,"y":-1063.3557,"name":"Moving_Spark_1","parent":"root"},{"x":-1601.3924,"y":-885.1096,"rotation":-180,"name":"Moving_Spark_2","parent":"root"},{"x":-1647.0166,"y":-27.0754,"name":"Downward_Spark1","parent":"root"},{"x":-1647.0166,"y":-27.0754,"name":"Downward_Spark11","parent":"root"},{"x":14.0371,"y":-1.012,"name":"Impact_Spark","parent":"Impact_Combine"},{"x":12.8999,"y":-224.5529,"name":"Downward_Spark","parent":"Impact_Combine"}],"slots":[{"name":"I_91","bone":"Impact_Spark","attachment":"I_9"},{"name":"I_81","bone":"Impact_Spark","attachment":"I_8"},{"name":"I_71","bone":"Impact_Spark","attachment":"I_7"},{"name":"I_61","bone":"Impact_Spark","attachment":"I_6"},{"name":"I_51","bone":"Impact_Spark","attachment":"I_5"},{"name":"I_41","bone":"Impact_Spark","attachment":"I_4"},{"name":"I_31","bone":"Impact_Spark","attachment":"I_3"},{"name":"I_21","bone":"Impact_Spark","attachment":"I_2"},{"name":"I_101","bone":"Impact_Spark","attachment":"I_10"},{"name":"I_11","bone":"Impact_Spark","attachment":"I_1"},{"name":"DWNS_110","bone":"Downward_Spark","attachment":"DWNS_1"},{"name":"DWNS_101","bone":"Downward_Spark","attachment":"DWNS_10"},{"name":"DWNS_111","bone":"Downward_Spark","attachment":"DWNS_11"},{"name":"DWNS_121","bone":"Downward_Spark","attachment":"DWNS_12"},{"name":"DWNS_131","bone":"Downward_Spark","attachment":"DWNS_13"},{"name":"DWNS_141","bone":"Downward_Spark","attachment":"DWNS_14"},{"name":"DWNS_151","bone":"Downward_Spark","attachment":"DWNS_15"},{"name":"DWNS_161","bone":"Downward_Spark","attachment":"DWNS_16"},{"name":"DWNS_171","bone":"Downward_Spark","attachment":"DWNS_17"},{"name":"DWNS_181","bone":"Downward_Spark","attachment":"DWNS_18"},{"name":"DWNS_191","bone":"Downward_Spark","attachment":"DWNS_19"},{"name":"DWNS_21","bone":"Downward_Spark","attachment":"DWNS_2"},{"name":"DWNS_31","bone":"Downward_Spark","attachment":"DWNS_3"},{"name":"DWNS_41","bone":"Downward_Spark","attachment":"DWNS_4"},{"name":"DWNS_51","bone":"Downward_Spark","attachment":"DWNS_5"},{"name":"DWNS_61","bone":"Downward_Spark","attachment":"DWNS_6"},{"name":"DWNS_7_1","bone":"Downward_Spark","attachment":"DWNS_7"},{"name":"DWNS_81","bone":"Downward_Spark","attachment":"DWNS_8"},{"name":"DWNS_9_1","bone":"Downward_Spark","attachment":"DWNS_9"},{"name":"MS_91","bone":"Moving_Spark_1","attachment":"MS_9"},{"name":"MS_81","bone":"Moving_Spark_1","attachment":"MS_8"},{"name":"MS_71","bone":"Moving_Spark_1","attachment":"MS_7"},{"name":"MS_61","bone":"Moving_Spark_1","attachment":"MS_6"},{"name":"MS_51","bone":"Moving_Spark_1","attachment":"MS_5"},{"name":"MS_41","bone":"Moving_Spark_1","attachment":"MS_4"},{"name":"MS_31","bone":"Moving_Spark_1","attachment":"MS_3"},{"name":"MS_241","bone":"Moving_Spark_1","attachment":"MS_24"},{"name":"MS_231","bone":"Moving_Spark_1","attachment":"MS_23"},{"name":"MS_221","bone":"Moving_Spark_1","attachment":"MS_22"},{"name":"MS_211","bone":"Moving_Spark_1","attachment":"MS_21"},{"name":"MS_201","bone":"Moving_Spark_1","attachment":"MS_20"},{"name":"MS_25","bone":"Moving_Spark_1","attachment":"MS_2"},{"name":"MS_191","bone":"Moving_Spark_1","attachment":"MS_19"},{"name":"MS_181","bone":"Moving_Spark_1","attachment":"MS_18"},{"name":"MS_171","bone":"Moving_Spark_1","attachment":"MS_17"},{"name":"MS_161","bone":"Moving_Spark_1","attachment":"MS_16"},{"name":"MS_151","bone":"Moving_Spark_1","attachment":"MS_15"},{"name":"MS_141","bone":"Moving_Spark_1","attachment":"MS_14"},{"name":"MS_131","bone":"Moving_Spark_1","attachment":"MS_13"},{"name":"MS_121","bone":"Moving_Spark_1","attachment":"MS_12"},{"name":"MS_111","bone":"Moving_Spark_1","attachment":"MS_11"},{"name":"MS_101","bone":"Moving_Spark_1","attachment":"MS_10"},{"name":"MS_110","bone":"Moving_Spark_1","attachment":"MS_1"},{"name":"MS_911","bone":"Moving_Spark_2","attachment":"MS_9"},{"name":"MS_811","bone":"Moving_Spark_2","attachment":"MS_8"},{"name":"MS_711","bone":"Moving_Spark_2","attachment":"MS_7"},{"name":"MS_611","bone":"Moving_Spark_2","attachment":"MS_6"},{"name":"MS_511","bone":"Moving_Spark_2","attachment":"MS_5"},{"name":"MS_411","bone":"Moving_Spark_2","attachment":"MS_4"},{"name":"MS_311","bone":"Moving_Spark_2","attachment":"MS_3"},{"name":"MS_2411","bone":"Moving_Spark_2","attachment":"MS_24"},{"name":"MS_2311","bone":"Moving_Spark_2","attachment":"MS_23"},{"name":"MS_2211","bone":"Moving_Spark_2","attachment":"MS_22"},{"name":"MS_2111","bone":"Moving_Spark_2","attachment":"MS_21"},{"name":"MS_2011","bone":"Moving_Spark_2","attachment":"MS_20"},{"name":"MS_251","bone":"Moving_Spark_2","attachment":"MS_2"},{"name":"MS_1911","bone":"Moving_Spark_2","attachment":"MS_19"},{"name":"MS_1811","bone":"Moving_Spark_2","attachment":"MS_18"},{"name":"MS_1711","bone":"Moving_Spark_2","attachment":"MS_17"},{"name":"MS_1611","bone":"Moving_Spark_2","attachment":"MS_16"},{"name":"MS_1511","bone":"Moving_Spark_2","attachment":"MS_15"},{"name":"MS_1411","bone":"Moving_Spark_2","attachment":"MS_14"},{"name":"MS_1311","bone":"Moving_Spark_2","attachment":"MS_13"},{"name":"MS_1211","bone":"Moving_Spark_2","attachment":"MS_12"},{"name":"MS_1111","bone":"Moving_Spark_2","attachment":"MS_11"},{"name":"MS_1011","bone":"Moving_Spark_2","attachment":"MS_10"},{"name":"MS_1101","bone":"Moving_Spark_2","attachment":"MS_1"},{"name":"DWNS_1101","bone":"Downward_Spark1","attachment":"DWNS_1"},{"name":"DWNS_1011","bone":"Downward_Spark1","attachment":"DWNS_10"},{"name":"DWNS_1111","bone":"Downward_Spark1","attachment":"DWNS_11"},{"name":"DWNS_1211","bone":"Downward_Spark1","attachment":"DWNS_12"},{"name":"DWNS_1311","bone":"Downward_Spark1","attachment":"DWNS_13"},{"name":"DWNS_1411","bone":"Downward_Spark1","attachment":"DWNS_14"},{"name":"DWNS_1511","bone":"Downward_Spark1","attachment":"DWNS_15"},{"name":"DWNS_1611","bone":"Downward_Spark1","attachment":"DWNS_16"},{"name":"DWNS_1711","bone":"Downward_Spark1","attachment":"DWNS_17"},{"name":"DWNS_1811","bone":"Downward_Spark1","attachment":"DWNS_18"},{"name":"DWNS_1911","bone":"Downward_Spark1","attachment":"DWNS_19"},{"name":"DWNS_211","bone":"Downward_Spark1","attachment":"DWNS_2"},{"name":"DWNS_311","bone":"Downward_Spark1","attachment":"DWNS_3"},{"name":"DWNS_411","bone":"Downward_Spark1","attachment":"DWNS_4"},{"name":"DWNS_511","bone":"Downward_Spark1","attachment":"DWNS_5"},{"name":"DWNS_611","bone":"Downward_Spark1","attachment":"DWNS_6"},{"name":"DWNS_7_11","bone":"Downward_Spark1","attachment":"DWNS_7"},{"name":"DWNS_811","bone":"Downward_Spark1","attachment":"DWNS_8"},{"name":"DWNS_9_11","bone":"Downward_Spark1","attachment":"DWNS_9"},{"name":"DWNS_11011","bone":"Downward_Spark11","attachment":"DWNS_1"},{"name":"DWNS_10111","bone":"Downward_Spark11","attachment":"DWNS_10"},{"name":"DWNS_11111","bone":"Downward_Spark11","attachment":"DWNS_11"},{"name":"DWNS_12111","bone":"Downward_Spark11","attachment":"DWNS_12"},{"name":"DWNS_13111","bone":"Downward_Spark11","attachment":"DWNS_13"},{"name":"DWNS_14111","bone":"Downward_Spark11","attachment":"DWNS_14"},{"name":"DWNS_15111","bone":"Downward_Spark11","attachment":"DWNS_15"},{"name":"DWNS_16111","bone":"Downward_Spark11","attachment":"DWNS_16"},{"name":"DWNS_17111","bone":"Downward_Spark11","attachment":"DWNS_17"},{"name":"DWNS_18111","bone":"Downward_Spark11","attachment":"DWNS_18"},{"name":"DWNS_19111","bone":"Downward_Spark11","attachment":"DWNS_19"},{"name":"DWNS_2111","bone":"Downward_Spark11","attachment":"DWNS_2"},{"name":"DWNS_3111","bone":"Downward_Spark11","attachment":"DWNS_3"},{"name":"DWNS_4111","bone":"Downward_Spark11","attachment":"DWNS_4"},{"name":"DWNS_5111","bone":"Downward_Spark11","attachment":"DWNS_5"},{"name":"DWNS_6111","bone":"Downward_Spark11","attachment":"DWNS_6"},{"name":"DWNS_7_111","bone":"Downward_Spark11","attachment":"DWNS_7"},{"name":"DWNS_8111","bone":"Downward_Spark11","attachment":"DWNS_8"},{"name":"DWNS_9_111","bone":"Downward_Spark11","attachment":"DWNS_9"}],"skins":{"default":{"I_91":{"I_9":{"name":"I_9","width":125,"height":125,"hull":4,"triangles":[1,0,3,0,2,3],"uvs":[0,0,1,0,0,1,1,1],"edges":[0,2,2,6,4,6,4,0],"vertices":[-250,250,250,250,-250,-250,250,-250],"type":"mesh"}},"MS_1011":{"MS_10":{"name":"MS_10","width":125,"height":125,"hull":4,"triangles":[1,0,3,0,2,3],"uvs":[0,0,1,0,0,1,1,1],"edges":[0,2,2,6,4,6,4,0],"vertices":[-250,250,250,250,-250,-250,250,-250],"type":"mesh"}},"MS_31":{"MS_3":{"name":"MS_3","width":125,"height":125,"hull":4,"triangles":[1,0,3,0,2,3],"uvs":[0,0,1,0,0,1,1,1],"edges":[0,2,2,6,4,6,4,0],"vertices":[-250,250,250,250,-250,-250,250,-250],"type":"mesh"}},"DWNS_1311":{"DWNS_13":{"name":"DWNS_13","width":125,"height":125,"hull":4,"triangles":[1,0,3,0,2,3],"uvs":[0,0,1,0,0,1,1,1],"edges":[0,2,2,6,4,6,4,0],"vertices":[-250,250,250,250,-250,-250,250,-250],"type":"mesh"}},"MS_121":{"MS_12":{"name":"MS_12","width":125,"height":125,"hull":4,"triangles":[1,0,3,0,2,3],"uvs":[0,0,1,0,0,1,1,1],"edges":[0,2,2,6,4,6,4,0],"vertices":[-250,250,250,250,-250,-250,250,-250],"type":"mesh"}},"DWNS_1211":{"DWNS_12":{"name":"DWNS_12","width":125,"height":125,"hull":4,"triangles":[1,0,3,0,2,3],"uvs":[0,0,1,0,0,1,1,1],"edges":[0,2,2,6,4,6,4,0],"vertices":[-250,250,250,250,-250,-250,250,-250],"type":"mesh"}},"MS_2111":{"MS_21":{"name":"MS_21","width":125,"height":125,"hull":4,"triangles":[1,0,3,0,2,3],"uvs":[0,0,1,0,0,1,1,1],"edges":[0,2,2,6,4,6,4,0],"vertices":[-250,250,250,250,-250,-250,250,-250],"type":"mesh"}},"DWNS_18111":{"DWNS_18":{"name":"DWNS_18","width":125,"height":125,"hull":4,"triangles":[1,0,3,0,2,3],"uvs":[0,0,1,0,0,1,1,1],"edges":[0,2,2,6,4,6,4,0],"vertices":[-250,250,250,250,-250,-250,250,-250],"type":"mesh"}},"DWNS_110":{"DWNS_1":{"name":"DWNS_1","width":125,"height":125,"hull":4,"triangles":[1,0,3,0,2,3],"uvs":[-0.0032,-1.504,0.7024,-1.504,-0.0032,-0.50761,0.7024,-0.50761],"edges":[0,2,2,6,4,6,4,0],"vertices":[-62.9,250.5,25.3,250.5,-62.9,125.95,25.3,125.95],"type":"mesh"}},"I_81":{"I_8":{"name":"I_8","width":125,"height":125,"hull":4,"triangles":[1,0,3,0,2,3],"uvs":[0,0,1,0,0,1,1,1],"edges":[0,2,2,6,4,6,4,0],"vertices":[-250,250,250,250,-250,-250,250,-250],"type":"mesh"}},"MS_1101":{"MS_1":{"name":"MS_1","width":125,"height":125,"hull":4,"triangles":[1,0,3,0,2,3],"uvs":[0,0,1,0,0,1,1,1],"edges":[0,2,2,6,4,6,4,0],"vertices":[-250,250,250,250,-250,-250,250,-250],"type":"mesh"}},"I_61":{"I_6":{"name":"I_6","width":125,"height":125,"hull":4,"triangles":[1,0,3,0,2,3],"uvs":[0,0,1,0,0,1,1,1],"edges":[0,2,2,6,4,6,4,0],"vertices":[-250,250,250,250,-250,-250,250,-250],"type":"mesh"}},"MS_2211":{"MS_22":{"name":"MS_22","width":125,"height":125,"hull":4,"triangles":[1,0,3,0,2,3],"uvs":[0,0,1,0,0,1,1,1],"edges":[0,2,2,6,4,6,4,0],"vertices":[-250,250,250,250,-250,-250,250,-250],"type":"mesh"}},"DWNS_1101":{"DWNS_1":{"name":"DWNS_1","width":125,"height":125,"hull":4,"triangles":[1,0,3,0,2,3],"uvs":[0,0,1,0,0,1,1,1],"edges":[0,2,2,6,4,6,4,0],"vertices":[-250,250,250,250,-250,-250,250,-250],"type":"mesh"}},"MS_111":{"MS_11":{"name":"MS_11","width":125,"height":125,"hull":4,"triangles":[1,0,3,0,2,3],"uvs":[0,0,1,0,0,1,1,1],"edges":[0,2,2,6,4,6,4,0],"vertices":[-250,250,250,250,-250,-250,250,-250],"type":"mesh"}},"DWNS_211":{"DWNS_2":{"name":"DWNS_2","width":125,"height":125,"hull":4,"triangles":[1,0,3,0,2,3],"uvs":[0,0,1,0,0,1,1,1],"edges":[0,2,2,6,4,6,4,0],"vertices":[-250,250,250,250,-250,-250,250,-250],"type":"mesh"}},"DWNS_51":{"DWNS_5":{"name":"DWNS_5","width":125,"height":125,"hull":4,"triangles":[1,0,3,0,2,3],"uvs":[-0.5432,-1.504,1.2984,-1.504,-0.5432,0.22998,1.2984,0.22998],"edges":[0,2,2,6,4,6,4,0],"vertices":[-130.4,250.5,99.8,250.5,-130.4,33.75,99.8,33.75],"type":"mesh"}},"MS_2011":{"MS_20":{"name":"MS_20","width":125,"height":125,"hull":4,"triangles":[1,0,3,0,2,3],"uvs":[0,0,1,0,0,1,1,1],"edges":[0,2,2,6,4,6,4,0],"vertices":[-250,250,250,250,-250,-250,250,-250],"type":"mesh"}},"DWNS_511":{"DWNS_5":{"name":"DWNS_5","width":125,"height":125,"hull":4,"triangles":[1,0,3,0,2,3],"uvs":[0,0,1,0,0,1,1,1],"edges":[0,2,2,6,4,6,4,0],"vertices":[-250,250,250,250,-250,-250,250,-250],"type":"mesh"}},"MS_131":{"MS_13":{"name":"MS_13","width":125,"height":125,"hull":4,"triangles":[1,0,3,0,2,3],"uvs":[0,0,1,0,0,1,1,1],"edges":[0,2,2,6,4,6,4,0],"vertices":[-250,250,250,250,-250,-250,250,-250],"type":"mesh"}},"DWNS_1011":{"DWNS_10":{"name":"DWNS_10","width":125,"height":125,"hull":4,"triangles":[1,0,3,0,2,3],"uvs":[0,0,1,0,0,1,1,1],"edges":[0,2,2,6,4,6,4,0],"vertices":[-250,246.66,250,246.66,-250,-253.34,250,-253.34],"type":"mesh"}},"DWNS_411":{"DWNS_4":{"name":"DWNS_4","width":125,"height":125,"hull":4,"triangles":[1,0,3,0,2,3],"uvs":[0,0,1,0,0,1,1,1],"edges":[0,2,2,6,4,6,4,0],"vertices":[-250,250,250,250,-250,-250,250,-250],"type":"mesh"}},"MS_241":{"MS_24":{"name":"MS_24","width":125,"height":125,"hull":4,"triangles":[1,0,3,0,2,3],"uvs":[0,0,1,0,0,1,1,1],"edges":[0,2,2,6,4,6,4,0],"vertices":[-250,250,250,250,-250,-250,250,-250],"type":"mesh"}},"MS_231":{"MS_23":{"name":"MS_23","width":125,"height":125,"hull":4,"triangles":[1,0,3,0,2,3],"uvs":[0,0,1,0,0,1,1,1],"edges":[0,2,2,6,4,6,4,0],"vertices":[-250,250,250,250,-250,-250,250,-250],"type":"mesh"}},"MS_711":{"MS_7":{"name":"MS_7","width":125,"height":125,"hull":4,"triangles":[1,0,3,0,2,3],"uvs":[0,0,1,0,0,1,1,1],"edges":[0,2,2,6,4,6,4,0],"vertices":[-250,250,250,250,-250,-250,250,-250],"type":"mesh"}},"DWNS_31":{"DWNS_3":{"name":"DWNS_3","width":125,"height":125,"hull":4,"triangles":[1,0,3,0,2,3],"uvs":[-0.3008,-1.49518,0.9932,-1.504,-0.3008,-0.15198,0.9932,-0.1608],"edges":[0,2,2,6,4,6,4,0],"vertices":[-100.1,249.4,61.65,250.5,-100.1,81.5,61.65,82.6],"type":"mesh"}},"DWNS_161":{"DWNS_16":{"name":"DWNS_16","width":125,"height":125,"hull":4,"triangles":[1,0,3,0,2,3],"uvs":[-0.2372,0.19679,1.2376,0.19679,-0.2372,1.63599,1.2376,1.63599],"edges":[0,2,2,6,4,6,4,0],"vertices":[-92.15,37.9,92.2,37.9,-92.15,-142,92.2,-142],"type":"mesh"}},"DWNS_19111":{"DWNS_19":{"name":"DWNS_19","width":125,"height":125,"hull":4,"triangles":[1,0,3,0,2,3],"uvs":[0,0,1,0,0,1,1,1],"edges":[0,2,2,6,4,6,4,0],"vertices":[-250,250,250,250,-250,-250,250,-250],"type":"mesh"}},"I_41":{"I_4":{"name":"I_4","width":125,"height":125,"hull":4,"triangles":[1,0,3,0,2,3],"uvs":[0,0,1,0,0,1,1,1],"edges":[0,2,2,6,4,6,4,0],"vertices":[-250,250,250,250,-250,-250,250,-250],"type":"mesh"}},"I_51":{"I_5":{"name":"I_5","width":125,"height":125,"hull":4,"triangles":[1,0,3,0,2,3],"uvs":[0,0,1,0,0,1,1,1],"edges":[0,2,2,6,4,6,4,0],"vertices":[-250,250,250,250,-250,-250,250,-250],"type":"mesh"}},"DWNS_1111":{"DWNS_11":{"name":"DWNS_11","width":125,"height":125,"hull":4,"triangles":[1,0,3,0,2,3],"uvs":[0,0,1,0,0,1,1,1],"edges":[0,2,2,6,4,6,4,0],"vertices":[-250,250,250,250,-250,-250,250,-250],"type":"mesh"}},"DWNS_171":{"DWNS_17":{"name":"DWNS_17","width":125,"height":125,"hull":4,"triangles":[0,2,1,1,2,3],"uvs":[-0.1508,0.50762,1.1592,0.50762,-0.142,1.72761,1.168,1.72761],"edges":[0,2,2,6,4,6,4,0],"vertices":[-81.35,-0.95,82.4,-0.95,-80.25,-153.45,83.5,-153.45],"type":"mesh"}},"I_31":{"I_3":{"name":"I_3","width":125,"height":125,"hull":4,"triangles":[1,0,3,0,2,3],"uvs":[0,0,1,0,0,1,1,1],"edges":[0,2,2,6,4,6,4,0],"vertices":[-250,250,250,250,-250,-250,250,-250],"type":"mesh"}},"MS_101":{"MS_10":{"name":"MS_10","width":125,"height":125,"hull":4,"triangles":[1,0,3,0,2,3],"uvs":[0,0,1,0,0,1,1,1],"edges":[0,2,2,6,4,6,4,0],"vertices":[-250,250,250,250,-250,-250,250,-250],"type":"mesh"}},"DWNS_191":{"DWNS_19":{"name":"DWNS_19","width":125,"height":125,"hull":4,"triangles":[1,0,3,0,2,3],"uvs":[0.4316,0.76761,0.8556,0.76761,0.4316,1.44521,0.8556,1.44521],"edges":[0,2,2,6,4,6,4,0],"vertices":[-8.55,-33.45,44.45,-33.45,-8.55,-118.15,44.45,-118.15],"type":"mesh"}},"MS_251":{"MS_2":{"name":"MS_2","width":125,"height":125,"hull":4,"triangles":[1,0,3,0,2,3],"uvs":[0,0,1,0,0,1,1,1],"edges":[0,2,2,6,4,6,4,0],"vertices":[-250,250,250,250,-250,-250,250,-250],"type":"mesh"}},"MS_110":{"MS_1":{"name":"MS_1","width":125,"height":125,"hull":4,"triangles":[1,0,3,0,2,3],"uvs":[0,0,1,0,0,1,1,1],"edges":[0,2,2,6,4,6,4,0],"vertices":[-250,250,250,250,-250,-250,250,-250],"type":"mesh"}},"DWNS_811":{"DWNS_8":{"name":"DWNS_8","width":125,"height":125,"hull":4,"triangles":[1,0,3,0,2,3],"uvs":[0,0,1,0,0,1,1,1],"edges":[0,2,2,6,4,6,4,0],"vertices":[-250,250,250,250,-250,-250,250,-250],"type":"mesh"}},"I_21":{"I_2":{"name":"I_2","width":125,"height":125,"hull":4,"triangles":[1,0,3,0,2,3],"uvs":[0,0,1,0,0,1,1,1],"edges":[0,2,2,6,4,6,4,0],"vertices":[-250,250,250,250,-250,-250,250,-250],"type":"mesh"}},"DWNS_7_11":{"DWNS_7":{"name":"DWNS_7","width":125,"height":125,"hull":4,"triangles":[1,0,3,0,2,3],"uvs":[0,0,1,0,0,1,1,1],"edges":[0,2,2,6,4,6,4,0],"vertices":[-250,250,250,250,-250,-250,250,-250],"type":"mesh"}},"DWNS_7_111":{"DWNS_7":{"name":"DWNS_7","width":125,"height":125,"hull":4,"triangles":[1,0,3,0,2,3],"uvs":[0,0,1,0,0,1,1,1],"edges":[0,2,2,6,4,6,4,0],"vertices":[-250,250,250,250,-250,-250,250,-250],"type":"mesh"}},"DWNS_181":{"DWNS_18":{"name":"DWNS_18","width":125,"height":125,"hull":4,"triangles":[1,0,3,0,2,3],"uvs":[0.3616,0.46401,0.8644,0.46401,0.3616,1.30601,0.8644,1.30601],"edges":[0,2,2,6,4,6,4,0],"vertices":[-17.3,4.5,45.55,4.5,-17.3,-100.75,45.55,-100.75],"type":"mesh"}},"MS_1811":{"MS_18":{"name":"MS_18","width":125,"height":125,"hull":4,"triangles":[1,0,3,0,2,3],"uvs":[0,0,1,0,0,1,1,1],"edges":[0,2,2,6,4,6,4,0],"vertices":[-250,250,250,250,-250,-250,250,-250],"type":"mesh"}},"MS_1911":{"MS_19":{"name":"MS_19","width":125,"height":125,"hull":4,"triangles":[1,0,3,0,2,3],"uvs":[0,0,1,0,0,1,1,1],"edges":[0,2,2,6,4,6,4,0],"vertices":[-250,250,250,250,-250,-250,250,-250],"type":"mesh"}},"DWNS_21":{"DWNS_2":{"name":"DWNS_2","width":125,"height":125,"hull":4,"triangles":[1,0,3,0,2,3],"uvs":[-0.2616,-1.504,0.8948,-1.504,-0.2616,-0.38601,0.8948,-0.38601],"edges":[0,2,2,6,4,6,4,0],"vertices":[-95.2,250.5,49.35,250.5,-95.2,110.75,49.35,110.75],"type":"mesh"}},"MS_211":{"MS_21":{"name":"MS_21","width":125,"height":125,"hull":4,"triangles":[1,0,3,0,2,3],"uvs":[0,0,1,0,0,1,1,1],"edges":[0,2,2,6,4,6,4,0],"vertices":[-250,250,250,250,-250,-250,250,-250],"type":"mesh"}},"MS_1711":{"MS_17":{"name":"MS_17","width":125,"height":125,"hull":4,"triangles":[1,0,3,0,2,3],"uvs":[0,0,1,0,0,1,1,1],"edges":[0,2,2,6,4,6,4,0],"vertices":[-250,250,250,250,-250,-250,250,-250],"type":"mesh"}},"MS_221":{"MS_22":{"name":"MS_22","width":125,"height":125,"hull":4,"triangles":[1,0,3,0,2,3],"uvs":[0,0,1,0,0,1,1,1],"edges":[0,2,2,6,4,6,4,0],"vertices":[-250,250,250,250,-250,-250,250,-250],"type":"mesh"}},"DWNS_5111":{"DWNS_5":{"name":"DWNS_5","width":125,"height":125,"hull":4,"triangles":[1,0,3,0,2,3],"uvs":[0,0,1,0,0,1,1,1],"edges":[0,2,2,6,4,6,4,0],"vertices":[-250,250,250,250,-250,-250,250,-250],"type":"mesh"}},"DWNS_611":{"DWNS_6":{"name":"DWNS_6","width":125,"height":125,"hull":4,"triangles":[1,0,3,0,2,3],"uvs":[0,0,1,0,0,1,1,1],"edges":[0,2,2,6,4,6,4,0],"vertices":[-250,250,250,250,-250,-250,250,-250],"type":"mesh"}},"DWNS_3111":{"DWNS_3":{"name":"DWNS_3","width":125,"height":125,"hull":4,"triangles":[1,0,3,0,2,3],"uvs":[0,0,1,0,0,1,1,1],"edges":[0,2,2,6,4,6,4,0],"vertices":[-250,250,250,250,-250,-250,250,-250],"type":"mesh"}},"MS_811":{"MS_8":{"name":"MS_8","width":125,"height":125,"hull":4,"triangles":[1,0,3,0,2,3],"uvs":[0,0,1,0,0,1,1,1],"edges":[0,2,2,6,4,6,4,0],"vertices":[-250,250,250,250,-250,-250,250,-250],"type":"mesh"}},"I_101":{"I_10":{"name":"I_10","width":125,"height":125,"hull":4,"triangles":[1,0,3,0,2,3],"uvs":[0,0,1,0,0,1,1,1],"edges":[0,2,2,6,4,6,4,0],"vertices":[-250,250,250,250,-250,-250,250,-250],"type":"mesh"}},"MS_1611":{"MS_16":{"name":"MS_16","width":125,"height":125,"hull":4,"triangles":[1,0,3,0,2,3],"uvs":[0,0,1,0,0,1,1,1],"edges":[0,2,2,6,4,6,4,0],"vertices":[-250,250,250,250,-250,-250,250,-250],"type":"mesh"}},"DWNS_9_11":{"DWNS_9":{"name":"DWNS_9","width":125,"height":125,"hull":4,"triangles":[1,0,3,0,2,3],"uvs":[0,0,1,0,0,1,1,1],"edges":[0,2,2,6,4,6,4,0],"vertices":[-250,250,250,250,-250,-250,250,-250],"type":"mesh"}},"DWNS_1511":{"DWNS_15":{"name":"DWNS_15","width":125,"height":125,"hull":4,"triangles":[1,0,3,0,2,3],"uvs":[0,0,1,0,0,1,1,1],"edges":[0,2,2,6,4,6,4,0],"vertices":[-250,250,250,250,-250,-250,250,-250],"type":"mesh"}},"MS_911":{"MS_9":{"name":"MS_9","width":125,"height":125,"hull":4,"triangles":[1,0,3,0,2,3],"uvs":[0,0,1,0,0,1,1,1],"edges":[0,2,2,6,4,6,4,0],"vertices":[-250,250,250,250,-250,-250,250,-250],"type":"mesh"}},"DWNS_1411":{"DWNS_14":{"name":"DWNS_14","width":125,"height":125,"hull":4,"triangles":[1,0,3,0,2,3],"uvs":[0,0,1,0,0,1,1,1],"edges":[0,2,2,6,4,6,4,0],"vertices":[-250,250,250,250,-250,-250,250,-250],"type":"mesh"}},"MS_25":{"MS_2":{"name":"MS_2","width":125,"height":125,"hull":4,"triangles":[1,0,3,0,2,3],"uvs":[0,0,1,0,0,1,1,1],"edges":[0,2,2,6,4,6,4,0],"vertices":[-250,250,250,250,-250,-250,250,-250],"type":"mesh"}},"MS_191":{"MS_19":{"name":"MS_19","width":125,"height":125,"hull":4,"triangles":[1,0,3,0,2,3],"uvs":[0,0,1,0,0,1,1,1],"edges":[0,2,2,6,4,6,4,0],"vertices":[-250,250,250,250,-250,-250,250,-250],"type":"mesh"}},"DWNS_11011":{"DWNS_1":{"name":"DWNS_1","width":125,"height":125,"hull":4,"triangles":[1,0,3,0,2,3],"uvs":[0,0,1,0,0,1,1,1],"edges":[0,2,2,6,4,6,4,0],"vertices":[-250,250,250,250,-250,-250,250,-250],"type":"mesh"}},"DWNS_41":{"DWNS_4":{"name":"DWNS_4","width":125,"height":125,"hull":4,"triangles":[1,0,3,0,2,3],"uvs":[-0.394,-1.504,1.2812,-1.504,-0.394,0.01319,1.2812,0.01319],"edges":[0,2,2,6,4,6,4,0],"vertices":[-111.75,250.5,97.65,250.5,-111.75,60.85,97.65,60.85],"type":"mesh"}},"DWNS_11111":{"DWNS_11":{"name":"DWNS_11","width":125,"height":125,"hull":4,"triangles":[1,0,3,0,2,3],"uvs":[0,0,1,0,0,1,1,1],"edges":[0,2,2,6,4,6,4,0],"vertices":[-250,250,250,250,-250,-250,250,-250],"type":"mesh"}},"DWNS_10111":{"DWNS_10":{"name":"DWNS_10","width":125,"height":125,"hull":4,"triangles":[1,0,3,0,2,3],"uvs":[0,0,1,0,0,1,1,1],"edges":[0,2,2,6,4,6,4,0],"vertices":[-250,246.66,250,246.66,-250,-253.34,250,-253.34],"type":"mesh"}},"DWNS_6111":{"DWNS_6":{"name":"DWNS_6","width":125,"height":125,"hull":4,"triangles":[1,0,3,0,2,3],"uvs":[0,0,1,0,0,1,1,1],"edges":[0,2,2,6,4,6,4,0],"vertices":[-250,250,250,250,-250,-250,250,-250],"type":"mesh"}},"MS_201":{"MS_20":{"name":"MS_20","width":125,"height":125,"hull":4,"triangles":[1,0,3,0,2,3],"uvs":[0,0,1,0,0,1,1,1],"edges":[0,2,2,6,4,6,4,0],"vertices":[-250,250,250,250,-250,-250,250,-250],"type":"mesh"}},"MS_1511":{"MS_15":{"name":"MS_15","width":125,"height":125,"hull":4,"triangles":[1,0,3,0,2,3],"uvs":[0,0,1,0,0,1,1,1],"edges":[0,2,2,6,4,6,4,0],"vertices":[-250,250,250,250,-250,-250,250,-250],"type":"mesh"}},"MS_1411":{"MS_14":{"name":"MS_14","width":125,"height":125,"hull":4,"triangles":[1,0,3,0,2,3],"uvs":[0,0,1,0,0,1,1,1],"edges":[0,2,2,6,4,6,4,0],"vertices":[-250,250,250,250,-250,-250,250,-250],"type":"mesh"}},"I_11":{"I_1":{"name":"I_1","width":125,"height":125,"hull":4,"triangles":[1,0,3,0,2,3],"uvs":[0,0,1,0,0,1,1,1],"edges":[0,2,2,6,4,6,4,0],"vertices":[-250,250,250,250,-250,-250,250,-250],"type":"mesh"}},"DWNS_1611":{"DWNS_16":{"name":"DWNS_16","width":125,"height":125,"hull":4,"triangles":[1,0,3,0,2,3],"uvs":[0,0,1,0,0,1,1,1],"edges":[0,2,2,6,4,6,4,0],"vertices":[-250,250,250,250,-250,-250,250,-250],"type":"mesh"}},"DWNS_9_1":{"DWNS_9":{"name":"DWNS_9","width":125,"height":125,"hull":4,"triangles":[1,0,3,0,2,3],"uvs":[-0.7084,-0.9844,1.6108,-0.9844,-0.7084,0.75078,1.6108,0.75078],"edges":[0,2,2,6,4,6,4,0],"vertices":[-151.05,185.55,138.85,185.55,-151.05,-31.35,138.85,-31.35],"type":"mesh"}},"DWNS_61":{"DWNS_6":{"name":"DWNS_6","width":125,"height":125,"hull":4,"triangles":[1,0,3,0,2,3],"uvs":[-0.628,-1.504,1.4332,-1.504,-0.628,0.34321,1.4332,0.34321],"edges":[0,2,2,6,4,6,4,0],"vertices":[-141,250.5,116.65,250.5,-141,19.6,116.65,19.6],"type":"mesh"}},"DWNS_13111":{"DWNS_13":{"name":"DWNS_13","width":125,"height":125,"hull":4,"triangles":[1,0,3,0,2,3],"uvs":[0,0,1,0,0,1,1,1],"edges":[0,2,2,6,4,6,4,0],"vertices":[-250,250,250,250,-250,-250,250,-250],"type":"mesh"}},"DWNS_7_1":{"DWNS_7":{"name":"DWNS_7","width":125,"height":125,"hull":4,"triangles":[1,0,3,0,2,3],"uvs":[-0.6108,-1.20801,1.4372,-1.20801,-0.6108,0.4992,1.4372,0.4992],"edges":[0,2,2,6,4,6,4,0],"vertices":[-138.85,213.5,117.15,213.5,-138.85,0.1,117.15,0.1],"type":"mesh"}},"DWNS_311":{"DWNS_3":{"name":"DWNS_3","width":125,"height":125,"hull":4,"triangles":[1,0,3,0,2,3],"uvs":[0,0,1,0,0,1,1,1],"edges":[0,2,2,6,4,6,4,0],"vertices":[-250,250,250,250,-250,-250,250,-250],"type":"mesh"}},"MS_611":{"MS_6":{"name":"MS_6","width":125,"height":125,"hull":4,"triangles":[1,0,3,0,2,3],"uvs":[0,0,1,0,0,1,1,1],"edges":[0,2,2,6,4,6,4,0],"vertices":[-250,250,250,250,-250,-250,250,-250],"type":"mesh"}},"MS_1311":{"MS_13":{"name":"MS_13","width":125,"height":125,"hull":4,"triangles":[1,0,3,0,2,3],"uvs":[0,0,1,0,0,1,1,1],"edges":[0,2,2,6,4,6,4,0],"vertices":[-250,250,250,250,-250,-250,250,-250],"type":"mesh"}},"DWNS_1811":{"DWNS_18":{"name":"DWNS_18","width":125,"height":125,"hull":4,"triangles":[1,0,3,0,2,3],"uvs":[0,0,1,0,0,1,1,1],"edges":[0,2,2,6,4,6,4,0],"vertices":[-250,250,250,250,-250,-250,250,-250],"type":"mesh"}},"MS_511":{"MS_5":{"name":"MS_5","width":125,"height":125,"hull":4,"triangles":[1,0,3,0,2,3],"uvs":[0,0,1,0,0,1,1,1],"edges":[0,2,2,6,4,6,4,0],"vertices":[-250,250,250,250,-250,-250,250,-250],"type":"mesh"}},"DWNS_1911":{"DWNS_19":{"name":"DWNS_19","width":125,"height":125,"hull":4,"triangles":[1,0,3,0,2,3],"uvs":[0,0,1,0,0,1,1,1],"edges":[0,2,2,6,4,6,4,0],"vertices":[-250,250,250,250,-250,-250,250,-250],"type":"mesh"}},"MS_161":{"MS_16":{"name":"MS_16","width":125,"height":125,"hull":4,"triangles":[1,0,3,0,2,3],"uvs":[0,0,1,0,0,1,1,1],"edges":[0,2,2,6,4,6,4,0],"vertices":[-250,250,250,250,-250,-250,250,-250],"type":"mesh"}},"DWNS_101":{"DWNS_10":{"name":"DWNS_10","width":125,"height":125,"hull":4,"triangles":[1,0,3,0,2,3],"uvs":[-0.52,-0.96961,1.8188,-0.96961,-0.52,0.82922,1.8188,0.82922],"edges":[0,2,2,6,4,6,4,0],"vertices":[-127.5,180.36,164.85,180.36,-127.5,-44.49,164.85,-44.49],"type":"mesh"}},"DWNS_9_111":{"DWNS_9":{"name":"DWNS_9","width":125,"height":125,"hull":4,"triangles":[1,0,3,0,2,3],"uvs":[0,0,1,0,0,1,1,1],"edges":[0,2,2,6,4,6,4,0],"vertices":[-250,250,250,250,-250,-250,250,-250],"type":"mesh"}},"MS_311":{"MS_3":{"name":"MS_3","width":125,"height":125,"hull":4,"triangles":[1,0,3,0,2,3],"uvs":[0,0,1,0,0,1,1,1],"edges":[0,2,2,6,4,6,4,0],"vertices":[-250,250,250,250,-250,-250,250,-250],"type":"mesh"}},"DWNS_1711":{"DWNS_17":{"name":"DWNS_17","width":125,"height":125,"hull":4,"triangles":[1,0,3,0,2,3],"uvs":[0,0,1,0,0,1,1,1],"edges":[0,2,2,6,4,6,4,0],"vertices":[-250,250,250,250,-250,-250,250,-250],"type":"mesh"}},"MS_171":{"MS_17":{"name":"MS_17","width":125,"height":125,"hull":4,"triangles":[1,0,3,0,2,3],"uvs":[0,0,1,0,0,1,1,1],"edges":[0,2,2,6,4,6,4,0],"vertices":[-250,250,250,250,-250,-250,250,-250],"type":"mesh"}},"DWNS_81":{"DWNS_8":{"name":"DWNS_8","width":125,"height":125,"hull":4,"triangles":[1,0,3,0,2,3],"uvs":[-0.7548,-1.13282,1.594,-1.13282,-0.7548,0.638,1.594,0.638],"edges":[0,2,2,6,4,6,4,0],"vertices":[-156.85,204.1,136.75,204.1,-156.85,-17.25,136.75,-17.25],"type":"mesh"}},"MS_81":{"MS_8":{"name":"MS_8","width":125,"height":125,"hull":4,"triangles":[1,0,3,0,2,3],"uvs":[0,0,1,0,0,1,1,1],"edges":[0,2,2,6,4,6,4,0],"vertices":[-250,250,250,250,-250,-250,250,-250],"type":"mesh"}},"DWNS_12111":{"DWNS_12":{"name":"DWNS_12","width":125,"height":125,"hull":4,"triangles":[1,0,3,0,2,3],"uvs":[0,0,1,0,0,1,1,1],"edges":[0,2,2,6,4,6,4,0],"vertices":[-250,250,250,250,-250,-250,250,-250],"type":"mesh"}},"DWNS_14111":{"DWNS_14":{"name":"DWNS_14","width":125,"height":125,"hull":4,"triangles":[1,0,3,0,2,3],"uvs":[0,0,1,0,0,1,1,1],"edges":[0,2,2,6,4,6,4,0],"vertices":[-250,250,250,250,-250,-250,250,-250],"type":"mesh"}},"DWNS_15111":{"DWNS_15":{"name":"DWNS_15","width":125,"height":125,"hull":4,"triangles":[1,0,3,0,2,3],"uvs":[0,0,1,0,0,1,1,1],"edges":[0,2,2,6,4,6,4,0],"vertices":[-250,250,250,250,-250,-250,250,-250],"type":"mesh"}},"DWNS_111":{"DWNS_11":{"name":"DWNS_11","width":125,"height":125,"hull":4,"triangles":[1,0,3,0,2,3],"uvs":[-0.5676,-0.84841,1.29,-0.84841,-0.5676,0.93318,1.29,0.93318],"edges":[0,2,2,6,4,6,4,0],"vertices":[-133.45,168.55,98.75,168.55,-133.45,-54.15,98.75,-54.15],"type":"mesh"}},"MS_151":{"MS_15":{"name":"MS_15","width":125,"height":125,"hull":4,"triangles":[1,0,3,0,2,3],"uvs":[0,0,1,0,0,1,1,1],"edges":[0,2,2,6,4,6,4,0],"vertices":[-250,250,250,250,-250,-250,250,-250],"type":"mesh"}},"DWNS_121":{"DWNS_12":{"name":"DWNS_12","width":125,"height":125,"hull":4,"triangles":[1,0,3,0,2,3],"uvs":[-0.7236,-0.75999,1.3592,-0.75999,-0.7236,0.91599,1.3592,0.91599],"edges":[0,2,2,6,4,6,4,0],"vertices":[-152.95,157.5,107.4,157.5,-152.95,-52,107.4,-52],"type":"mesh"}},"MS_61":{"MS_6":{"name":"MS_6","width":125,"height":125,"hull":4,"triangles":[1,0,3,0,2,3],"uvs":[0,0,1,0,0,1,1,1],"edges":[0,2,2,6,4,6,4,0],"vertices":[-250,250,250,250,-250,-250,250,-250],"type":"mesh"}},"MS_71":{"MS_7":{"name":"MS_7","width":125,"height":125,"hull":4,"triangles":[1,0,3,0,2,3],"uvs":[0,0,1,0,0,1,1,1],"edges":[0,2,2,6,4,6,4,0],"vertices":[-250,250,250,250,-250,-250,250,-250],"type":"mesh"}},"MS_1111":{"MS_11":{"name":"MS_11","width":125,"height":125,"hull":4,"triangles":[1,0,3,0,2,3],"uvs":[0,0,1,0,0,1,1,1],"edges":[0,2,2,6,4,6,4,0],"vertices":[-250,250,250,250,-250,-250,250,-250],"type":"mesh"}},"MS_141":{"MS_14":{"name":"MS_14","width":125,"height":125,"hull":4,"triangles":[1,0,3,0,2,3],"uvs":[0,0,1,0,0,1,1,1],"edges":[0,2,2,6,4,6,4,0],"vertices":[-250,250,250,250,-250,-250,250,-250],"type":"mesh"}},"MS_1211":{"MS_12":{"name":"MS_12","width":125,"height":125,"hull":4,"triangles":[1,0,3,0,2,3],"uvs":[0,0,1,0,0,1,1,1],"edges":[0,2,2,6,4,6,4,0],"vertices":[-250,250,250,250,-250,-250,250,-250],"type":"mesh"}},"MS_2411":{"MS_24":{"name":"MS_24","width":125,"height":125,"hull":4,"triangles":[1,0,3,0,2,3],"uvs":[0,0,1,0,0,1,1,1],"edges":[0,2,2,6,4,6,4,0],"vertices":[-250,250,250,250,-250,-250,250,-250],"type":"mesh"}},"MS_2311":{"MS_23":{"name":"MS_23","width":125,"height":125,"hull":4,"triangles":[1,0,3,0,2,3],"uvs":[0,0,1,0,0,1,1,1],"edges":[0,2,2,6,4,6,4,0],"vertices":[-250,250,250,250,-250,-250,250,-250],"type":"mesh"}},"MS_181":{"MS_18":{"name":"MS_18","width":125,"height":125,"hull":4,"triangles":[1,0,3,0,2,3],"uvs":[0,0,1,0,0,1,1,1],"edges":[0,2,2,6,4,6,4,0],"vertices":[-250,250,250,250,-250,-250,250,-250],"type":"mesh"}},"DWNS_2111":{"DWNS_2":{"name":"DWNS_2","width":125,"height":125,"hull":4,"triangles":[1,0,3,0,2,3],"uvs":[0,0,1,0,0,1,1,1],"edges":[0,2,2,6,4,6,4,0],"vertices":[-250,250,250,250,-250,-250,250,-250],"type":"mesh"}},"MS_91":{"MS_9":{"name":"MS_9","width":125,"height":125,"hull":4,"triangles":[1,0,3,0,2,3],"uvs":[0,0,1,0,0,1,1,1],"edges":[0,2,2,6,4,6,4,0],"vertices":[-250,250,250,250,-250,-250,250,-250],"type":"mesh"}},"DWNS_4111":{"DWNS_4":{"name":"DWNS_4","width":125,"height":125,"hull":4,"triangles":[1,0,3,0,2,3],"uvs":[0,0,1,0,0,1,1,1],"edges":[0,2,2,6,4,6,4,0],"vertices":[-250,250,250,250,-250,-250,250,-250],"type":"mesh"}},"MS_51":{"MS_5":{"name":"MS_5","width":125,"height":125,"hull":4,"triangles":[1,0,3,0,2,3],"uvs":[0,0,1,0,0,1,1,1],"edges":[0,2,2,6,4,6,4,0],"vertices":[-250,250,250,250,-250,-250,250,-250],"type":"mesh"}},"MS_411":{"MS_4":{"name":"MS_4","width":125,"height":125,"hull":4,"triangles":[1,0,3,0,2,3],"uvs":[0,0,1,0,0,1,1,1],"edges":[0,2,2,6,4,6,4,0],"vertices":[-250,250,250,250,-250,-250,250,-250],"type":"mesh"}},"DWNS_16111":{"DWNS_16":{"name":"DWNS_16","width":125,"height":125,"hull":4,"triangles":[1,0,3,0,2,3],"uvs":[0,0,1,0,0,1,1,1],"edges":[0,2,2,6,4,6,4,0],"vertices":[-250,250,250,250,-250,-250,250,-250],"type":"mesh"}},"DWNS_17111":{"DWNS_17":{"name":"DWNS_17","width":125,"height":125,"hull":4,"triangles":[1,0,3,0,2,3],"uvs":[0,0,1,0,0,1,1,1],"edges":[0,2,2,6,4,6,4,0],"vertices":[-250,250,250,250,-250,-250,250,-250],"type":"mesh"}},"I_71":{"I_7":{"name":"I_7","width":125,"height":125,"hull":4,"triangles":[1,0,3,0,2,3],"uvs":[0,0,1,0,0,1,1,1],"edges":[0,2,2,6,4,6,4,0],"vertices":[-250,250,250,250,-250,-250,250,-250],"type":"mesh"}},"DWNS_8111":{"DWNS_8":{"name":"DWNS_8","width":125,"height":125,"hull":4,"triangles":[1,0,3,0,2,3],"uvs":[0,0,1,0,0,1,1,1],"edges":[0,2,2,6,4,6,4,0],"vertices":[-250,250,250,250,-250,-250,250,-250],"type":"mesh"}},"DWNS_151":{"DWNS_15":{"name":"DWNS_15","width":125,"height":125,"hull":4,"triangles":[1,0,3,0,2,3],"uvs":[-0.1784,0.10802,1.4024,0.10802,-0.1784,1.38441,1.4024,1.38441],"edges":[0,2,2,6,4,6,4,0],"vertices":[-84.8,49,112.8,49,-84.8,-110.55,112.8,-110.55],"type":"mesh"}},"DWNS_141":{"DWNS_14":{"name":"DWNS_14","width":125,"height":125,"hull":4,"triangles":[1,0,3,0,2,3],"uvs":[-0.4896,-0.47318,1.4284,-0.47318,-0.4896,1.32481,1.4284,1.32481],"edges":[0,2,2,6,4,6,4,0],"vertices":[-123.7,121.65,116.05,121.65,-123.7,-103.1,116.05,-103.1],"type":"mesh"}},"MS_41":{"MS_4":{"name":"MS_4","width":125,"height":125,"hull":4,"triangles":[1,0,3,0,2,3],"uvs":[0,0,1,0,0,1,1,1],"edges":[0,2,2,6,4,6,4,0],"vertices":[-250,250,250,250,-250,-250,250,-250],"type":"mesh"}},"DWNS_131":{"DWNS_13":{"name":"DWNS_13","width":125,"height":125,"hull":4,"triangles":[1,0,3,0,2,3],"uvs":[-0.4028,-0.5412,1.3244,-0.5412,-0.4028,1.07198,1.3244,1.07198],"edges":[0,2,2,6,4,6,4,0],"vertices":[-112.85,130.15,103.05,130.15,-112.85,-71.5,103.05,-71.5],"type":"mesh"}}}},"animations":{"animtion0":{"bones":{"Impact_Combine":{"translate":[{"time":0,"curve":"stepped"},{"time":0.8333,"x":1985.29,"y":948.23}]},"Moving_Spark_1":{"translate":[{"time":0,"x":1943.25,"y":2071.52},{"time":0.625,"x":1934.55,"y":925.37},{"time":0.7083,"x":1934.55,"y":951.08},{"time":0.7916,"x":1934.55,"y":925.37},{"time":2.4999,"x":1934.55,"y":925.37},{"time":2.5832,"x":1934.55,"y":1029.64},{"time":2.7499,"x":1934.55,"y":925.37},{"time":3.0416,"x":1934.55,"y":-677.13}]},"Moving_Spark_2":{"translate":[{"time":0,"x":1943.25,"y":2810.06},{"time":0.625,"x":1934.55,"y":1602.43},{"time":0.7083,"x":1934.55,"y":1642.13},{"time":0.7916,"x":1934.55,"y":1602.43},{"time":2.4999,"x":1934.55,"y":1602.43},{"time":2.5832,"x":1934.55,"y":1636.46},{"time":2.7499,"x":1934.55,"y":1602.43},{"time":3.0416,"x":1934.55,"y":-100.38}]},"Downward_Spark1":{"translate":[{"time":0,"curve":"stepped"},{"time":2.125,"x":1769.46,"y":338.87}]},"Downward_Spark11":{"translate":[{"time":0,"curve":"stepped"},{"time":1.375,"x":1368.34,"y":-69.83}]}},"slots":{"I_91":{"attachment":[{"time":0,"name":"I_9"},{"time":0.7917,"name":""},{"time":1.1667,"name":"I_9"},{"time":1.2084,"name":""}]},"I_81":{"attachment":[{"time":0,"name":"I_8"},{"time":0.7917,"name":""},{"time":1.125,"name":"I_8"},{"time":1.1667,"name":""}]},"I_71":{"attachment":[{"time":0,"name":"I_7"},{"time":0.7917,"name":""},{"time":1.0834,"name":"I_7"},{"time":1.1251,"name":""}]},"I_61":{"attachment":[{"time":0,"name":"I_6"},{"time":0.7917,"name":""},{"time":1.0417,"name":"I_6"},{"time":1.0834,"name":""}]},"I_51":{"attachment":[{"time":0,"name":"I_5"},{"time":0.7917,"name":""},{"time":1,"name":"I_5"},{"time":1.0417,"name":""}]},"I_41":{"attachment":[{"time":0,"name":"I_4"},{"time":0.7917,"name":""},{"time":0.9584,"name":"I_4"},{"time":1.0001,"name":""}]},"I_31":{"attachment":[{"time":0,"name":"I_3"},{"time":0.7917,"name":""},{"time":0.9167,"name":"I_3"},{"time":0.9584,"name":""}]},"I_21":{"attachment":[{"time":0,"name":"I_2"},{"time":0.7917,"name":""},{"time":0.875,"name":"I_2"},{"time":0.9167,"name":""}]},"I_101":{"attachment":[{"time":0,"name":"I_10"},{"time":0.7917,"name":""},{"time":1.2084,"name":"I_10"},{"time":1.2501,"name":""}]},"I_11":{"attachment":[{"time":0,"name":"I_1"},{"time":0.7917,"name":""},{"time":0.8334,"name":"I_1"},{"time":0.8751,"name":""}]},"DWNS_110":{"attachment":[{"time":0,"name":"DWNS_1"},{"time":0.7917,"name":""},{"time":0.9167,"name":"DWNS_1"},{"time":0.9584,"name":""}]},"DWNS_101":{"attachment":[{"time":0,"name":"DWNS_10"},{"time":0.7917,"name":""},{"time":1.2917,"name":"DWNS_10"},{"time":1.3334,"name":""}]},"DWNS_111":{"attachment":[{"time":0,"name":"DWNS_11"},{"time":0.7917,"name":""},{"time":1.3334,"name":"DWNS_11"},{"time":1.3751,"name":""}]},"DWNS_121":{"attachment":[{"time":0,"name":"DWNS_12"},{"time":0.7917,"name":""},{"time":1.375,"name":"DWNS_12"},{"time":1.4167,"name":""}]},"DWNS_131":{"attachment":[{"time":0,"name":"DWNS_13"},{"time":0.7917,"name":""},{"time":1.4167,"name":"DWNS_13"},{"time":1.4584,"name":""}]},"DWNS_141":{"attachment":[{"time":0,"name":"DWNS_14"},{"time":0.7917,"name":""},{"time":1.4584,"name":"DWNS_14"},{"time":1.5001,"name":""}]},"DWNS_151":{"attachment":[{"time":0,"name":"DWNS_15"},{"time":0.7917,"name":""},{"time":1.5,"name":"DWNS_15"},{"time":1.5417,"name":""}]},"DWNS_161":{"attachment":[{"time":0,"name":"DWNS_16"},{"time":0.7917,"name":""},{"time":1.5417,"name":"DWNS_16"},{"time":1.5834,"name":""}]},"DWNS_171":{"attachment":[{"time":0,"name":"DWNS_17"},{"time":0.7917,"name":""},{"time":1.5834,"name":"DWNS_17"},{"time":1.6251,"name":""}]},"DWNS_181":{"attachment":[{"time":0,"name":"DWNS_18"},{"time":0.7917,"name":""},{"time":1.625,"name":"DWNS_18"},{"time":1.6667,"name":""}]},"DWNS_191":{"attachment":[{"time":0,"name":"DWNS_19"},{"time":0.7917,"name":""},{"time":1.6667,"name":"DWNS_19"},{"time":1.7084,"name":""}]},"DWNS_21":{"attachment":[{"time":0,"name":"DWNS_2"},{"time":0.7917,"name":""},{"time":0.9584,"name":"DWNS_2"},{"time":1.0001,"name":""}]},"DWNS_31":{"attachment":[{"time":0,"name":"DWNS_3"},{"time":0.7917,"name":""},{"time":1,"name":"DWNS_3"},{"time":1.0417,"name":""}]},"DWNS_41":{"attachment":[{"time":0,"name":"DWNS_4"},{"time":0.7917,"name":""},{"time":1.0417,"name":"DWNS_4"},{"time":1.0834,"name":""}]},"DWNS_51":{"attachment":[{"time":0,"name":"DWNS_5"},{"time":0.7917,"name":""},{"time":1.0834,"name":"DWNS_5"},{"time":1.1251,"name":""}]},"DWNS_61":{"attachment":[{"time":0,"name":"DWNS_6"},{"time":0.7917,"name":""},{"time":1.125,"name":"DWNS_6"},{"time":1.1667,"name":""}]},"DWNS_7_1":{"attachment":[{"time":0,"name":"DWNS_7"},{"time":0.7917,"name":""},{"time":1.1667,"name":"DWNS_7"},{"time":1.2084,"name":""}]},"DWNS_81":{"attachment":[{"time":0,"name":"DWNS_8"},{"time":0.7917,"name":""},{"time":1.2084,"name":"DWNS_8"},{"time":1.2501,"name":""}]},"DWNS_9_1":{"attachment":[{"time":0,"name":"DWNS_9"},{"time":0.7917,"name":""},{"time":1.25,"name":"DWNS_9"},{"time":1.2917,"name":""}]},"MS_91":{"attachment":[{"time":0,"name":""},{"time":0.3333,"name":"MS_9"},{"time":0.375,"name":""}]},"MS_81":{"attachment":[{"time":0,"name":""},{"time":0.2917,"name":"MS_8"},{"time":0.3334,"name":""}]},"MS_71":{"attachment":[{"time":0,"name":""},{"time":0.25,"name":"MS_7"},{"time":0.2917,"name":""}]},"MS_61":{"attachment":[{"time":0,"name":""},{"time":0.2083,"name":"MS_6"},{"time":0.25,"name":""}]},"MS_51":{"attachment":[{"time":0,"name":""},{"time":0.1667,"name":"MS_5"},{"time":0.2084,"name":""}]},"MS_41":{"attachment":[{"time":0,"name":""},{"time":0.125,"name":"MS_4"},{"time":0.1667,"name":""}]},"MS_31":{"attachment":[{"time":0,"name":""},{"time":0.0833,"name":"MS_3"},{"time":0.125,"name":""}]},"MS_241":{"attachment":[{"time":0,"name":""}]},"MS_231":{"attachment":[{"time":0,"name":""}]},"MS_221":{"attachment":[{"time":0,"name":""}]},"MS_211":{"attachment":[{"time":0,"name":""}]},"MS_201":{"attachment":[{"time":0,"name":""},{"time":0.7917,"name":"MS_20"},{"time":0.8334,"name":""}],"color":[{"time":0,"curve":"stepped","color":"FFFFFFFF"},{"time":0.7917,"color":"FFFFFF33"}]},"MS_25":{"attachment":[{"time":0,"name":""},{"time":0.0417,"name":"MS_2"},{"time":0.0834,"name":""}]},"MS_191":{"attachment":[{"time":0,"name":""},{"time":0.75,"name":"MS_19"},{"time":0.7917,"name":""}],"color":[{"time":0,"curve":"stepped","color":"FFFFFFFF"},{"time":0.75,"color":"FFFFFF66"}]},"MS_181":{"attachment":[{"time":0,"name":""},{"time":0.7083,"name":"MS_18"},{"time":0.75,"name":""}],"color":[{"time":0,"curve":"stepped","color":"FFFFFFFF"},{"time":0.7083,"color":"FFFFFF99"}]},"MS_171":{"attachment":[{"time":0,"name":""},{"time":0.6667,"name":"MS_17"},{"time":0.7084,"name":""}],"color":[{"time":0,"curve":"stepped","color":"FFFFFFFF"},{"time":0.6667,"color":"FFFFFFCC"}]},"MS_161":{"attachment":[{"time":0,"name":""},{"time":0.625,"name":"MS_16"},{"time":0.6667,"name":""}]},"MS_151":{"attachment":[{"time":0,"name":""},{"time":0.5833,"name":"MS_15"},{"time":0.625,"name":""}]},"MS_141":{"attachment":[{"time":0,"name":""},{"time":0.5417,"name":"MS_14"},{"time":0.5834,"name":""}]},"MS_131":{"attachment":[{"time":0,"name":""},{"time":0.5,"name":"MS_13"},{"time":0.5417,"name":""}]},"MS_121":{"attachment":[{"time":0,"name":""},{"time":0.4583,"name":"MS_12"},{"time":0.5,"name":""}]},"MS_111":{"attachment":[{"time":0,"name":""},{"time":0.4167,"name":"MS_11"},{"time":0.4584,"name":""}]},"MS_101":{"attachment":[{"time":0,"name":""},{"time":0.375,"name":"MS_10"},{"time":0.4167,"name":""}]},"MS_110":{"attachment":[{"time":0,"name":"MS_1"},{"time":0.0417,"name":""}]},"MS_911":{"attachment":[{"time":0,"name":""},{"time":0.3333,"name":"MS_9"},{"time":0.375,"name":""}]},"MS_811":{"attachment":[{"time":0,"name":""},{"time":0.2917,"name":"MS_8"},{"time":0.3334,"name":""}]},"MS_711":{"attachment":[{"time":0,"name":""},{"time":0.25,"name":"MS_7"},{"time":0.2917,"name":""}]},"MS_611":{"attachment":[{"time":0,"name":""},{"time":0.2083,"name":"MS_6"},{"time":0.25,"name":""}]},"MS_511":{"attachment":[{"time":0,"name":""},{"time":0.1667,"name":"MS_5"},{"time":0.2084,"name":""}]},"MS_411":{"attachment":[{"time":0,"name":""},{"time":0.125,"name":"MS_4"},{"time":0.1667,"name":""}]},"MS_311":{"attachment":[{"time":0,"name":""},{"time":0.0833,"name":"MS_3"},{"time":0.125,"name":""}]},"MS_2411":{"attachment":[{"time":0,"name":""}]},"MS_2311":{"attachment":[{"time":0,"name":""}]},"MS_2211":{"attachment":[{"time":0,"name":""}]},"MS_2111":{"attachment":[{"time":0,"name":""}]},"MS_2011":{"attachment":[{"time":0,"name":""},{"time":0.7917,"name":"MS_20"},{"time":0.8334,"name":""}],"color":[{"time":0,"curve":"stepped","color":"FFFFFFFF"},{"time":0.7917,"color":"FFFFFF33"}]},"MS_251":{"attachment":[{"time":0,"name":""},{"time":0.0417,"name":"MS_2"},{"time":0.0834,"name":""}]},"MS_1911":{"attachment":[{"time":0,"name":""},{"time":0.75,"name":"MS_19"},{"time":0.7917,"name":""}],"color":[{"time":0,"curve":"stepped","color":"FFFFFFFF"},{"time":0.75,"color":"FFFFFF66"}]},"MS_1811":{"attachment":[{"time":0,"name":""},{"time":0.7083,"name":"MS_18"},{"time":0.75,"name":""}],"color":[{"time":0,"curve":"stepped","color":"FFFFFFFF"},{"time":0.7083,"color":"FFFFFF99"}]},"MS_1711":{"attachment":[{"time":0,"name":""},{"time":0.6667,"name":"MS_17"},{"time":0.7084,"name":""}],"color":[{"time":0,"curve":"stepped","color":"FFFFFFFF"},{"time":0.6667,"color":"FFFFFFCC"}]},"MS_1611":{"attachment":[{"time":0,"name":""},{"time":0.625,"name":"MS_16"},{"time":0.6667,"name":""}]},"MS_1511":{"attachment":[{"time":0,"name":""},{"time":0.5833,"name":"MS_15"},{"time":0.625,"name":""}]},"MS_1411":{"attachment":[{"time":0,"name":""},{"time":0.5417,"name":"MS_14"},{"time":0.5834,"name":""}]},"MS_1311":{"attachment":[{"time":0,"name":""},{"time":0.5,"name":"MS_13"},{"time":0.5417,"name":""}]},"MS_1211":{"attachment":[{"time":0,"name":""},{"time":0.4583,"name":"MS_12"},{"time":0.5,"name":""}]},"MS_1111":{"attachment":[{"time":0,"name":""},{"time":0.4167,"name":"MS_11"},{"time":0.4584,"name":""}]},"MS_1011":{"attachment":[{"time":0,"name":""},{"time":0.375,"name":"MS_10"},{"time":0.4167,"name":""}]},"MS_1101":{"attachment":[{"time":0,"name":"MS_1"},{"time":0.0417,"name":""}]},"DWNS_1101":{"attachment":[{"time":0,"name":"DWNS_1"},{"time":2.125,"name":""},{"time":2.25,"name":"DWNS_1"},{"time":2.2917,"name":""}]},"DWNS_1011":{"attachment":[{"time":0,"name":"DWNS_10"},{"time":2.125,"name":""},{"time":2.625,"name":"DWNS_10"},{"time":2.6667,"name":""}]},"DWNS_1111":{"attachment":[{"time":0,"name":"DWNS_11"},{"time":2.125,"name":""},{"time":2.6667,"name":"DWNS_11"},{"time":2.7084,"name":""}]},"DWNS_1211":{"attachment":[{"time":0,"name":"DWNS_12"},{"time":2.125,"name":""},{"time":2.7083,"name":"DWNS_12"},{"time":2.75,"name":""}]},"DWNS_1311":{"attachment":[{"time":0,"name":"DWNS_13"},{"time":2.125,"name":""},{"time":2.75,"name":"DWNS_13"},{"time":2.7917,"name":""}]},"DWNS_1411":{"attachment":[{"time":0,"name":"DWNS_14"},{"time":2.125,"name":""},{"time":2.7917,"name":"DWNS_14"},{"time":2.8334,"name":""}]},"DWNS_1511":{"attachment":[{"time":0,"name":"DWNS_15"},{"time":2.125,"name":""},{"time":2.8333,"name":"DWNS_15"},{"time":2.875,"name":""}]},"DWNS_1611":{"attachment":[{"time":0,"name":"DWNS_16"},{"time":2.125,"name":""},{"time":2.875,"name":"DWNS_16"},{"time":2.9167,"name":""}]},"DWNS_1711":{"attachment":[{"time":0,"name":"DWNS_17"},{"time":2.125,"name":""},{"time":2.9167,"name":"DWNS_17"},{"time":2.9584,"name":""}]},"DWNS_1811":{"attachment":[{"time":0,"name":"DWNS_18"},{"time":2.125,"name":""},{"time":2.9583,"name":"DWNS_18"},{"time":3,"name":""}]},"DWNS_1911":{"attachment":[{"time":0,"name":"DWNS_19"},{"time":2.125,"name":""},{"time":3,"name":"DWNS_19"},{"time":3.0417,"name":""}]},"DWNS_211":{"attachment":[{"time":0,"name":"DWNS_2"},{"time":2.125,"name":""},{"time":2.2917,"name":"DWNS_2"},{"time":2.3334,"name":""}]},"DWNS_311":{"attachment":[{"time":0,"name":"DWNS_3"},{"time":2.125,"name":""},{"time":2.3333,"name":"DWNS_3"},{"time":2.375,"name":""}]},"DWNS_411":{"attachment":[{"time":0,"name":"DWNS_4"},{"time":2.125,"name":""},{"time":2.375,"name":"DWNS_4"},{"time":2.4167,"name":""}]},"DWNS_511":{"attachment":[{"time":0,"name":"DWNS_5"},{"time":2.125,"name":""},{"time":2.4167,"name":"DWNS_5"},{"time":2.4584,"name":""}]},"DWNS_611":{"attachment":[{"time":0,"name":"DWNS_6"},{"time":2.125,"name":""},{"time":2.4583,"name":"DWNS_6"},{"time":2.5,"name":""}]},"DWNS_7_11":{"attachment":[{"time":0,"name":"DWNS_7"},{"time":2.125,"name":""},{"time":2.5,"name":"DWNS_7"},{"time":2.5417,"name":""}]},"DWNS_811":{"attachment":[{"time":0,"name":"DWNS_8"},{"time":2.125,"name":""},{"time":2.5417,"name":"DWNS_8"},{"time":2.5834,"name":""}]},"DWNS_9_11":{"attachment":[{"time":0,"name":"DWNS_9"},{"time":2.125,"name":""},{"time":2.5833,"name":"DWNS_9"},{"time":2.625,"name":""}]},"DWNS_11011":{"attachment":[{"time":0,"name":"DWNS_1"},{"time":1.375,"name":""},{"time":1.5,"name":"DWNS_1"},{"time":1.5417,"name":""}]},"DWNS_10111":{"attachment":[{"time":0,"name":"DWNS_10"},{"time":1.375,"name":""},{"time":1.875,"name":"DWNS_10"},{"time":1.9167,"name":""}]},"DWNS_11111":{"attachment":[{"time":0,"name":"DWNS_11"},{"time":1.375,"name":""},{"time":1.9167,"name":"DWNS_11"},{"time":1.9584,"name":""}]},"DWNS_12111":{"attachment":[{"time":0,"name":"DWNS_12"},{"time":1.375,"name":""},{"time":1.9583,"name":"DWNS_12"},{"time":2,"name":""}]},"DWNS_13111":{"attachment":[{"time":0,"name":"DWNS_13"},{"time":1.375,"name":""},{"time":2,"name":"DWNS_13"},{"time":2.0417,"name":""}]},"DWNS_14111":{"attachment":[{"time":0,"name":"DWNS_14"},{"time":1.375,"name":""},{"time":2.0417,"name":"DWNS_14"},{"time":2.0834,"name":""}]},"DWNS_15111":{"attachment":[{"time":0,"name":"DWNS_15"},{"time":1.375,"name":""},{"time":2.0833,"name":"DWNS_15"},{"time":2.125,"name":""}]},"DWNS_16111":{"attachment":[{"time":0,"name":"DWNS_16"},{"time":1.375,"name":""},{"time":2.125,"name":"DWNS_16"},{"time":2.1667,"name":""}]},"DWNS_17111":{"attachment":[{"time":0,"name":"DWNS_17"},{"time":1.375,"name":""},{"time":2.1667,"name":"DWNS_17"},{"time":2.2084,"name":""}]},"DWNS_18111":{"attachment":[{"time":0,"name":"DWNS_18"},{"time":1.375,"name":""},{"time":2.2083,"name":"DWNS_18"},{"time":2.25,"name":""}]},"DWNS_19111":{"attachment":[{"time":0,"name":"DWNS_19"},{"time":1.375,"name":""},{"time":2.25,"name":"DWNS_19"},{"time":2.2917,"name":""}]},"DWNS_2111":{"attachment":[{"time":0,"name":"DWNS_2"},{"time":1.375,"name":""},{"time":1.5417,"name":"DWNS_2"},{"time":1.5834,"name":""}]},"DWNS_3111":{"attachment":[{"time":0,"name":"DWNS_3"},{"time":1.375,"name":""},{"time":1.5833,"name":"DWNS_3"},{"time":1.625,"name":""}]},"DWNS_4111":{"attachment":[{"time":0,"name":"DWNS_4"},{"time":1.375,"name":""},{"time":1.625,"name":"DWNS_4"},{"time":1.6667,"name":""}]},"DWNS_5111":{"attachment":[{"time":0,"name":"DWNS_5"},{"time":1.375,"name":""},{"time":1.6667,"name":"DWNS_5"},{"time":1.7084,"name":""}]},"DWNS_6111":{"attachment":[{"time":0,"name":"DWNS_6"},{"time":1.375,"name":""},{"time":1.7083,"name":"DWNS_6"},{"time":1.75,"name":""}]},"DWNS_7_111":{"attachment":[{"time":0,"name":"DWNS_7"},{"time":1.375,"name":""},{"time":1.75,"name":"DWNS_7"},{"time":1.7917,"name":""}]},"DWNS_8111":{"attachment":[{"time":0,"name":"DWNS_8"},{"time":1.375,"name":""},{"time":1.7917,"name":"DWNS_8"},{"time":1.8334,"name":""}]},"DWNS_9_111":{"attachment":[{"time":0,"name":"DWNS_9"},{"time":1.375,"name":""},{"time":1.8333,"name":"DWNS_9"},{"time":1.875,"name":""}]}},"drawOrder":[{"time":0}]}}}