{"skeleton":{"hash":"y8Y8knhv8KMUZkY2pWcYbnLwXn4","spine":"3.8.75","x":-104.54,"y":-100.34,"width":210.12,"height":215.52,"images":"","audio":""},"bones":[{"name":"root"},{"name":"Masterbone","parent":"root","scaleX":0.5,"scaleY":0.5},{"name":"Mesh_grp","parent":"Masterbone"},{"name":"Bone_grp","parent":"Masterbone"},{"name":"Nice","parent":"Bone_grp","x":17.24,"y":-67.14},{"name":"Heart","parent":"Bone_grp","x":10.34,"y":94.58,"scaleX":-0.5975,"scaleY":0.5975},{"name":"Electric","parent":"Bone_grp","y":13.2,"scaleX":3.2865,"scaleY":3.2865},{"name":"1","parent":"Electric"},{"name":"Head","parent":"Bone_grp","x":26.21,"y":71.08},{"name":"Hat","parent":"Head","x":3.95,"y":23.93},{"name":"Iris","parent":"Head","x":8.46,"y":7.64,"scaleX":0.2574,"scaleY":0.2574},{"name":"Spotlight","parent":"Bone_grp","scaleX":2.8797,"scaleY":2.8797},{"name":"Wink","parent":"Head","x":6.32,"y":9.24,"scaleX":0.2732,"scaleY":0.2732},{"name":"2","parent":"Electric"},{"name":"3","parent":"Electric"},{"name":"4","parent":"Electric"},{"name":"5","parent":"Electric"},{"name":"6","parent":"Electric"},{"name":"7","parent":"Electric"},{"name":"8","parent":"Electric"},{"name":"9","parent":"Electric"},{"name":"10","parent":"Electric"},{"name":"11","parent":"Electric"},{"name":"12","parent":"Electric"},{"name":"13","parent":"Electric"},{"name":"14","parent":"Electric"},{"name":"15","parent":"Electric"},{"name":"16","parent":"Electric"},{"name":"17","parent":"Electric"},{"name":"electric_Mesh","parent":"Mesh_grp"},{"name":"hair","parent":"Head","length":39.65,"rotation":-157.83,"x":-14.33,"y":14.76},{"name":"hair2","parent":"hair","length":59.16,"rotation":26.38,"x":39.65},{"name":"hair3","parent":"hair2","length":50.39,"rotation":86.46,"x":-18.51,"y":93.26},{"name":"hair4","parent":"hair3","length":69.88,"rotation":-24.73,"x":50.01,"y":-0.77},{"name":"Body-neck","parent":"Bone_grp","x":17.52,"y":28.28},{"name":"Body-left","parent":"Body-neck","x":-19.38,"y":-41.14},{"name":"Body-right","parent":"Body-neck","x":52.7,"y":-39.1},{"name":"Body-bottom","parent":"Body-neck","x":28.22,"y":-69.36},{"name":"Body-leftside","parent":"Body-neck","x":-11.9,"y":-80.92},{"name":"Spotlight2","parent":"Bone_grp","scaleX":2.4125,"scaleY":2.4125}],"slots":[{"name":"Images/spotlight","bone":"Mesh_grp","attachment":"Images/spotlight","blend":"additive"},{"name":"Images/spotlight2","bone":"Mesh_grp","attachment":"Images/spotlight","blend":"additive"},{"name":"Images/Ponytail-hair","bone":"Mesh_grp","attachment":"Images/Ponytail-hair"},{"name":"Images/body","bone":"Mesh_grp","attachment":"Images/body"},{"name":"Images/hat-back","bone":"Mesh_grp","attachment":"Images/hat-back"},{"name":"Images/head","bone":"Mesh_grp","attachment":"Images/head"},{"name":"Images/hat","bone":"Mesh_grp","attachment":"Images/hat"},{"name":"Images/iris","bone":"Mesh_grp","attachment":"Images/iris"},{"name":"Images/wink 1","bone":"Mesh_grp","attachment":"Images/wink 1"},{"name":"Images/Heart","bone":"Mesh_grp","attachment":"Images/Heart"},{"name":"Images/Text-001","bone":"Mesh_grp","attachment":"Images/Text-001"},{"name":"Images/Layer 17","bone":"electric_Mesh","attachment":"Images/Layer 17","blend":"additive"},{"name":"Images/Layer 16","bone":"electric_Mesh","attachment":"Images/Layer 16","blend":"additive"},{"name":"Images/Layer 15","bone":"electric_Mesh","attachment":"Images/Layer 15","blend":"additive"},{"name":"Images/Layer 14","bone":"electric_Mesh","attachment":"Images/Layer 14","blend":"additive"},{"name":"Images/Layer 13","bone":"electric_Mesh","attachment":"Images/Layer 13","blend":"additive"},{"name":"Images/Layer 12","bone":"electric_Mesh","attachment":"Images/Layer 12","blend":"additive"},{"name":"Images/Layer 11","bone":"electric_Mesh","attachment":"Images/Layer 11","blend":"additive"},{"name":"Images/Layer 10","bone":"electric_Mesh","attachment":"Images/Layer 10","blend":"additive"},{"name":"Images/Layer 9","bone":"electric_Mesh","attachment":"Images/Layer 9","blend":"additive"},{"name":"Images/Layer 8","bone":"electric_Mesh","attachment":"Images/Layer 8","blend":"additive"},{"name":"Images/Layer 7","bone":"electric_Mesh","attachment":"Images/Layer 7","blend":"additive"},{"name":"Images/Layer 6","bone":"electric_Mesh","attachment":"Images/Layer 6","blend":"additive"},{"name":"Images/Layer 5","bone":"electric_Mesh","attachment":"Images/Layer 5","blend":"additive"},{"name":"Images/Layer 4","bone":"electric_Mesh","attachment":"Images/Layer 4","blend":"additive"},{"name":"Images/Layer 3","bone":"electric_Mesh","attachment":"Images/Layer 3","blend":"additive"},{"name":"Images/Layer 2","bone":"electric_Mesh","attachment":"Images/Layer 2","blend":"additive"},{"name":"Images/Layer 1","bone":"electric_Mesh","attachment":"Images/Layer 1","blend":"additive"}],"skins":[{"name":"default","attachments":{"Images/Layer 10":{"Images/Layer 10":{"type":"mesh","uvs":[0.98299,1,0.01556,1,0.01556,0,0.98299,0],"triangles":[2,3,0,1,2,0],"vertices":[1,21,61.36,-62,1,1,21,-60.54,-62,1,1,21,-60.54,63,1,1,21,61.36,63,1],"hull":4,"edges":[0,2,2,4,4,6,0,6],"width":126,"height":125}},"Images/Layer 11":{"Images/Layer 11":{"type":"mesh","uvs":[0.98154,1,0.01846,1,0.01846,0,0.98154,0],"triangles":[0,2,3,1,2,0],"vertices":[1,22,61.17,-62,1,1,22,-60.17,-62,1,1,22,-60.17,63,1,1,22,61.17,63,1],"hull":4,"edges":[0,2,2,4,4,6,0,6],"width":126,"height":125}},"Images/Layer 12":{"Images/Layer 12":{"type":"mesh","uvs":[0.98009,1,0.02136,1,0.02136,0,0.98009,0],"triangles":[1,2,3,1,3,0],"vertices":[1,23,60.99,-62,1,1,23,-59.81,-62,1,1,23,-59.81,63,1,1,23,60.99,63,1],"hull":4,"edges":[0,2,2,4,4,6,0,6],"width":126,"height":125}},"Images/Text-001":{"Images/Text-001":{"type":"mesh","uvs":[1,1,0,1,0,0,1,0],"triangles":[1,2,3,1,3,0],"vertices":[1,4,125.99,-36.28,1,1,4,-120.01,-36.28,1,1,4,-120.01,36.72,1,1,4,125.99,36.72,1],"hull":4,"edges":[0,2,2,4,4,6,0,6],"width":246,"height":73}},"Images/Layer 14":{"Images/Layer 14":{"type":"mesh","uvs":[0.98299,1,0.02425,1,0.02425,0,0.98299,0],"triangles":[0,1,2,3,0,2],"vertices":[1,25,61.36,-62,1,1,25,-59.44,-62,1,1,25,-59.44,63,1,1,25,61.36,63,1],"hull":4,"edges":[0,2,2,4,4,6,0,6],"width":126,"height":125}},"Images/Layer 15":{"Images/Layer 15":{"type":"mesh","uvs":[0.98444,1,0.02136,1,0.02136,0,0.98444,0],"triangles":[1,2,3,1,3,0],"vertices":[1,26,61.54,-62,1,1,26,-59.81,-62,1,1,26,-59.81,63,1,1,26,61.54,63,1],"hull":4,"edges":[0,2,2,4,4,6,0,6],"width":126,"height":125}},"Images/Layer 16":{"Images/Layer 16":{"type":"mesh","uvs":[0.98299,1,0.01701,1,0.01701,0,0.98299,0],"triangles":[1,2,3,0,1,3],"vertices":[1,27,61.36,-62,1,1,27,-60.36,-62,1,1,27,-60.36,63,1,1,27,61.36,63,1],"hull":4,"edges":[0,2,2,4,4,6,0,6],"width":126,"height":125}},"Images/Layer 17":{"Images/Layer 17":{"type":"mesh","uvs":[0.98299,1,0.01266,1,0.01266,0,0.98299,0],"triangles":[1,2,3,1,3,0],"vertices":[1,28,61.36,-62,1,1,28,-60.9,-62,1,1,28,-60.9,63,1,1,28,61.36,63,1],"hull":4,"edges":[0,2,2,4,4,6,0,6],"width":126,"height":125}},"Images/Layer 3":{"Images/Layer 3":{"type":"mesh","uvs":[0.98299,1,0.01846,1,0.01846,0,0.98299,0],"triangles":[1,2,3,1,3,0],"vertices":[1,14,61.36,-62,1,1,14,-60.17,-62,1,1,14,-60.17,63,1,1,14,61.36,63,1],"hull":4,"edges":[0,2,2,4,4,6,0,6],"width":126,"height":125}},"Images/Layer 4":{"Images/Layer 4":{"type":"mesh","uvs":[0.98589,1,0.01556,1,0.01556,0,0.98589,0],"triangles":[2,3,0,1,2,0],"vertices":[1,15,61.72,-62,1,1,15,-60.54,-62,1,1,15,-60.54,63,1,1,15,61.72,63,1],"hull":4,"edges":[0,2,2,4,4,6,0,6],"width":126,"height":125}},"Images/Layer 5":{"Images/Layer 5":{"type":"mesh","uvs":[0.98444,1,0.01701,1,0.01701,0,0.98444,0],"triangles":[1,2,3,0,1,3],"vertices":[1,16,61.54,-62,1,1,16,-60.36,-62,1,1,16,-60.36,63,1,1,16,61.54,63,1],"hull":4,"edges":[0,2,2,4,4,6,0,6],"width":126,"height":125}},"Images/Layer 6":{"Images/Layer 6":{"type":"mesh","uvs":[0.98444,1,0.01846,1,0.01846,0,0.98444,0],"triangles":[0,2,3,1,2,0],"vertices":[1,17,61.54,-62,1,1,17,-60.17,-62,1,1,17,-60.17,63,1,1,17,61.54,63,1],"hull":4,"edges":[0,2,2,4,4,6,0,6],"width":126,"height":125}},"Images/Layer 7":{"Images/Layer 7":{"type":"mesh","uvs":[0.98009,1,0.01701,1,0.01701,0,0.98009,0],"triangles":[1,2,3,1,3,0],"vertices":[1,18,60.99,-62,1,1,18,-60.36,-62,1,1,18,-60.36,63,1,1,18,60.99,63,1],"hull":4,"edges":[0,2,2,4,4,6,0,6],"width":126,"height":125}},"Images/Layer 8":{"Images/Layer 8":{"type":"mesh","uvs":[0.98154,1,0.01846,1,0.01846,0,0.98154,0],"triangles":[2,3,0,1,2,0],"vertices":[1,19,61.17,-62,1,1,19,-60.17,-62,1,1,19,-60.17,63,1,1,19,61.17,63,1],"hull":4,"edges":[0,2,2,4,4,6,0,6],"width":126,"height":125}},"Images/Layer 9":{"Images/Layer 9":{"type":"mesh","uvs":[0.98154,1,0.01991,1,0.01991,0,0.98154,0],"triangles":[1,2,3,1,3,0],"vertices":[1,20,61.17,-62,1,1,20,-59.99,-62,1,1,20,-59.99,63,1,1,20,61.17,63,1],"hull":4,"edges":[0,2,2,4,4,6,0,6],"width":126,"height":125}},"Images/spotlight":{"Images/spotlight":{"type":"mesh","uvs":[1,1,0,1,0,0,1,0],"triangles":[1,2,3,1,3,0],"vertices":[1,11,69.58,-46.13,1,1,11,-60.42,-46.13,1,1,11,-60.42,68.87,1,1,11,69.58,68.87,1],"hull":4,"edges":[0,2,2,4,4,6,0,6],"width":130,"height":115}},"Images/Ponytail-hair":{"Images/Ponytail-hair":{"type":"mesh","uvs":[0.21608,0,0.22096,0,0.23882,0.01147,0.27037,0.04727,0.29736,0.04722,0.34297,0.01726,0.38791,0.00242,0.40107,0.01181,0.40141,0.05849,0.41457,0.11811,0.43374,0.1245,0.43243,0.13769,0.42346,0.1778,0.41098,0.1777,0.40136,0.20853,0.41134,0.23376,0.40791,0.25625,0.40729,0.27294,0.63021,0.37822,0.6399,0.3589,0.64983,0.36114,0.76584,0.46579,0.77854,0.44874,0.74799,0.40179,0.77376,0.36671,0.78673,0.36242,0.79905,0.35835,0.82381,0.36656,0.8306,0.32652,0.84205,0.31947,0.86501,0.31929,0.86533,0.33134,0.84913,0.33563,0.84239,0.34624,0.84247,0.36663,0.87611,0.40241,0.90173,0.48846,0.90924,0.49442,0.94157,0.47321,0.97066,0.47329,0.99181,0.49163,1,0.5145,1,0.54479,0.99998,0.55038,0.98448,0.58104,0.97826,0.59333,0.95978,0.60945,0.93598,0.61988,0.95066,0.63892,0.91939,0.64026,0.94628,0.71793,0.94602,0.76766,0.97314,0.78233,0.9731,0.83389,0.95706,0.85661,0.94252,0.85983,0.94092,0.89426,0.89229,0.95824,0.86953,0.98226,0.8558,0.99161,0.85576,0.97065,0.8203,0.97058,0.79127,0.95223,0.76132,0.92394,0.72901,0.83844,0.72629,0.837,0.71416,0.83413,0.73278,0.72009,0.73406,0.65873,0.70206,0.56051,0.70238,0.54633,0.72896,0.55743,0.72785,0.54744,0.66247,0.46281,0.64868,0.43524,0.64676,0.40961,0.62298,0.37519,0.41314,0.27601,0.37142,0.26687,0.35587,0.28431,0.31865,0.28415,0.28915,0.2739,0.27017,0.2489,0.25328,0.24111,0.1969,0.31594,0.1843,0.36162,0.23962,0.3598,0.23931,0.37389,0.1985,0.41399,0.18764,0.43566,0.16291,0.45544,0.14066,0.46512,0.12173,0.46167,0.07227,0.43833,0.05855,0.42661,0.01521,0.36092,0,0.3261,0,0.27,2.0E-5,0.26527,0.02091,0.21819,0.02694,0.21242,0.02684,0.17799,0.03126,0.16,0.05855,0.12413,0.08104,0.12385,0.08993,0.10068,0.10558,0.08016,0.18174,0.01978,0.16069,0.02543,0.16202,0.01154,0.17103,0.00586,0.20782,0.00581,0.19412,0.12659,0.15284,0.16531,0.13768,0.21068,0.152,0.2815,0.17643,0.31248,0.16885,0.24719,0.19833,0.27818,0.19833,0.1631,0.24803,0.15425,0.27414,0.12327,0.34574,0.07015,0.03744,0.27043,0.04249,0.33018,0.07029,0.38219,0.14526,0.42977,0.18654,0.38661,0.10988,0.3501,0.07758,0.2787,0.07872,0.20293,0.11494,0.12659,0.35585,0.10446,0.31878,0.15867,0.32299,0.20625,0.355,0.23834,0.2047,0.06817,0.70047,0.45461,0.78743,0.53577,0.88468,0.63797,0.92244,0.74618,0.92358,0.8559,0.75082,0.60039,0.75539,0.74468,0.75997,0.81532,0.8023,0.92503,0.78743,0.61242,0.84807,0.73867,0.88354,0.83035,0.8904,0.91602,0.79887,0.72815,0.82404,0.77023,0.8412,0.52675,0.87553,0.47715,0.83663,0.41102,0.92472,0.59438,0.97964,0.51172,0.93388,0.50571,0.9007,0.54028,0.79658,0.50421,0.73937,0.50571,0.83663,0.60039,0.79773,0.85139,0.77599,0.66202,0.16784,0.20585,0.22552,0.22147,0.19163,0.23631,0.25644,0.20038,0.21006,0.25818,0.11255,0.25427,0.12503,0.16211,0.16963,0.10509,0.15417,0.0801,0.22849,0.0348,0.26,0.08322,0.25227,0.10509,0.32422,0.07854,0.32422,0.11447,0.29152,0.15039,0.29806,0.22694,0.35038,0.15118,0.35573,0.19179,0.85618,0.68228,0.88902,0.74672,0.9101,0.80157],"triangles":[146,142,138,68,69,142,163,142,146,68,142,163,67,68,163,163,161,182,161,163,146,150,163,182,143,67,163,147,150,182,150,143,163,140,49,50,183,139,49,183,49,140,182,139,183,147,182,183,51,140,50,151,150,147,184,183,140,184,140,51,151,144,143,151,143,150,148,147,183,148,183,184,151,147,148,53,51,52,184,51,53,66,67,143,66,143,144,65,66,144,64,65,144,162,144,151,162,151,148,184,55,141,148,184,141,184,53,55,53,54,55,56,141,55,149,148,141,149,141,56,162,148,149,162,64,144,63,64,162,145,162,149,63,162,145,62,63,145,57,149,56,60,61,145,145,149,60,62,145,61,57,60,149,58,60,57,59,60,58,77,18,76,32,29,30,32,30,31,32,28,29,33,28,32,27,28,33,27,33,34,20,18,19,137,75,20,75,18,20,76,18,75,154,27,34,154,34,35,137,74,75,22,24,25,23,24,22,154,22,25,25,26,154,154,26,27,137,20,21,73,74,137,153,154,35,36,153,35,159,22,154,159,154,153,21,22,159,160,137,21,160,21,159,157,37,38,156,39,40,156,40,41,152,159,153,138,160,159,138,159,152,158,153,36,158,36,37,158,37,157,152,153,158,156,41,42,137,72,73,160,72,137,72,160,138,43,156,42,71,72,138,69,70,71,44,156,43,156,157,39,44,157,156,155,158,157,157,38,39,157,44,155,45,155,44,142,71,138,161,138,152,161,152,158,139,161,158,46,155,45,161,146,138,47,155,46,155,139,158,49,139,155,47,49,155,49,47,48,142,69,71,182,161,139,107,110,111,108,109,110,108,110,107,173,1,2,173,2,3,136,107,111,106,107,172,174,173,3,136,171,172,136,172,107,111,0,1,173,111,1,136,111,173,174,136,173,175,136,174,121,174,4,175,174,121,131,106,172,131,172,171,105,106,131,104,105,131,112,171,136,112,136,175,178,121,177,120,112,175,120,175,121,120,121,178,113,170,131,119,112,120,171,113,131,113,171,112,113,112,119,167,120,178,130,103,104,170,130,104,170,104,131,102,103,130,101,102,130,164,113,119,114,170,113,114,113,164,130,170,114,100,101,130,165,119,120,165,120,167,166,164,119,134,179,178,134,178,133,167,178,179,165,166,119,83,165,167,82,83,167,117,164,166,114,164,117,179,82,167,169,130,114,115,169,114,168,166,165,123,100,130,129,123,130,99,100,123,98,99,123,97,98,123,81,82,179,118,166,168,117,166,118,169,129,130,117,115,114,115,117,118,80,179,134,80,134,135,79,80,135,81,179,80,116,115,118,84,116,118,84,118,168,83,84,168,83,168,165,96,97,123,124,123,129,96,123,124,128,129,169,128,169,115,128,115,116,124,129,128,95,96,124,85,116,84,128,116,85,87,85,86,125,124,128,95,124,125,127,85,87,88,127,87,94,95,125,126,128,85,126,85,127,89,126,127,125,128,126,93,94,125,88,89,127,126,93,125,90,126,89,92,93,126,91,92,126,90,91,126,8,122,5,176,4,5,122,176,5,122,8,132,5,6,8,7,8,6,176,121,4,176,122,132,132,8,9,4,174,3,177,121,176,11,9,10,132,177,176,180,132,9,180,177,132,133,178,177,133,177,180,13,180,9,13,9,11,12,13,11,181,180,13,133,180,181,134,133,181,14,181,13,135,134,181,135,181,14,14,78,135,14,15,78,16,78,15,17,78,16,77,17,18,78,17,77,78,79,135],"vertices":[2,30,46.62,-22.27,0.08161,31,-3.65,-23.05,0.91839,2,30,45.62,-21.86,0.08943,31,-4.37,-22.24,0.91057,2,30,42.68,-18.57,0.14446,31,-5.54,-17.98,0.85554,2,30,38.47,-10.33,0.51092,31,-5.64,-8.73,0.48908,2,30,32.92,-8.07,0.92756,31,-9.62,-4.24,0.07244,2,30,21.63,-8.94,1,32,-93.19,-4.16,0,3,30,11.45,-7.5,0.99998,31,-28.6,5.81,2.0E-5,32,-87.9,4.67,0,3,30,9.34,-4.93,0.99997,31,-29.34,9.05,3.0E-5,32,-84.72,5.61,0,3,30,12.25,2.41,0.99782,31,-23.48,14.33,0.00215,32,-79.08,0.09,2.0E-5,3,30,13.34,12.84,0.94564,31,-17.86,23.19,0.05397,32,-69.89,-4.97,3.8E-4,3,30,9.81,15.44,0.9328,31,-19.87,27.09,0.06671,32,-66.12,-2.73,4.9E-4,3,30,10.92,17.4,0.92858,31,-18.01,28.35,0.07091,32,-64.75,-4.51,5.1E-4,3,30,15.32,22.93,0.88478,31,-11.61,31.35,0.11446,32,-61.37,-10.71,7.5E-4,3,30,17.88,21.86,0.86096,31,-9.79,29.26,0.13816,32,-63.34,-12.66,8.8E-4,3,30,21.83,25.88,0.73497,31,-4.47,31.11,0.26296,32,-61.16,-17.85,0.00207,3,30,21.38,30.67,0.68121,31,-2.74,35.59,0.31429,32,-56.58,-19.3,0.0045,3,30,23.52,33.9,0.65631,31,0.61,37.54,0.33589,32,-54.43,-22.52,0.0078,3,30,24.71,36.46,0.6375,31,2.82,39.3,0.3417,32,-52.54,-24.62,0.02079,3,30,-14.4,71.61,0.00729,31,-16.62,88.17,0.00306,32,-4.96,-2.2,0.98964,3,30,-17.63,69.4,0.00218,31,-20.49,87.62,0.001,32,-5.75,1.63,0.99682,3,30,-19.53,70.58,0.00175,31,-21.66,89.52,8.1E-4,32,-3.92,2.92,0.99744,3,30,-36.7,96.68,0,31,-25.46,120.53,0,32,26.8,8.62,1,3,30,-40.4,95.07,0,31,-29.48,120.74,0,32,26.75,12.65,1,3,30,-37.12,85.17,0,31,-30.94,110.4,0,32,16.35,13.47,1,1,32,16.2,21.71,1,1,32,17.72,24.25,1,1,32,19.17,26.67,1,1,32,24.04,29.58,1,2,30,-58.9,80.3,0,32,20.32,35.43,1,2,30,-61.7,80.16,0,32,21.27,38.07,1,2,30,-66.44,82.06,0,32,24.86,41.7,1,2,30,-65.73,83.97,0,32,26.35,40.31,1,2,30,-62.13,83.28,0,32,24.32,37.25,1,2,30,-60.07,84.38,0,32,24.53,34.93,1,2,30,-58.78,87.58,0,32,26.98,32.5,1,1,32,36.53,33.51,1,1,32,50.84,27.24,1,1,32,52.73,27.71,1,1,32,55.27,35.32,1,1,32,59.84,39.88,1,1,32,65.36,41.01,1,1,32,69.37,39.56,1,2,32,72.99,35.94,0.99783,33,5.52,42.96,0.00217,2,32,73.66,35.27,0.99709,33,6.41,42.63,0.00291,2,32,74.89,29.17,0.98293,33,10.07,37.6,0.01707,2,32,75.38,26.73,0.97186,33,11.55,35.59,0.02814,2,32,74.41,21.9,0.93575,33,12.68,30.8,0.06425,2,32,71.92,16.92,0.81832,33,12.5,25.23,0.18168,2,32,76.5,16.95,0.7741,33,16.65,27.17,0.2259,2,32,71.75,11.88,0.6237,33,14.46,20.58,0.3763,2,32,85.25,6.82,0.12158,33,28.84,21.63,0.87842,2,32,91.15,0.83,0.0293,33,36.7,18.67,0.9707,2,32,97.16,3.34,0.00757,33,41.11,23.46,0.99243,2,32,103.32,-2.83,6.5E-4,33,49.29,20.43,0.99935,1,33,51.65,15.76,1,1,33,51.05,12.54,1,1,33,56.38,10.2,1,2,30,-31.3,184.34,0,33,62.78,-3.68,1,2,30,-25.09,186.19,0,33,64.84,-9.82,1,2,30,-21.67,186.51,0,33,65.27,-13.23,1,2,30,-23,183.22,0,33,61.94,-12.01,1,2,30,-15.71,180.24,0,33,59.2,-19.39,1,2,30,-10.92,174.94,0,33,54.06,-24.36,1,2,30,-6.56,168,0,33,47.27,-28.94,1,2,30,-5.37,151.92,0,33,31.23,-30.67,1,2,30,-4.91,151.46,0,33,30.8,-31.15,1,2,30,-2.59,150,0,33,29.41,-33.51,1,2,30,-13.69,133.71,0,33,12.76,-22.95,1,3,30,-17.87,124.21,0,32,44.86,-19.42,0.0487,33,3.13,-19.1,0.9513,3,30,-17.55,106.16,0,32,28.1,-12.71,0.6538,33,-14.9,-20.01,0.3462,3,30,-18.52,103.97,0,32,26.46,-10.96,0.65663,33,-17.12,-19.11,0.34337,3,30,-23.28,107.93,0,32,31.96,-8.12,0.7505,33,-13.32,-14.23,0.2495,3,30,-23.69,106.27,0,32,30.59,-7.1,0.8664,33,-14.99,-13.87,0.1336,1,32,10.21,-7.25,1,1,32,4.75,-6.12,1,1,32,1.39,-3.36,1,3,30,-13.11,70.53,0.02617,31,-15.94,86.63,0.01143,32,-6.46,-2.98,0.9624,3,30,23.71,37.43,0.62742,31,2.34,40.62,0.33296,32,-51.25,-24.07,0.03963,3,30,31.7,32.51,0.58705,31,7.32,32.66,0.41182,32,-58.89,-29.52,0.00113,3,30,36.01,33.93,0.51637,31,11.81,32.02,0.48274,32,-59.25,-34.05,9.0E-4,3,30,43.65,30.79,0.38996,31,17.26,25.81,0.60946,32,-65.11,-39.87,5.8E-4,3,30,49.06,26.72,0.27948,31,20.3,19.75,0.72015,32,-70.96,-43.28,3.7E-4,3,30,51.37,21.21,0.16051,31,19.93,13.8,0.83929,32,-76.93,-43.27,1.9E-4,3,30,54.35,18.58,0.05731,31,21.42,10.12,0.94262,32,-80.52,-44.99,7.0E-5,1,31,39.19,9.11,1,1,31,46.82,12.13,1,1,31,38.46,21.12,1,1,31,40.29,22.65,1,1,31,51.37,20.35,1,1,31,55.71,20.96,1,1,31,61.85,19.06,1,1,31,66.35,16.44,1,1,31,68.69,12.91,1,1,31,73,2.07,1,1,31,73.54,-1.52,1,1,31,71.59,-16.09,1,1,31,69.41,-22.51,1,1,31,62.31,-28.79,1,1,31,61.71,-29.32,1,1,31,52.67,-31.11,1,1,31,51.05,-30.75,1,1,31,46.71,-34.62,1,1,31,43.78,-35.9,1,1,31,35.23,-35.37,1,1,31,31.88,-31.66,1,1,31,27.64,-32.77,1,1,31,22.74,-32.46,1,2,30,54.94,-22.05,0.02282,31,3.9,-26.55,0.97718,2,30,59.63,-22.93,0.01531,31,7.71,-29.42,0.98469,2,30,58.47,-24.99,0.01671,31,5.76,-30.75,0.98329,2,30,56.26,-25.13,0.01805,31,3.71,-29.89,0.98195,2,30,48.69,-22.05,0.065,31,-1.7,-23.77,0.935,1,31,15.61,-12.54,1,1,31,26.58,-15.07,1,1,31,34.56,-12.52,1,1,31,41.42,-2.21,1,1,31,41.76,5.32,1,1,31,34.6,-3.25,1,2,31,34.19,5.12,1,32,-84.71,-58.04,0,1,31,19.62,-7.75,1,1,31,11.19,-0.48,1,3,30,42.54,1.88,0.01663,31,3.43,0.4,0.98336,32,-91.32,-27.63,0,1,30,24.44,-0.43,1,1,31,56.86,-22.51,1,1,31,63.68,-14.99,1,1,31,66.18,-4.54,1,1,31,61.19,13.25,1,1,31,49.66,15.29,1,1,31,56.3,-1.55,1,1,31,52.01,-14.91,1,1,31,42.24,-23.2,1,1,31,27.25,-25.71,1,3,30,24.55,5.78,0.96614,31,-10.96,11.89,0.03375,32,-80.74,-12.56,1.1E-4,3,30,35.62,11.16,0.58727,31,1.35,11.79,0.41251,32,-80.08,-24.86,2.2E-4,3,30,37.79,18.96,0.45622,31,6.76,17.82,0.54331,32,-73.74,-29.88,4.7E-4,3,30,33.26,26.67,0.56666,31,6.12,26.73,0.43231,32,-64.88,-28.69,0.00104,2,30,53.31,-12.56,0.03077,31,6.66,-17.32,0.96923,3,30,-23.98,89.45,0,31,-17.27,108.41,0,32,15.2,-0.3,1,1,32,38.55,3.65,1,2,32,66.03,6.7,0.56411,33,11.43,13.49,0.43589,2,32,84.89,-0.3,0.0651,33,31.48,15.02,0.9349,1,33,48.97,8.83,1,3,30,-25.03,116.49,0,32,40.52,-9.82,0.37881,33,-4.83,-12.19,0.62119,2,30,-16.77,139.45,0,33,18.4,-19.68,1,2,30,-13.21,150.89,0,33,29.95,-22.87,1,2,30,-14.92,171.61,0,33,50.6,-20.47,1,2,30,-31.79,121.43,0,33,-0.1,-5.27,1,2,30,-36.21,146.27,0,33,24.57,-0.03,1,2,32,88.84,-16.47,2.5E-4,33,41.84,1.99,0.99975,2,30,-33.61,177.57,0,33,55.95,-1.6,1,2,30,-26.77,140.5,0,33,19.12,-9.66,1,2,30,-29.26,149.2,0,33,27.73,-6.88,1,1,32,45.91,13.17,1,1,32,45.37,24.48,1,1,32,31.36,26.28,1,2,32,67.1,18.2,0.8895,33,7.59,24.38,0.1105,2,32,65.85,36.7,0.99976,33,-1.29,40.66,2.4E-4,2,32,57.94,30.23,0.99923,33,-5.76,31.48,7.7E-4,2,32,56.87,20.89,0.989,33,-2.83,22.54,0.011,3,30,-40.58,105.26,0,31,-25.11,129.95,0,32,36.21,8.86,1,2,32,27.41,-0.3,0.99864,33,-20.72,-9.03,0.00136,1,32,53.99,3.65,1,2,30,-18.67,159.7,0,33,38.57,-17.12,1,2,30,-26.28,128.24,0,33,6.88,-10.56,1,1,31,29.51,-8.04,1,3,30,58.8,13.18,0.03567,31,23.01,3.3,0.96429,32,-87.22,-47,4.0E-5,3,30,66.72,12.66,0.01435,31,29.87,-0.68,0.98564,32,-90.77,-54.09,2.0E-5,3,30,51.1,12.47,0.06401,31,15.8,6.09,0.93591,32,-84.89,-39.63,8.0E-5,3,30,64.32,17.63,0.01454,31,29.94,4.84,0.98545,32,-85.26,-53.81,2.0E-5,1,31,43.77,-11.82,1,1,31,30.26,-20.06,1,2,30,62.87,-9.71,0.00416,31,16.49,-19.02,0.99584,2,30,64.46,-14.92,0.00692,31,15.6,-24.39,0.99308,2,30,46.29,-15.79,0.1283,31,-1.07,-17.09,0.8717,3,30,42.9,-5.57,0.21439,31,0.44,-6.43,0.78561,32,-98.33,-25.07,0,3,30,45.88,-2.79,0.14262,31,4.34,-5.27,0.85738,32,-96.93,-28.89,0,3,30,29.4,-0.92,0.78074,31,-9.6,3.73,0.21926,32,-88.81,-14.43,0,3,30,31.69,4.7,0.71211,31,-5.05,7.75,0.28779,32,-84.51,-18.72,1.0E-4,3,30,40.7,7.58,0.27883,31,4.31,6.33,0.72106,32,-85.35,-28.15,1.1E-4,3,30,44.24,20.11,0.31681,31,13.04,15.98,0.68285,32,-75.18,-36.27,3.4E-4,3,30,28.65,12.64,0.76405,31,-4.24,16.21,0.23561,32,-76.02,-19,3.4E-4,3,30,30.14,19.44,0.6788,31,0.12,21.64,0.32045,32,-70.33,-23.01,7.5E-4,3,30,-41.48,138.13,0,32,66.85,-3.07,0.36112,33,16.26,4.96,0.63888,3,30,-44.12,150.96,0,32,79.7,-5.61,0.03448,33,29,8.03,0.96552,2,32,89.57,-8.86,0.0148,33,39.32,9.2,0.9852],"hull":112,"edges":[0,222,0,2,2,4,4,6,6,8,8,10,10,12,12,14,14,16,16,18,18,20,20,22,22,24,24,26,26,28,28,30,30,32,32,34,34,36,36,38,38,40,40,42,42,44,44,46,46,48,52,54,54,56,56,58,58,60,60,62,62,64,64,66,66,68,68,70,70,72,72,74,74,76,76,78,78,80,80,82,82,84,84,86,90,92,92,94,94,96,96,98,98,100,100,102,102,104,104,106,106,108,108,110,110,112,112,114,114,116,116,118,118,120,120,122,122,124,124,126,126,128,128,130,130,132,132,134,134,136,136,138,138,140,140,142,142,144,144,146,146,148,148,150,150,152,152,154,154,156,156,158,158,160,160,162,162,164,164,166,166,168,168,170,170,172,172,174,174,176,176,178,178,180,180,182,182,184,184,186,186,188,188,190,190,192,192,194,194,196,196,198,198,200,200,202,202,204,204,206,206,208,208,210,210,212,212,214,214,216,216,218,218,220,220,222,48,50,50,52,86,88,88,90],"width":222,"height":169}},"Images/hat":{"Images/hat":{"type":"mesh","uvs":[1,1,0,1,0,0,1,0],"triangles":[1,3,0,1,2,3],"vertices":[1,9,53,-46,1,1,9,-52,-46,1,1,9,-52,46,1,1,9,53,46,1],"hull":4,"edges":[0,2,2,4,4,6,0,6],"width":105,"height":92}},"Images/wink 1":{"Images/wink 1":{"type":"mesh","uvs":[1,1,0,1,0,0,1,0],"triangles":[1,2,3,1,3,0],"vertices":[1,12,48,-36,1,1,12,-48,-36,1,1,12,-48,36,1,1,12,48,36,1],"hull":4,"edges":[0,2,2,4,4,6,0,6],"width":96,"height":72}},"Images/Layer 2":{"Images/Layer 2":{"type":"mesh","uvs":[0.98154,1,0.02136,1,0.02136,0,0.98154,0],"triangles":[0,2,3,1,2,0],"vertices":[1,13,61.17,-62,1,1,13,-59.81,-62,1,1,13,-59.81,63,1,1,13,61.17,63,1],"hull":4,"edges":[0,2,2,4,4,6,0,6],"width":126,"height":125}},"Images/iris":{"Images/iris":{"type":"mesh","uvs":[1,1,0,1,0,0,1,0],"triangles":[1,2,3,1,3,0],"vertices":[1,10,38,-26,1,1,10,-38,-26,1,1,10,-38,26,1,1,10,38,26,1],"hull":4,"edges":[0,2,2,4,4,6,0,6],"width":76,"height":52}},"Images/Layer 13":{"Images/Layer 13":{"type":"mesh","uvs":[0.97864,1,0.01991,1,0.01991,0,0.97864,0],"triangles":[1,2,3,1,3,0],"vertices":[1,24,60.81,-62,1,1,24,-59.99,-62,1,1,24,-59.99,63,1,1,24,60.81,63,1],"hull":4,"edges":[0,2,2,4,4,6,0,6],"width":126,"height":125}},"Images/Heart":{"Images/Heart":{"type":"mesh","uvs":[1,1,0,1,0,0,1,0],"triangles":[1,2,3,1,3,0],"vertices":[1,5,20.9,-16.25,1,1,5,-20.9,-16.25,1,1,5,-20.9,16.25,1,1,5,20.9,16.25,1],"hull":4,"edges":[0,2,2,4,4,6,0,6],"width":108,"height":84}},"Images/hat-back":{"Images/hat-back":{"type":"mesh","uvs":[1,1,0,1,0,0,1,0],"triangles":[1,2,3,1,3,0],"vertices":[1,9,30.05,-41,1,1,9,-36.95,-41,1,1,9,-36.95,20,1,1,9,30.05,20,1],"hull":4,"edges":[0,2,2,4,4,6,0,6],"width":67,"height":61}},"Images/Layer 1":{"Images/Layer 1":{"type":"mesh","uvs":[0.98222,1,0.01502,1,0.01502,0,0.98222,0],"triangles":[1,2,3,1,3,0],"vertices":[1,7,64.25,-65.08,1,1,7,-63.62,-65.08,1,1,7,-63.62,66.08,1,1,7,64.25,66.08,1],"hull":4,"edges":[0,2,2,4,4,6,0,6],"width":126,"height":125}},"Images/spotlight2":{"Images/spotlight":{"type":"mesh","uvs":[1,1,0,1,0,0,1,0],"triangles":[1,2,3,1,3,0],"vertices":[1,39,69.58,-46.13,1,1,39,-60.42,-46.13,1,1,39,-60.42,68.87,1,1,39,69.58,68.87,1],"hull":4,"edges":[0,2,2,4,4,6,0,6],"width":130,"height":115}},"Images/head":{"Images/head":{"type":"mesh","uvs":[0.20162,0,0.27891,0,0.44378,0.07308,0.55161,0.17997,0.60789,0.20242,0.67439,0.2696,0.80802,0.44769,0.81659,0.5497,0.83161,0.59595,0.8322,0.66313,0.79465,0.66318,0.77557,0.76987,0.80902,0.85358,0.86521,0.92378,0.86576,0.98908,0.8165,0.98919,0.76943,0.90489,0.74513,0.97975,0.69558,0.89865,0.69718,0.75289,0.61713,0.8058,0.64608,0.70442,0.48969,0.76333,0.44984,0.74221,0.29266,0.58509,0.29295,0.67233,0.26992,0.67643,0.25639,0.59606,0.17315,0.59554,0.12091,0.48952,0.12619,0.40578,0.11177,0.3707,0.0896,0.35998,0.08977,0.31464,0.06127,0.25798,0.11234,0.25814,0.1346,0.22181,0.13455,0.06695,0.47214,0.59117,0.509,0.60645,0.5427,0.61454,0.55664,0.62443,0.57102,0.63521,0.58855,0.65409,0.5845,0.62892,0.58495,0.61049,0.57282,0.60825,0.56158,0.59476,0.53776,0.59252,0.50405,0.59342,0.48563,0.60915,0.50945,0.63476,0.53282,0.65499,0.56068,0.66218,0.58046,0.65813,0.67934,0.62138,0.69822,0.67172,0.67485,0.72565,0.75754,0.62767,0.57023,0.26654,0.49465,0.30632,0.39522,0.34742,0.34218,0.41769,0.34086,0.46939],"triangles":[1,36,37,59,3,4,59,4,5,60,2,3,60,3,59,33,34,35,2,36,1,61,2,60,1,37,0,2,61,36,31,33,35,32,33,31,31,36,61,36,31,35,62,30,31,61,62,31,63,30,62,29,30,63,63,27,29,38,61,60,63,62,61,38,63,61,24,63,38,47,48,60,49,38,60,59,47,60,5,47,59,48,49,60,6,47,5,45,46,47,27,28,29,63,24,27,39,49,48,47,6,45,50,38,49,50,49,39,6,55,45,40,48,47,41,40,47,39,48,40,7,55,6,58,55,7,46,41,47,8,58,7,44,46,45,44,45,55,42,41,46,51,39,40,50,39,51,44,42,46,43,44,55,42,44,43,52,51,40,52,40,41,54,42,43,53,41,42,53,42,54,52,41,53,10,58,8,9,10,8,56,55,58,27,24,25,26,27,25,21,43,55,21,55,56,57,21,56,38,23,24,23,38,50,23,50,51,23,51,52,19,57,56,56,58,10,22,23,52,22,52,53,21,22,53,54,21,53,21,54,43,11,56,10,19,56,11,20,21,57,20,57,19,18,19,11,18,11,12,16,18,12,16,12,13,17,18,16,15,16,13,15,13,14],"vertices":[1,8,-26.06,45,1,1,8,-19.18,45,1,1,8,-4.5,38.5,1,1,8,5.09,28.98,1,1,8,10.1,26.98,1,1,8,16.02,21.01,1,1,8,27.91,5.16,1,1,8,28.68,-3.92,1,1,8,30.01,-8.04,1,1,8,30.07,-14.02,1,1,8,26.72,-14.02,1,1,8,25.03,-23.52,1,1,8,28,-30.97,1,1,8,33,-37.22,1,1,8,33.05,-43.03,1,1,8,28.67,-43.04,1,1,8,24.48,-35.54,1,1,8,22.32,-42.2,1,1,8,17.91,-34.98,1,1,8,18.05,-22.01,1,1,8,10.92,-26.72,1,1,8,13.5,-17.69,1,1,8,-0.42,-22.94,1,1,8,-3.96,-21.06,1,1,8,-17.95,-7.07,1,1,8,-17.93,-14.84,1,1,8,-19.98,-15.2,1,1,8,-21.18,-8.05,1,1,8,-28.59,-8,1,1,8,-33.24,1.43,1,1,8,-32.77,8.89,1,1,8,-34.05,12.01,1,1,8,-36.03,12.96,1,1,8,-36.01,17,1,1,8,-38.55,22.04,1,1,8,-34,22.03,1,1,8,-32.02,25.26,1,1,8,-32.02,39.04,1,1,8,-1.98,-7.61,1,1,8,1.3,-8.97,1,1,8,4.3,-9.69,1,1,8,5.54,-10.57,1,1,8,6.82,-11.53,1,1,8,8.38,-13.21,1,1,8,8.02,-10.97,1,1,8,8.06,-9.33,1,1,8,6.98,-9.13,1,1,8,5.98,-7.93,1,1,8,3.86,-7.73,1,1,8,0.86,-7.81,1,1,8,-0.78,-9.21,1,1,8,1.34,-11.49,1,1,8,3.42,-13.29,1,1,8,5.9,-13.93,1,1,8,7.66,-13.57,1,1,8,16.46,-10.3,1,1,8,18.14,-14.78,1,1,8,16.06,-19.58,1,1,8,23.42,-10.86,1,1,8,6.75,21.28,1,1,8,0.02,17.74,1,1,8,-8.83,14.08,1,1,8,-13.55,7.83,1,1,8,-13.66,3.22,1],"hull":38,"edges":[0,74,0,2,2,4,4,6,6,8,8,10,10,12,12,14,14,16,16,18,18,20,20,22,22,24,24,26,26,28,28,30,30,32,32,34,34,36,36,38,38,40,40,42,42,44,44,46,46,48,48,50,50,52,52,54,54,56,56,58,58,60,60,62,62,64,64,66,66,68,68,70,70,72,72,74],"width":89,"height":89}},"Images/body":{"Images/body":{"type":"mesh","uvs":[0.5196,0.11471,0.53897,0.11627,0.55225,0.16554,0.54944,0.18378,0.60363,0.23271,0.67984,0.28781,0.71692,0.30806,0.6948,0.32864,0.73146,0.35187,0.75357,0.36279,0.84555,0.38739,0.80441,0.43365,0.80377,0.45917,0.84597,0.49343,0.91787,0.54034,0.91692,0.62592,0.83845,0.7212,0.83441,0.72825,0.83421,0.763,0.80958,0.78691,0.81881,0.82019,0.84447,0.82991,0.84984,0.85505,0.88078,0.86945,0.90662,0.86925,0.92765,0.88845,0.94844,0.89537,0.94816,0.95412,0.99542,0.99529,0.31162,0.99534,0.25092,0.99534,0.08701,0.99535,0.08736,0.98091,0.04255,0.98074,0.03598,0.96117,0,0.92778,0,0.90953,0.01683,0.90006,0.05082,0.84168,0.08034,0.80629,0.13351,0.78781,0.13501,0.73982,0.15531,0.73814,0.1554,0.64868,0.1713,0.61672,0.17219,0.59139,0.18645,0.54859,0.18647,0.5168,0.2065,0.49346,0.19857,0.44108,0.22267,0.42949,0.22264,0.39122,0.23498,0.3866,0.25882,0.31824,0.27829,0.30027,0.32352,0.29476,0.37377,0.29422,0.39329,0.246,0.37271,0.20716,0.40819,0.20784,0.46239,0.22248,0.49709,0.21369,0.46091,0.16146,0.47108,0.12035,0.51156,0.1209,0.2694,0.83064,0.30759,0.88874,0.30257,0.9103,0.29352,0.80814,0.28448,0.78846,0.29051,0.76222,0.3086,0.75378,0.30056,0.73129,0.32267,0.72005,0.31765,0.67131,0.33875,0.64226,0.35383,0.61602,0.36589,0.43608,0.41012,0.68912,0.47043,0.76503,0.5227,0.83439,0.48551,0.88125,0.32669,0.9759,0.4252,0.26645,0.46842,0.32924,0.5026,0.42015,0.5227,0.5879,0.56995,0.68162,0.74485,0.65726,0.8514,0.67131,0.64935,0.44264,0.74267,0.444,0.60412,0.27582,0.58904,0.32924,0.31664,0.37047,0.2895,0.49043,0.26739,0.56166,0.24527,0.63757,0.23321,0.71255,0.67899,0.40343,0.65941,0.34986,0.65438,0.36766,0.60211,0.7566,0.61719,0.84844,0.59407,0.91592,0.50762,0.97684,0.79511,0.81283,0.82928,0.90374,0.89361,0.96747,0.89261,0.58978,0.85843,0.52605,0.77299,0.46982,0.19024,0.81745,0.15841,0.92875,0.14149,0.81838,0.07186,0.90278,0.24993,0.84898,0.2559,0.9371,0.49813,0.24511,0.5511,0.26668,0.54065,0.34737,0.74733,0.55328,0.69286,0.48233,0.54215,0.50946,0.62273,0.50737,0.51156,0.50668,0.69584,0.5192,0.40262,0.46146,0.4459,0.48094,0.38173,0.5512,0.50111,0.66111,0.56751,0.72998,0.42202,0.50737,0.43918,0.43642,0.46828,0.4072,0.40785,0.35155,0.38845,0.30981,0.34517,0.37381,0.31533,0.33207,0.54224,0.63011,0.54569,0.36239,0.57995,0.39111,0.59879,0.40636,0.60622,0.43832,0.60775,0.47595,0.63795,0.49014,0.65751,0.50488,0.53688,0.43209,0.56084,0.45785,0.61935,0.4924,0.70002,0.57914,0.73249,0.58308,0.72538,0.60853,0.72752,0.64709],"triangles":[109,89,151,89,109,15,109,121,110,121,109,151,121,13,110,121,111,13,111,12,13,15,109,14,109,110,14,151,150,121,150,126,121,121,126,111,111,122,91,111,126,122,14,110,13,12,111,11,11,111,91,31,113,30,31,32,113,30,117,29,30,113,117,28,29,105,105,104,108,107,104,103,29,82,105,29,117,82,32,34,115,32,115,113,32,33,34,82,81,105,105,81,104,117,67,82,67,66,82,82,66,81,79,68,71,81,68,79,35,37,34,34,37,115,67,117,116,115,114,113,117,113,116,113,112,116,113,114,112,35,36,37,81,80,104,104,80,103,67,116,66,37,38,115,114,38,39,114,115,38,71,73,79,73,78,79,116,65,66,65,68,66,81,66,68,81,79,80,116,112,65,80,102,103,80,131,102,80,79,131,65,69,68,65,112,69,39,40,114,112,114,40,112,40,42,42,40,41,112,98,69,112,42,98,68,69,71,71,69,70,69,98,70,79,130,131,79,78,130,70,72,71,70,98,72,131,87,102,153,102,87,71,72,73,42,43,98,73,72,74,131,130,87,72,98,74,73,74,78,130,139,87,124,126,139,98,43,97,98,97,74,97,43,44,74,75,78,75,76,78,78,76,130,126,87,139,74,97,75,76,129,130,130,129,86,86,129,132,130,86,139,125,132,128,132,125,86,76,75,96,44,45,97,97,45,96,75,97,96,96,45,46,139,86,124,124,86,123,76,96,129,129,96,95,123,149,124,123,144,149,86,125,123,129,95,127,77,94,137,77,95,94,46,47,96,47,48,96,96,48,95,129,127,132,127,95,77,123,148,144,123,125,148,132,127,128,128,85,125,125,147,148,125,85,147,48,50,95,48,49,50,95,50,94,94,50,52,94,53,138,53,94,52,127,133,128,85,128,133,127,77,133,133,77,135,77,137,135,53,54,138,50,51,52,136,137,138,56,138,55,137,94,138,138,54,55,28,105,108,108,27,28,104,107,108,107,106,20,106,107,103,107,23,108,108,25,27,25,23,24,25,108,23,27,25,26,107,22,23,22,20,21,22,107,20,19,106,102,88,102,153,150,152,153,103,102,106,150,153,87,106,19,20,19,102,88,18,19,17,17,19,88,150,87,126,17,88,16,16,89,15,16,88,89,88,152,151,89,88,151,88,153,152,152,150,151,124,146,126,124,145,146,146,122,126,124,149,145,146,145,122,149,144,145,145,90,122,145,144,90,90,99,122,122,99,91,85,133,134,148,143,144,144,143,90,148,142,143,142,147,141,142,148,147,91,99,9,91,9,11,9,99,8,99,90,142,90,143,142,134,133,135,11,9,10,141,147,140,147,85,140,85,134,140,134,120,140,134,84,120,134,135,84,142,101,99,142,141,101,99,101,8,8,100,7,100,8,101,141,93,101,141,140,93,137,136,135,138,56,136,101,93,100,140,120,93,135,136,84,93,92,100,100,5,7,100,92,5,93,120,119,120,84,119,93,119,92,136,83,84,84,83,118,84,118,119,118,83,60,7,5,6,136,56,83,56,57,83,119,4,92,5,92,4,4,119,3,57,59,83,83,59,60,57,58,59,60,61,118,3,119,61,119,118,61,3,61,2,64,2,62,64,0,1,2,61,62,64,62,63,2,64,1],"vertices":[1,34,-13.23,51.97,1,1,34,-9.49,51.65,1,2,34,-6.93,41.45,0.99588,35,12.45,82.59,0.00412,2,34,-7.47,37.68,0.99126,35,11.91,78.82,0.00874,3,34,2.99,27.54,0.99731,35,22.37,68.68,0.00211,36,-49.71,66.64,5.7E-4,2,34,17.7,16.15,0.95652,36,-35,55.25,0.04348,2,34,24.87,11.98,0.9315,36,-27.83,51.08,0.0685,4,34,20.64,7.77,0.90216,37,-7.58,77.13,3.1E-4,35,40.02,48.91,5.0E-5,36,-32.06,46.87,0.09747,4,34,27.85,3.07,0.75583,37,-0.37,72.43,0.00147,35,47.23,44.21,0.00211,36,-24.85,42.17,0.24059,4,34,32.17,0.83,0.67842,37,3.95,70.19,0.00145,35,51.55,41.97,0.00264,36,-20.53,39.93,0.31749,2,34,50.02,-4.3,0.55942,36,-2.68,34.8,0.44058,4,34,42.1,-13.91,0.48784,37,13.88,55.45,0.00898,35,61.48,27.23,0.01161,36,-10.6,25.19,0.49158,4,34,41.98,-19.23,0.35344,37,13.76,50.13,0.02118,35,61.36,21.91,0.02199,36,-10.72,19.87,0.60339,4,34,49.91,-26.41,0.11012,37,21.69,42.95,0.00684,35,69.29,14.73,0.01037,36,-2.79,12.69,0.87267,3,37,35.41,33.23,0.00192,38,75.53,44.79,0,36,10.93,2.97,0.99808,3,37,35.23,15.51,0.17175,38,75.35,27.07,0,36,10.75,-14.75,0.82825,3,37,20.09,-4.21,0.79548,38,60.21,7.35,0.00762,36,-4.39,-34.47,0.19689,3,37,19.31,-5.67,0.83566,38,59.43,5.89,0.01397,36,-5.17,-35.93,0.15038,3,37,19.27,-12.87,0.89766,38,59.39,-1.31,0.04734,36,-5.21,-43.13,0.055,3,37,14.52,-17.82,0.87247,38,54.64,-6.26,0.11251,36,-9.96,-48.08,0.01503,3,37,16.3,-24.71,0.80786,38,56.42,-13.15,0.19141,36,-8.18,-54.97,7.3E-4,2,37,21.25,-26.71,0.79096,38,61.37,-15.15,0.20904,2,37,22.29,-31.92,0.7801,38,62.41,-20.36,0.2199,2,37,28.26,-34.9,0.77921,38,68.38,-23.34,0.22079,2,37,33.24,-34.86,0.78224,38,73.36,-23.3,0.21776,2,37,37.3,-38.83,0.78415,38,77.42,-27.27,0.21585,2,37,41.31,-40.27,0.78505,38,81.43,-28.71,0.21495,2,37,41.26,-52.43,0.78479,38,81.38,-40.87,0.21521,2,37,50.38,-60.95,0.78846,38,90.5,-49.39,0.21154,3,37,-83.44,-64.95,0.00173,35,-35.84,-93.17,0.11269,38,-43.32,-53.39,0.88558,2,35,-48.2,-93.44,0.14721,38,-55.68,-53.66,0.85279,2,35,-81.53,-93.78,0.18827,38,-89.01,-54,0.81173,2,35,-81.46,-90.65,0.18931,38,-88.94,-50.87,0.81069,2,35,-90.55,-90.64,0.19285,38,-98.03,-50.86,0.80715,2,35,-91.88,-86.4,0.1942,38,-99.36,-46.62,0.8058,2,35,-99.18,-79.18,0.19798,38,-106.66,-39.4,0.80202,2,35,-99.18,-75.22,0.19878,38,-106.66,-35.44,0.80122,2,35,-95.78,-73.17,0.20078,38,-103.26,-33.39,0.79922,2,35,-88.93,-60.52,0.22131,38,-96.41,-20.74,0.77869,2,35,-82.99,-52.86,0.24199,38,-90.47,-13.08,0.75801,2,35,-72.3,-48.9,0.29768,38,-79.78,-9.12,0.70232,3,34,-91.49,-79.68,1.0E-5,35,-72.11,-38.54,0.36909,38,-79.59,1.24,0.6309,3,34,-87.41,-79.33,1.7E-4,35,-68.03,-38.19,0.39457,38,-75.51,1.59,0.60526,3,34,-87.68,-59.96,0.00805,35,-68.3,-18.82,0.58232,38,-75.78,20.96,0.40963,3,34,-84.51,-52.99,0.01757,35,-65.13,-11.85,0.64122,38,-72.61,27.93,0.3412,3,34,-84.36,-47.46,0.02869,35,-64.98,-6.32,0.68297,38,-72.46,33.46,0.28834,3,34,-81.44,-38.1,0.05822,35,-62.06,3.04,0.73909,38,-69.54,42.82,0.20268,3,34,-81.38,-31.15,0.08345,35,-62,9.99,0.76052,38,-69.48,49.77,0.15603,3,34,-77.2,-26.05,0.1169,35,-57.82,15.09,0.76943,38,-65.3,54.87,0.11366,3,34,-78.59,-14.68,0.17712,35,-59.21,26.46,0.76115,38,-66.69,66.24,0.06173,3,34,-73.59,-12.2,0.20492,35,-54.21,28.94,0.74771,38,-61.69,68.72,0.04737,3,34,-73.36,-3.99,0.26074,35,-53.98,37.15,0.71404,38,-61.46,76.93,0.02522,3,34,-70.82,-3.02,0.27388,35,-51.44,38.12,0.70451,38,-58.92,77.9,0.0216,3,34,-65.61,11.44,0.37644,35,-46.23,52.58,0.62105,38,-53.71,92.36,0.00251,3,34,-61.63,15.23,0.39739,35,-42.25,56.37,0.60165,38,-49.73,96.15,9.6E-4,3,34,-52.43,16.23,0.45106,35,-33.05,57.37,0.54891,38,-40.53,97.15,3.0E-5,2,34,-42.1,15.87,0.59902,35,-22.72,57.01,0.40098,2,34,-37.89,25.35,0.77298,35,-18.51,66.49,0.22702,2,34,-41.84,33.34,0.80058,35,-22.46,74.48,0.19942,2,34,-34.93,33.19,0.80375,35,-15.55,74.33,0.19625,2,34,-24.35,29.97,0.86355,35,-4.97,71.11,0.13645,2,34,-17.59,31.56,0.95199,35,1.79,72.7,0.04801,2,34,-24.56,42.29,0.99754,35,-5.18,83.43,0.00246,1,34,-22.6,50.8,1,1,34,-14.78,50.69,1,2,35,-44.62,-58.02,0.24156,38,-52.1,-18.24,0.75844,3,37,-84.33,-42.11,2.6E-4,35,-36.73,-70.33,0.15483,38,-44.21,-30.55,0.84491,3,37,-85.33,-46.74,3.8E-4,35,-37.73,-74.96,0.14343,38,-45.21,-35.18,0.85619,2,35,-39.75,-53.15,0.25987,38,-47.23,-13.37,0.74013,2,35,-41.64,-48.96,0.29865,38,-49.12,-9.18,0.70135,2,35,-40.49,-43.33,0.3453,38,-47.97,-3.55,0.6547,2,35,-36.82,-41.49,0.35164,38,-44.3,-1.71,0.64836,3,34,-57.91,-77.82,8.0E-5,35,-38.53,-36.68,0.40725,38,-46.01,3.1,0.59267,3,34,-53.43,-75.38,1.0E-4,35,-34.05,-34.24,0.42194,38,-41.53,5.54,0.57797,3,34,-54.59,-64.87,0.00266,35,-35.21,-23.73,0.55297,38,-42.69,16.05,0.44437,3,34,-50.36,-58.57,0.00607,35,-30.98,-17.43,0.63149,38,-38.46,22.35,0.36244,3,34,-47.34,-52.86,0.01213,35,-27.96,-11.72,0.70583,38,-35.44,28.06,0.28204,3,34,-44.46,-13.7,0.29951,35,-25.08,27.44,0.6881,38,-32.56,67.22,0.01239,2,35,-16.3,-27.49,0.44598,38,-23.78,12.29,0.55402,3,37,-51.49,-15.17,2.5E-4,35,-3.89,-43.39,0.09192,38,-11.37,-3.61,0.90783,3,37,-40.97,-29.39,0.09447,35,6.63,-57.61,0.0025,38,-0.85,-17.83,0.90304,3,37,-48.37,-39.52,0.07453,35,-0.77,-67.74,0.01418,38,-8.25,-27.96,0.9113,3,37,-80.38,-60.69,0.00318,35,-32.78,-88.91,0.10384,38,-40.26,-49.13,0.89299,2,34,-31.69,21.12,0.77184,35,-12.31,62.26,0.22816,2,34,-23.31,8.11,0.75866,35,-3.93,49.25,0.24134,4,34,-16.78,-10.52,0.59889,37,-45,58.84,0.00159,35,2.6,30.62,0.39764,36,-69.48,28.58,0.00188,5,34,-12.89,-46.74,0.01541,37,-41.11,22.62,0.05406,35,6.49,-5.6,0.81943,38,-0.99,34.18,0.10035,36,-65.59,-7.64,0.01075,5,34,-3.34,-66.52,0.00332,37,-31.56,2.84,0.21705,35,16.04,-25.38,0.23666,38,8.56,14.4,0.53751,36,-56.04,-27.42,0.00546,5,34,30.38,-60.43,0.01497,37,2.16,8.93,0.78887,35,49.76,-19.29,0.02871,38,42.28,20.49,0.00175,36,-22.32,-21.33,0.16571,4,34,50.81,-63.25,9.0E-5,37,22.59,6.11,0.53163,35,70.19,-22.11,1.8E-4,36,-1.89,-24.15,0.4681,4,34,12.28,-15.51,0.65229,37,-15.94,53.85,0.04287,35,31.66,25.63,0.1296,36,-40.42,23.59,0.17524,4,34,30.25,-16,0.50656,37,2.03,53.36,0.03077,35,49.63,25.14,0.03875,36,-22.45,23.1,0.42392,3,34,3.08,18.62,0.99588,35,22.46,59.76,7.9E-4,36,-49.62,57.72,0.00334,2,34,0.17,7.56,0.9969,36,-52.53,46.66,0.0031,3,34,-54.09,0.27,0.37001,35,-34.71,41.41,0.62452,38,-42.19,81.19,0.00547,3,34,-60.27,-25.4,0.14515,35,-40.89,15.74,0.77699,38,-48.37,55.52,0.07786,3,34,-64.96,-40.96,0.05538,35,-45.58,0.18,0.75024,38,-53.06,39.96,0.19439,3,34,-69.42,-57.55,0.01253,35,-50.04,-16.41,0.62502,38,-57.52,23.37,0.36246,3,34,-71.68,-73.82,9.4E-4,35,-52.3,-32.68,0.46651,38,-59.78,7.1,0.53255,4,34,17.82,-7.51,0.75246,37,-10.4,61.85,0.01598,35,37.2,33.63,0.0369,36,-34.88,31.59,0.19466,4,34,13.82,3.41,0.91548,37,-14.4,72.77,0.00148,35,33.2,44.55,0.00213,36,-38.88,42.51,0.08091,4,34,12.89,-0.21,0.89368,37,-15.33,69.15,0.00409,35,32.27,40.93,0.00936,36,-39.81,38.89,0.09287,3,37,-25.3,-12.52,0.3304,35,22.3,-40.74,0.01776,38,14.82,-0.96,0.65185,2,37,-22.41,-31.55,0.36612,38,17.71,-19.99,0.63388,2,37,-26.92,-45.89,0.30618,38,13.2,-34.33,0.69382,3,37,-43.95,-59.52,0.14074,35,3.65,-87.74,0.00489,38,-3.83,-47.96,0.85437,3,37,11.73,-23.2,0.82133,38,51.85,-11.64,0.17711,36,-12.75,-53.46,0.00156,2,37,18.34,-42.03,0.75396,38,58.46,-30.47,0.24604,2,37,30.73,-55.19,0.77324,38,70.85,-43.63,0.22676,3,37,30.54,22.99,0.07763,38,70.66,34.55,0,36,6.06,-7.27,0.92237,3,34,52.19,-33.18,0.02996,35,71.57,7.96,0.00306,36,-0.51,5.92,0.96698,4,34,36.09,-21.42,0.36475,37,7.87,47.94,0.0386,35,55.47,19.72,0.03536,36,-16.61,17.68,0.5613,2,35,-60.75,-55.29,0.27924,38,-68.23,-15.51,0.72076,2,35,-67.06,-79.3,0.19172,38,-74.54,-39.52,0.80828,2,35,-70.63,-55.5,0.26662,38,-78.11,-15.72,0.73338,2,35,-84.64,-73.75,0.20406,38,-92.12,-33.97,0.79594,2,35,-48.54,-61.98,0.22769,38,-56.02,-22.2,0.77231,2,35,-47.21,-80.88,0.15671,38,-54.69,-41.1,0.84329,2,34,-17.4,25.13,0.91759,35,1.98,66.27,0.08241,2,34,-7.15,20.54,0.97324,35,12.23,61.68,0.02676,2,34,-9.17,3.98,0.91677,35,10.21,45.12,0.08323,5,34,31.22,-38.88,0.14757,37,3,30.48,0.24558,35,50.6,2.26,0.08277,38,43.12,42.04,6.9E-4,36,-21.48,0.22,0.52339,5,34,20.85,-23.92,0.43956,37,-7.37,45.44,0.09467,35,40.23,17.22,0.13159,38,32.75,57,5.0E-5,36,-31.85,15.18,0.33412,5,34,-8.91,-29.51,0.26662,37,-37.13,39.85,0.03739,35,10.47,11.63,0.66245,38,2.99,51.41,9.9E-4,36,-61.61,9.59,0.03254,5,34,7.35,-29.13,0.37143,37,-20.87,40.23,0.11908,35,26.73,12.01,0.34833,38,19.25,51.79,0.00473,36,-45.35,9.97,0.15643,4,34,-15.19,-28.9,0.22357,37,-43.41,40.46,0.01286,35,4.19,12.24,0.75158,36,-67.89,10.2,0.01199,5,34,21.5,-31.72,0.30022,37,-6.72,37.64,0.17579,35,40.88,9.42,0.16383,38,33.4,49.2,0.00213,36,-31.2,7.38,0.35803,3,34,-37.16,-19.14,0.27094,35,-17.78,22,0.71933,38,-25.26,61.78,0.00973,4,34,-28.48,-23.33,0.25004,35,-9.1,17.81,0.74739,38,-16.58,57.59,0.00245,36,-81.18,15.77,1.3E-4,3,34,-41.69,-38.68,0.05928,35,-22.32,2.46,0.83887,38,-29.79,42.24,0.10185,4,37,-45.43,6.89,0.03557,35,2.17,-21.33,0.46975,38,-5.31,18.45,0.494,36,-69.91,-23.37,6.8E-4,4,37,-32.08,-7.26,0.17163,35,15.52,-35.48,0.0594,38,8.04,4.3,0.76892,36,-56.56,-37.52,5.0E-5,3,34,-33.42,-29.08,0.14872,35,-14.04,12.06,0.83311,38,-21.52,51.84,0.01817,3,34,-29.62,-13.82,0.39889,35,-10.24,27.32,0.60038,38,-17.72,67.1,7.2E-4,3,34,-23.61,-7.77,0.55868,37,-51.83,61.59,4.0E-5,35,-4.23,33.37,0.44128,2,34,-35.49,3.89,0.56756,35,-16.11,45.03,0.43244,2,34,-39.2,12.57,0.60696,35,-19.82,53.71,0.39304,3,34,-48.3,-0.51,0.40414,35,-28.92,40.63,0.59244,38,-36.4,80.41,0.00342,3,34,-54.18,8.37,0.41761,35,-34.8,49.51,0.58117,38,-42.28,89.29,0.00122,5,34,-8.94,-55.65,0.00979,37,-37.16,13.71,0.12314,35,10.44,-14.51,0.56011,38,2.96,25.27,0.29877,36,-61.64,-16.55,0.00819,4,34,-8.19,0.95,0.8635,37,-36.41,70.31,0.00364,35,11.19,42.09,0.11842,36,-60.89,40.05,0.01444,4,34,-1.43,-4.93,0.78521,37,-29.65,64.43,0.01695,35,17.95,36.21,0.12894,36,-54.13,34.17,0.06889,5,34,2.3,-8.07,0.74416,37,-25.92,61.29,0.02528,35,21.68,33.07,0.13241,38,14.2,72.85,7.0E-5,36,-50.4,31.03,0.09809,5,34,3.86,-14.73,0.62605,37,-24.36,54.63,0.0548,35,23.24,26.41,0.20129,38,15.76,66.19,0.00154,36,-48.84,24.37,0.11632,5,34,4.26,-22.57,0.47837,37,-23.96,46.79,0.08213,35,23.64,18.57,0.3099,38,16.16,58.35,0.00293,36,-48.44,16.53,0.12667,5,34,10.23,-25.51,0.44068,37,-17.99,43.85,0.09948,35,29.61,15.63,0.27215,38,22.13,55.41,0.00309,36,-42.47,13.59,0.1846,5,34,14.06,-28.65,0.37221,37,-14.16,40.71,0.13311,35,33.44,12.49,0.245,38,25.96,52.27,0.00304,36,-38.64,10.45,0.24664,5,34,-9.95,-13.16,0.5832,37,-38.17,56.2,0.02031,35,9.43,27.98,0.35715,38,1.95,67.76,5.4E-4,36,-62.65,25.94,0.0388,5,34,-5.15,-18.65,0.50221,37,-33.37,50.71,0.04305,35,14.23,22.49,0.38672,38,6.75,62.27,0.00139,36,-57.85,20.45,0.06662,5,34,6.61,-26,0.42408,37,-21.61,43.36,0.10158,35,25.99,15.14,0.32119,38,18.51,54.92,0.00377,36,-46.09,13.1,0.14938,5,34,22.07,-44.28,0.17999,37,-6.15,25.08,0.37861,35,41.45,-3.14,0.12676,38,33.97,36.64,0.05188,36,-30.63,-5.18,0.26277,5,34,28.27,-45.07,0.12935,37,0.05,24.29,0.40067,35,47.65,-3.93,0.08465,38,40.17,35.85,0.0164,36,-24.43,-5.97,0.36893,5,34,26.82,-50.35,0.106,37,-1.4,19.01,0.53337,35,46.2,-9.21,0.07942,38,38.72,30.57,0.02376,36,-25.88,-11.25,0.25745,5,34,27.09,-58.4,0.0364,37,-1.13,10.96,0.68528,35,46.47,-17.26,0.05606,38,38.99,22.52,0.04562,36,-25.61,-19.3,0.17664],"hull":65,"edges":[0,128,0,2,2,4,4,6,6,8,8,10,10,12,12,14,14,16,16,18,18,20,20,22,22,24,24,26,26,28,28,30,30,32,32,34,34,36,36,38,38,40,40,42,42,44,44,46,46,48,48,50,50,52,52,54,54,56,62,64,64,66,66,68,68,70,70,72,72,74,74,76,76,78,78,80,80,82,82,84,84,86,86,88,88,90,90,92,92,94,94,96,96,98,98,100,100,102,102,104,104,106,106,108,108,110,110,112,112,114,114,116,116,118,118,120,120,122,122,124,124,126,126,128,56,58,58,60,60,62],"width":193,"height":207}}}}],"animations":{"Girl-Nice":{"slots":{"Images/wink 1":{"color":[{"color":"ffffff00","curve":"stepped"},{"time":0.7,"color":"ffffff00"},{"time":0.8333,"color":"ffffffff"},{"time":1,"color":"ffffff00"}]},"Images/Layer 11":{"color":[{"color":"ffffff00","curve":"stepped"},{"time":0.3,"color":"ffffff00"},{"time":0.3333,"color":"ffffffff"},{"time":0.3667,"color":"ffffff00"},{"time":0.4,"color":"ffffff00","curve":"stepped"},{"time":1.7,"color":"ffffff00"},{"time":1.7333,"color":"ffffffff"},{"time":1.7667,"color":"ffffff00"}]},"Images/Layer 2":{"color":[{"color":"ffffff00"},{"time":0.0333,"color":"ffffffff"},{"time":0.0667,"color":"ffffff00","curve":"stepped"},{"time":1.4,"color":"ffffff00"},{"time":1.4333,"color":"ffffffff"},{"time":1.4667,"color":"ffffff00"}]},"Images/Heart":{"color":[{"color":"ffffff00","curve":"stepped"},{"time":0.6667,"color":"ffffff00"},{"time":0.7,"color":"ffffffff","curve":"stepped"},{"time":1.2,"color":"ffffffff"},{"time":1.3,"color":"ffffff00"}]},"Images/Layer 14":{"color":[{"color":"ffffff00","curve":"stepped"},{"time":0.4,"color":"ffffff00"},{"time":0.4333,"color":"ffffffff"},{"time":0.4667,"color":"ffffff00","curve":"stepped"},{"time":1.8,"color":"ffffff00"},{"time":1.8333,"color":"ffffffff"},{"time":1.8667,"color":"ffffff00"}]},"Images/Layer 5":{"color":[{"color":"ffffff00","curve":"stepped"},{"time":0.1,"color":"ffffff00"},{"time":0.1333,"color":"ffffffff"},{"time":0.1667,"color":"ffffff00","curve":"stepped"},{"time":1.5,"color":"ffffff00"},{"time":1.5333,"color":"ffffffff"},{"time":1.5667,"color":"ffffff00"}]},"Images/Layer 10":{"color":[{"color":"ffffff00","curve":"stepped"},{"time":0.2667,"color":"ffffff00"},{"time":0.3,"color":"ffffffff"},{"time":0.3333,"color":"ffffff00","curve":"stepped"},{"time":1.6667,"color":"ffffff00"},{"time":1.7,"color":"ffffffff"},{"time":1.7333,"color":"ffffff00"}]},"Images/Layer 1":{"color":[{"color":"ffffffff"},{"time":0.0333,"color":"ffffff00","curve":"stepped"},{"time":1.3667,"color":"ffffff00"},{"time":1.4,"color":"ffffffff"},{"time":1.4333,"color":"ffffff00"}]},"Images/spotlight2":{"color":[{"color":"ffffff00","curve":"stepped"},{"time":0.3333,"color":"ffffff00"},{"time":1.1,"color":"ffffffff"},{"time":2,"color":"ffffff00"}]},"Images/Layer 9":{"color":[{"color":"ffffff00","curve":"stepped"},{"time":0.2333,"color":"ffffff00"},{"time":0.2667,"color":"ffffffff"},{"time":0.3,"color":"ffffff00","curve":"stepped"},{"time":1.6333,"color":"ffffff00"},{"time":1.6667,"color":"ffffffff"},{"time":1.7,"color":"ffffff00"}]},"Images/Layer 3":{"color":[{"color":"ffffff00","curve":"stepped"},{"time":0.0333,"color":"ffffff00"},{"time":0.0667,"color":"ffffffff"},{"time":0.1,"color":"ffffff00","curve":"stepped"},{"time":1.4333,"color":"ffffff00"},{"time":1.4667,"color":"ffffffff"},{"time":1.5,"color":"ffffff00"}]},"Images/Layer 4":{"color":[{"color":"ffffff00","curve":"stepped"},{"time":0.0667,"color":"ffffff00"},{"time":0.1,"color":"ffffffff"},{"time":0.1333,"color":"ffffff00","curve":"stepped"},{"time":1.4667,"color":"ffffff00"},{"time":1.5,"color":"ffffffff"},{"time":1.5333,"color":"ffffff00"}]},"Images/spotlight":{"color":[{"color":"ffffff00","curve":"stepped"},{"time":0.3333,"color":"ffffff00"},{"time":1.1,"color":"ffffffff"},{"time":2,"color":"ffffff00"}]},"Images/Layer 16":{"color":[{"color":"ffffff00","curve":"stepped"},{"time":0.4667,"color":"ffffff00"},{"time":0.5,"color":"ffffffff"},{"time":0.5333,"color":"ffffff00","curve":"stepped"},{"time":1.8667,"color":"ffffff00"},{"time":1.9,"color":"ffffffff"},{"time":1.9333,"color":"ffffff00"}]},"Images/Layer 8":{"color":[{"color":"ffffff00","curve":"stepped"},{"time":0.2,"color":"ffffff00"},{"time":0.2333,"color":"ffffffff"},{"time":0.2667,"color":"ffffff00","curve":"stepped"},{"time":1.6,"color":"ffffff00"},{"time":1.6333,"color":"ffffffff"},{"time":1.6667,"color":"ffffff00"}]},"Images/Layer 12":{"color":[{"color":"ffffff00","curve":"stepped"},{"time":0.3333,"color":"ffffff00"},{"time":0.3667,"color":"ffffffff"},{"time":0.4,"color":"ffffff00","curve":"stepped"},{"time":1.7333,"color":"ffffff00"},{"time":1.7667,"color":"ffffffff"},{"time":1.8,"color":"ffffff00"}]},"Images/Text-001":{"color":[{"color":"ffffff00","curve":"stepped"},{"time":0.6333,"color":"ffffff00"},{"time":0.6667,"color":"ffffffff"}]},"Images/Layer 7":{"color":[{"color":"ffffff00","curve":"stepped"},{"time":0.1667,"color":"ffffff00"},{"time":0.2,"color":"ffffffff"},{"time":0.2333,"color":"ffffff00","curve":"stepped"},{"time":1.5667,"color":"ffffff00"},{"time":1.6,"color":"ffffffff"},{"time":1.6333,"color":"ffffff00"}]},"Images/Layer 17":{"color":[{"color":"ffffff00","curve":"stepped"},{"time":0.5,"color":"ffffff00"},{"time":0.5333,"color":"ffffffff"},{"time":0.5667,"color":"ffffff00"},{"time":0.6,"color":"ffffff00","curve":"stepped"},{"time":1.9,"color":"ffffff00"},{"time":1.9333,"color":"ffffffff"},{"time":1.9667,"color":"ffffff00"}]},"Images/Layer 6":{"color":[{"color":"ffffff00","curve":"stepped"},{"time":0.1333,"color":"ffffff00"},{"time":0.1667,"color":"ffffffff"},{"time":0.2,"color":"ffffff00","curve":"stepped"},{"time":1.4,"color":"ffffff00"},{"time":1.5333,"color":"ffffff00"},{"time":1.5667,"color":"ffffffff"},{"time":1.6,"color":"ffffff00"}]},"Images/Layer 13":{"color":[{"color":"ffffff00","curve":"stepped"},{"time":0.3667,"color":"ffffff00"},{"time":0.4,"color":"ffffffff"},{"time":0.4333,"color":"ffffff00","curve":"stepped"},{"time":1.7667,"color":"ffffff00"},{"time":1.8,"color":"ffffffff"},{"time":1.8333,"color":"ffffff00"}]},"Images/Layer 15":{"color":[{"color":"ffffff00","curve":"stepped"},{"time":0.4333,"color":"ffffff00"},{"time":0.4667,"color":"ffffffff"},{"time":0.5,"color":"ffffff00","curve":"stepped"},{"time":1.8333,"color":"ffffff00"},{"time":1.8667,"color":"ffffffff"},{"time":1.9,"color":"ffffff00"}]}},"bones":{"Nice":{"scale":[{"x":0.188,"y":0.188,"curve":"stepped"},{"time":0.6667,"x":0.188,"y":0.188,"curve":0.25,"c3":0.75},{"time":0.8333,"x":1.306,"y":1.306,"curve":0.25,"c3":0.75},{"time":1}]},"Head":{"rotate":[{},{"time":0.6667,"angle":10.43,"curve":"stepped"},{"time":1.1333,"angle":10.43},{"time":2}],"translate":[{},{"time":0.6667,"x":-1.47,"curve":"stepped"},{"time":1.1333,"x":-1.47},{"time":2}]},"hair":{"rotate":[{},{"time":0.6667,"angle":8.25},{"time":2}],"translate":[{},{"time":0.6667,"x":0.99,"y":-5.91},{"time":2}]},"hair4":{"rotate":[{},{"time":0.6667,"angle":-29.04},{"time":2}],"translate":[{},{"time":0.6667,"x":-11.3},{"time":1.3333,"x":1.89,"y":0.06},{"time":2}]},"hair3":{"rotate":[{},{"time":0.6667,"angle":17.1},{"time":2}],"translate":[{},{"time":0.6667,"x":49.57,"y":-21.71},{"time":2}]},"hair2":{"rotate":[{},{"time":0.6667,"angle":13.81},{"time":2}]},"Hat":{"rotate":[{},{"time":0.8,"angle":14.47},{"time":2}],"translate":[{},{"time":0.8,"x":-5.25,"y":-2.26},{"time":2}]},"Iris":{"translate":[{},{"time":0.6667,"x":-1.5,"y":0.68},{"time":2}]},"Heart":{"rotate":[{"time":0.6667},{"time":1.3,"angle":-23.66}],"translate":[{},{"time":0.6667,"x":1.92,"y":-8.45},{"time":1.3,"x":-18.43,"y":22.66}],"scale":[{},{"time":0.6667,"x":0.565,"y":0.565},{"time":1.3}]},"Body-right":{"translate":[{},{"time":1,"x":2.72},{"time":2}],"scale":[{},{"time":1,"x":1.066,"y":1.066},{"time":2}]},"Body-left":{"scale":[{},{"time":1,"x":1.11,"y":1.11},{"time":2}]},"Spotlight":{"rotate":[{"time":0.3333},{"time":1.1,"angle":-22},{"time":2}]},"Spotlight2":{"rotate":[{"time":0.3333},{"time":1.1,"angle":22},{"time":2}]}},"deform":{"default":{"Images/Ponytail-hair":{"Images/Ponytail-hair":[{},{"time":0.8667,"vertices":[2.79626,3.48206,4.38307,0.85597,1.67361,3.58268,3.59035,1.65724,1.58305,3.90882,3.73156,1.96484,0,0,0,0,0,0,0,0,0,0,0,0,0,0,0,0,0,0,0,0,0,0,0,0,0,0,0,0,0,0,0,0,0,0,0,0,0,0,0,0,0,0,0,0,0,0,0,0,0,0,0,0,0,0,0,0,0,0,0,0,0,0,0,0,0,0,0,0,0,0,0,0,0,0,0,0,0,0,0,0,0,0,0,0,0,0,0,0,0,0,0,0,0,0,0,0,0,0,0,0,0,0,0,0,0,0,0,0,0,0,0,0,0,0,0,0,0,0,0,0,2.06178,-2.09262,3.31697,-2.85404,4.45326,-2.50879,2.02328,-2.86868,4.45122,5.95142,-0.06969,-7.43161,4.43605,3.78187,-1.34053,-5.67316,6.68165,2.74955,-3.76182,-6.16878,3.87613,0.50784,-2.82524,-2.70191,0,0,0,0,2.69174,1.98205,-0.99839,-3.19026,1.56522,1.70531,-0.25368,-2.30089,0.12947,-2.02386,0,0,0,0,0,0,0,0,0,0,0,0,0,0,0,0,0,0,0,0,0,0,0,0,0,0,0,0,0,0,0,0,0,0,0,0,0,0,0,0,0,0,0,0,0,0,0,0,0,0,0,0,0,0,0,0,0,0,0,0,0,0,0,0,0,0,0,0,0,0,0,0,0,0,0,0,0,0,0,0,0,0,0,0,0,0,0,0,0,0,0,0,0,0,0,0,0,0,0,0,0,0,0,0,0,0,0,0,0,0,1.44351,-6.56343,-5.04575,4.43886,-6.63764,1.05023,14.95589,-9.22144,-17.51369,-1.40908,-14.04165,-10.56137,14.25193,-7.91667,-16.17436,-2.04486,-12.57,-10.3819,-0.80958,-1.53338,-0.25409,1.71527,-1.13237,1.31316,-0.9309,-1.45581,-0.11035,1.72447,-1.01589,1.39783,0,0,0,0,0,0,0,0,0,0,0,0,0,0,0,0,0,0,0,0,0,0,0,0,0,0,0,0,0,0,0,0,0,0,0,0,0,0,0,0,0,0,0,0,0,0,0,0,0,0,0,0,0,0,0,0,0,0,0,0,0,0,0,0,0,0,0,0,0,0,0,0,0,0,0,0,-0.33027,0.29549,-0.91822,0.90893,0.07343,2.33027,-1.2884,1.58987,-0.00741,0.81434,0,0,0.99556,3.90163,-0.17469,4.88743,2.35679,3.74565,0,0,0,0,0,0,0.60675,2.50817,2.08194,1.52478,0,0,0,0,-0.78936,2.40381,0.94804,2.34586,-0.27333,2.69109,1.52763,2.23235,3.20662,1.7478,3.57758,-0.7337,-1.76999,-1.78809,-0.6151,-2.51479,0,0,0,0,0,0,0,0,0,0,0,0,-1.84769,-1.03744,0,0,0,0,0,0,0,0,0,0,-1.21794,2.64608,-2.2945,1.75545,0,0,0,0,0,0,0,0,-1.88444,0.68904,0.15538,0.52557,0,0,0,0,0,0,0,0,0,0,0,0,0,0,0,0,0,0,0,0,0,0,0,0,0,0,0,0,0,0,0,0,0,0,0,0,0,0,0,0,0,0,0,0,0,0,0,0,0,0,0,0,0,0,0,0,0,0,0,0,0,0,0,0,0,0,0,0,0,0,0,0,0,0,0,0,0,0,0,0,0,0,0,0,0,0,0,0,0,0,0,0,-2.14967,-0.60649,0.91578,-2.59885,0,0,0,0,0,0,0,0,0,0,0,0,0,0,0,0,0,0,0,0,0,0,0,0,0,0,0,0,0,0,0,0,0,0,0,0,0,0,0,0,0,0,0,0,0,0,0,0,0,0,0,0,0,0,0,0,0,0,0,0,0,0,0,0,0,0,0,0,0,0,0,0,0,0,0.13334,3.47556,2.34449,2.56929]},{"time":2}]},"Images/body":{"Images/body":[{},{"time":1,"offset":18,"vertices":[1.232,2.15599,1.15623,2.02332,0.616,-1.69399,0.57815,-1.58974,0,0,0,0,0,0,0,0,-0.61598,3.07998,-0.61598,3.07998,-0.55494,2.77475,-0.57798,2.89044,0.77,1.69399,0.77,1.69399,0.69369,1.52612,0.72266,1.58975,1.23199,-5.08198,1.15623,-4.76924,-1.078,2.618,-1.078,2.618,-0.97117,2.35855,-1.01157,2.45689,0,0,0,0,0,0,0,0,0,0,0,0,0,0,0,0,0,0,0,0,0,0,0,0,0,0,0,0,0.67999,-0.136,0.67999,-0.136,0.63818,-0.12763,0.54399,-0.136,0.54399,-0.136,0.51055,-0.12763,0.81601,-0.272,0.81601,-0.272,0.76583,-0.25526,-0.68,0,-0.68,0,-0.63809,0,-0.68,-0.13599,-0.68,-0.13599,-0.63812,-0.12762,-0.67999,0.136,-0.67999,0.136,0,0,0,0,0,0,0,0,0,0,0,0,0,0,0,0,0,0,0,0,0,0,0,0,0,0,0,0,0.44431,1.15491,0.40028,1.04046,0.44431,1.15491,0.70316,1.36323,0.78051,1.51319,1.52109,1.74965,1.68841,1.94212,1.5283,1.70069,1.69641,1.88777,1.33694,1.14595,1.48401,1.27201,1.76827,1.66285,1.96278,1.84576,3.56747,0.06156,3.95989,0.06834,2.66726,0.05471,2.96066,0.06073,2.77771,1.23775,3.08327,1.37391,4.34861,0.23726,4.82697,0.26336,3.95228,-0.47655,4.38703,-0.52897,3.00494,1.44248,3.33549,1.60116,4.86372,1.56462,4.38173,1.40957,4.86372,1.56462,5.6149,1.65772,5.05846,1.49344,5.6149,1.65772,7.03737,1.20548,6.33997,1.08602,7.03737,1.20548,7.25608,0.83606,6.537,0.7532,7.25608,0.83606,7.54386,0.47484,6.79627,0.42778,7.54386,0.47484,7.70759,-0.24744,6.94377,-0.22291,7.70759,-0.24744,7.84892,-0.83615,7.07109,-0.75328,7.84892,-0.83615,4.89376,-1.27679,4.40879,-1.15026,4.89376,-1.27679,4.95749,-2.21506,4.46621,-1.99555,4.95749,-2.21506,4.4587,-2.38047,4.01684,-2.14457,4.4587,-2.38047,4.23996,-2.91763,3.81978,-2.62849,4.23996,-2.91763,3.98638,-2.95415,3.59133,-2.66139,3.98638,-2.95415,3.15798,-4.52008,2.84502,-4.07215,3.15798,-4.52008,2.79643,-4.77464,2.51931,-4.30147,2.79644,-4.77464,1.99587,-2.4201,1.79808,-2.18027,1.99587,-2.4201,0,1.34399,0,1.21079,1.07797,0.462,0.97114,0.41621,-3.38797,-1.53999,-3.05223,-1.38737,-0.308,-0.77,-0.27748,-0.6937,0,0,0,0,0,0,0,0,0,0,0,0,0,0,0,0,1.06802,1.3888,1.18551,1.54156,0.62562,1.19785,0.56362,1.07914,0.62562,1.19785,0.59529,1.18266,0.53629,1.06546,0.59529,1.18266,1.89581,1.36885,2.10436,1.51942,2.10454,1.44897,2.33604,1.60836,2.47544,1.48261,2.74775,1.6457,1.28305,1.44589,1.42419,1.60494,2.45187,1.64304,2.20889,1.48022,2.45187,1.64304,2.57228,1.58908,2.31737,1.4316,2.57229,1.58908,3.13393,1.44365,2.82336,1.30058,3.13393,1.44365,3.14414,1.21082,2.83255,1.09083,3.14414,1.21082,2.17095,0.64601,1.9558,0.58199,2.17095,0.646,-0.88399,0.216,-0.79639,0.1946,-0.88399,0.216,0,0,0,0,0,0,0,0,0,0,0,0,0,0,0,0,0,0,0,0,0,0,0,0,0,0,0,0,1.23198,0.77,1.10989,0.6937,0,0,0,0,0,0,0,0,0,0,4.0E-5,0,-3.492,0,-3.492,0,-3.14595,0,-3.492,0,-3.27684,0,0,1.134,0,1.134,0,1.02161,0,1.134,1.8E-4,1.06421,0,0.48599,0,0.48599,-1.0E-5,0.43783,0,0.48599,2.6E-4,0.45608,0,-1.45801,0,-1.45801,0,-1.31352,1.4E-4,-1.36828,0.658,0.188,0.658,0.188,0.59279,0.16937,0.61752,0.17643,0,0,0,0,0,0,0,0,0,0,0,0,0,0,0,0,0,0,1.25445,-1.91669,1.13013,-1.72674,1.25445,-1.91669,3.49485,-1.34518,3.14851,-1.21187,3.49485,-1.34518,5.93938,-0.01499,5.35078,-0.0135,5.93938,-0.01498,5.61822,1.12806,5.06145,1.01627,5.61822,1.12806,4.86212,1.67681,4.38029,1.51064,4.86212,1.67681,0,0,0,0,0,0,0,0,-1.848,0.924,-1.848,0.924,-1.66486,0.83243,-1.7342,0.86714,-1.84798,0.76999,-1.84798,0.76999,-1.66485,0.69368,-1.73418,0.72261,0,1.62001,0,1.45947,0,1.62001,0,1.68,0,1.68,0,0,0,0,0,0,0,0,0,0,-1.29599,0,-1.29599,0,-1.21621,0,0,0,0,0,0,0,0,0,0,0,0,0,0,0,0,0,0,0,0,0,0,0,0,0,0,0,0,0,3.16762,0.93535,3.51607,1.03824,1.27408,1.50662,1.41423,1.67235,3.15444,0.67355,3.50143,0.74764,3.59451,0.89684,3.98991,0.99549,0.69368,0.1982,0.76999,0.22,0.73313,1.25597,0.81377,1.39413,0.76999,2.30999,0.69368,2.08107,0.61598,1.232,0.55494,1.10991,0,0,0,0,0,-0.37599,0,-0.37599,0,-0.33873,0,-0.37599,1.2E-4,-0.35285,0.752,0.188,0.752,0.188,0.67748,0.16937,0.752,0.188,0.70574,0.17643,0,0.658,0,0.658,0,0.59279,0,0.658,5.0E-5,0.61751,0.65799,1.316,0.65799,1.31599,0.59278,1.18558,0.65799,1.31599,0.61758,1.23501,-1.29599,0,-1.29599,0,-1.16756,0,-1.21615,0,0.094,-0.282,0.094,-0.282,0.08468,-0.25405,0.094,-0.282,0.08839,-0.26464,-0.43199,0.86398,-0.38918,0.77835,-0.43199,0.86398,0,0,0,0,0,0,0,0,0,0.42399,0,0.38197,0,0.42399,0,1.82401,0,1.64324,0,1.82401,1.4E-4,1.71176,0,2.106,0,1.8973,0,2.106,7.0E-5,1.9764,0,0,0,0,0,0,0,2.592,0,2.33513,0,2.592,0,2.80801,0,2.80801,0,2.52973,-0.64798,0.69599,-0.58377,0.62702,-0.43199,0.58,-0.38918,0.52252,0.52873,-2.18407,0.47634,-1.96763,0.52874,-2.18407,2.22489,-2.12104,2.0044,-1.91085,2.22489,-2.12104,-1.186,-1.88798,-1.186,-1.88798,-1.06847,-1.70088,-1.186,-1.88798,-1.11286,-1.77179,0,0,0,0,0,0,0,0,0,0,0,0,0,0,0,0,0,0,0,0,0,0,0,0,0,0,0.658,0.282,0.658,0.282,0.59279,0.25405,0.658,0.282,0.61752,0.26464,1.692,2.72599,1.69199,2.72599,1.52432,2.45585,1.692,2.72599,1.58802,2.55824,0.56399,0.47,0.56399,0.47,0.5081,0.42342,0.56399,0.47,0.52931,0.44108,0.65799,0,0.65799,0,0.59278,0,0.65799,0,0.61758,0,0.658,1.128,0.658,1.128,0.59279,1.01622,0.658,1.128,0.61752,1.05859,1.786,1.222,1.786,1.222,1.609,1.1009,1.786,1.222,1.67617,1.1468,0.564,2.06799,0.564,2.06799,0.5081,1.86306,0.564,2.06799,0.52945,1.94073,0.79199,0,0.79199,0,0.71351,0,0.79199,0,0.74329,0,0,-1.31999,0,-1.31999,0,-1.18918,0,-1.31999,7.0E-5,-1.23876,0.79201,0,0.79201,0,0.71352,0,0.79201,0,0.74329,0,-0.52799,0.13199,-0.52799,0.13199,-0.47567,0.11891,-0.52799,0.13199,-0.49541,0.12387]},{"time":2}]},"Images/head":{"Images/head":[{},{"time":0.8667,"offset":20,"vertices":[-0.52473,-0.69673,2.85627,1.29822,-1.0254,0.02991,-1.71349,-1.98477,-6.39474,-1.99554,-0.29308,3.14677,-0.02061,3.33459,-2.33792,2.80932,5.83916,6.30086,4.37593,3.953,7.3337,0.6326,0,0,0,0,0,0,0,0,0,0,0,0,0,0,0,0,0,0,0,0,0,0,0,0,0,0,0,0,0,0,0,0,0,0,0.33022,1.79372,0.2117,0.26596,-0.06516,-0.35408,0,0,0,0,0,0,0,0,0,0,0,0,0,0,0.07242,0.39336,0.69972,0.92854,0.06879,0.37369,0,0,0,0,0,0,0,0,0,0,0,0,1.98231,0.42806]},{"time":1.1333,"offset":76,"vertices":[0.33022,1.79372,0.2117,0.26596,-0.06516,-0.35408,0,0,0,0,0,0,0,0,0,0,0,0,0,0,0.07242,0.39336,0.69972,0.92854,0.06879,0.37369]},{"time":2}]}}}}}}