{"skeleton":{"hash":"PD9scz4bkSKjgvyHkO/f8SGfAf0","spine":"3.8.75","x":-111.83,"y":-112.81,"width":223.79,"height":225.59,"fps":24,"images":"./library/","audio":"C:/Users/rachelthiowx/Desktop/Mini game/Slots/Icons/Dragonbone/3 Gears/Armature"},"bones":[{"name":"root","scaleX":0.25,"scaleY":0.25},{"name":"Gear_2","parent":"root","x":-48.27,"y":-29.46},{"name":"Gear_1","parent":"root","rotation":-180,"x":121.73,"y":69.25},{"name":"Gear_3","parent":"root","rotation":-180,"x":-152.35,"y":136.25},{"name":"Glow","parent":"root","x":-18.05,"y":0.32},{"name":"Raylights","parent":"root","x":-1.74,"y":1.29,"scaleX":0.5856,"scaleY":0.5856},{"name":"electric","parent":"root","x":-0.29,"y":0.05,"scaleX":1.8047,"scaleY":1.8047}],"slots":[{"name":"ray","bone":"Raylights","attachment":"spotlight","blend":"additive"},{"name":"Glow","bone":"Glow","attachment":"Glow","blend":"additive"},{"name":"Gear 3","bone":"Gear_3","attachment":"Gear 3"},{"name":"Gear 1","bone":"Gear_1","attachment":"Gear2"},{"name":"Gear 2","bone":"Gear_2","attachment":"Gear 2"},{"name":"Layer 9","bone":"electric","attachment":"Layer 9","blend":"additive"},{"name":"Layer 8","bone":"electric","attachment":"Layer 8","blend":"additive"},{"name":"Layer 7","bone":"electric","attachment":"Layer 7","blend":"additive"},{"name":"Layer 6","bone":"electric","attachment":"Layer 6","blend":"additive"},{"name":"Layer 5","bone":"electric","attachment":"Layer 5","blend":"additive"},{"name":"Layer 4","bone":"electric","attachment":"Layer 4","blend":"additive"},{"name":"Layer 3","bone":"electric","attachment":"Layer 3","blend":"additive"},{"name":"Layer 2","bone":"electric","attachment":"Layer 2","blend":"additive"},{"name":"Layer 17","bone":"electric","attachment":"Layer 17","blend":"additive"},{"name":"Layer 16","bone":"electric","attachment":"Layer 16","blend":"additive"},{"name":"Layer 15","bone":"electric","attachment":"Layer 15","blend":"additive"},{"name":"Layer 14","bone":"electric","attachment":"Layer 14","blend":"additive"},{"name":"Layer 13","bone":"electric","attachment":"Layer 13","blend":"additive"},{"name":"Layer 12","bone":"electric","attachment":"Layer 12","blend":"additive"},{"name":"Layer 11","bone":"electric","attachment":"Layer 11","blend":"additive"},{"name":"Layer 10","bone":"electric","attachment":"Layer 10","blend":"additive"},{"name":"Layer 1","bone":"electric","attachment":"Layer 1","blend":"additive"}],"skins":[{"name":"default","attachments":{"Gear 1":{"Gear2":{"type":"mesh","uvs":[0,0,1,0,0,1,1,1],"triangles":[1,0,3,0,2,3],"vertices":[-137.02,132.46,132.98,132.46,-137.02,-132.54,132.98,-132.54],"hull":4,"edges":[0,2,2,6,4,6,4,0],"width":270,"height":265}},"Gear 2":{"Gear 2":{"type":"mesh","uvs":[0,0,1,0,0,1,1,1],"triangles":[1,0,3,0,2,3],"vertices":[-202.73,206.96,202.27,206.96,-202.73,-204.04,202.27,-204.04],"hull":4,"edges":[0,2,2,6,4,6,4,0],"width":405,"height":411}},"Gear 3":{"Gear 3":{"type":"mesh","path":"Group-1","uvs":[0,0,1,0,0,1,1,1],"triangles":[1,0,3,0,2,3],"vertices":[-103.59,96.63,108.41,96.63,-103.59,-98.37,108.41,-98.37],"hull":4,"edges":[0,2,2,6,4,6,4,0],"width":212,"height":195}},"Layer 2":{"Layer 2":{"x":0.29,"y":-0.05,"scaleX":4,"scaleY":4,"width":124,"height":125}},"Layer 3":{"Layer 3":{"x":0.29,"y":-0.05,"scaleX":4,"scaleY":4,"width":124,"height":125}},"Layer 4":{"Layer 4":{"x":0.29,"y":-0.05,"scaleX":4,"scaleY":4,"width":124,"height":125}},"Layer 5":{"Layer 5":{"x":0.29,"y":-0.05,"scaleX":4,"scaleY":4,"width":124,"height":125}},"Layer 6":{"Layer 6":{"x":0.29,"y":-0.05,"scaleX":4,"scaleY":4,"width":124,"height":125}},"Layer 7":{"Layer 7":{"x":0.29,"y":-0.05,"scaleX":4,"scaleY":4,"width":124,"height":125}},"Layer 8":{"Layer 8":{"x":0.29,"y":-0.05,"scaleX":4,"scaleY":4,"width":124,"height":125}},"Layer 9":{"Layer 9":{"x":0.29,"y":-0.05,"scaleX":4,"scaleY":4,"width":124,"height":125}},"Layer 1":{"Layer 1":{"x":0.29,"y":-0.05,"scaleX":4,"scaleY":4,"width":124,"height":125}},"ray":{"spotlight":{"type":"mesh","path":"ray","uvs":[0,0,1,0,0,1,1,1],"triangles":[1,0,3,0,2,3],"vertices":[-609.32,548.8,573.18,548.8,-609.32,-633.7,573.18,-633.7],"hull":4,"edges":[0,2,2,6,4,6,4,0],"width":125,"height":125}},"Glow":{"Glow":{"type":"mesh","uvs":[0,0,1,0,0,1,1,1],"triangles":[1,0,3,0,2,3],"vertices":[-349.58,389.68,338.42,389.68,-349.58,-390.32,338.42,-390.32],"hull":4,"edges":[0,2,2,6,4,6,4,0],"width":172,"height":195}},"Layer 10":{"Layer 10":{"x":0.29,"y":-0.05,"scaleX":4,"scaleY":4,"width":124,"height":125}},"Layer 11":{"Layer 11":{"x":0.29,"y":-0.05,"scaleX":4,"scaleY":4,"width":124,"height":125}},"Layer 12":{"Layer 12":{"x":0.29,"y":-0.05,"scaleX":4,"scaleY":4,"width":124,"height":125}},"Layer 13":{"Layer 13":{"x":0.29,"y":-0.05,"scaleX":4,"scaleY":4,"width":124,"height":125}},"Layer 14":{"Layer 14":{"x":0.29,"y":-0.05,"scaleX":4,"scaleY":4,"width":124,"height":125}},"Layer 15":{"Layer 15":{"x":0.29,"y":-0.05,"scaleX":4,"scaleY":4,"width":124,"height":125}},"Layer 16":{"Layer 16":{"x":0.29,"y":-0.05,"scaleX":4,"scaleY":4,"width":124,"height":125}},"Layer 17":{"Layer 17":{"x":0.29,"y":-0.05,"scaleX":4,"scaleY":4,"width":124,"height":125}}}}],"animations":{"animtion0":{"slots":{"Layer 7":{"attachment":[{"name":null},{"time":0.25,"name":"Layer 7"},{"time":0.2917,"name":null},{"time":2.0417,"name":"Layer 7"},{"time":2.0833,"name":null}]},"Layer 2":{"attachment":[{"name":null},{"time":0.0417,"name":"Layer 2"},{"time":0.0833,"name":null},{"time":1.8333,"name":"Layer 2"},{"time":1.875,"name":null}]},"Layer 17":{"attachment":[{"name":null},{"time":0.6667,"name":"Layer 17"},{"time":0.7083,"name":null},{"time":2.4583,"name":"Layer 17"},{"time":2.5,"name":null}]},"Layer 12":{"attachment":[{"name":null},{"time":0.4583,"name":"Layer 12"},{"time":0.5,"name":null},{"time":2.25,"name":"Layer 12"},{"time":2.2917,"name":null}]},"Layer 9":{"attachment":[{"name":null},{"time":0.3333,"name":"Layer 9"},{"time":0.375,"name":null},{"time":2.125,"name":"Layer 9"},{"time":2.1667,"name":null}]},"Layer 8":{"attachment":[{"name":null},{"time":0.2917,"name":"Layer 8"},{"time":0.3333,"name":null},{"time":2.0833,"name":"Layer 8"},{"time":2.125,"name":null}]},"Glow":{"color":[{"color":"ffffff00"},{"time":0.9167,"color":"ffffffff","curve":"stepped"},{"time":1.5417,"color":"ffffffff"},{"time":2.5,"color":"ffffff00"}]},"Layer 1":{"attachment":[{"time":0.0417,"name":null},{"time":1.7917,"name":"Layer 1"},{"time":1.8333,"name":null}]},"Layer 15":{"attachment":[{"name":null},{"time":0.5833,"name":"Layer 15"},{"time":0.625,"name":null},{"time":2.375,"name":"Layer 15"},{"time":2.4167,"name":null}]},"Layer 13":{"attachment":[{"name":null},{"time":0.5,"name":"Layer 13"},{"time":0.5417,"name":null},{"time":2.2917,"name":"Layer 13"},{"time":2.3333,"name":null}]},"Layer 6":{"attachment":[{"name":null},{"time":0.2083,"name":"Layer 6"},{"time":0.25,"name":null},{"time":2,"name":"Layer 6"},{"time":2.0417,"name":null}]},"Layer 3":{"attachment":[{"name":null},{"time":0.0833,"name":"Layer 3"},{"time":0.125,"name":null},{"time":1.875,"name":"Layer 3"},{"time":1.9167,"name":null}]},"Layer 11":{"attachment":[{"name":null},{"time":0.4167,"name":"Layer 11"},{"time":0.4583,"name":null},{"time":2.2083,"name":"Layer 11"},{"time":2.25,"name":null}]},"Layer 5":{"attachment":[{"name":null},{"time":0.1667,"name":"Layer 5"},{"time":0.2083,"name":null},{"time":1.9583,"name":"Layer 5"},{"time":2,"name":null}]},"Layer 14":{"attachment":[{"name":null},{"time":0.5417,"name":"Layer 14"},{"time":0.5833,"name":null},{"time":2.3333,"name":"Layer 14"},{"time":2.375,"name":null}]},"Layer 10":{"attachment":[{"name":null},{"time":0.375,"name":"Layer 10"},{"time":0.4167,"name":null},{"time":2.1667,"name":"Layer 10"},{"time":2.2083,"name":null}]},"Layer 4":{"attachment":[{"name":null},{"time":0.125,"name":"Layer 4"},{"time":0.1667,"name":null},{"time":1.9167,"name":"Layer 4"},{"time":1.9583,"name":null}]},"Layer 16":{"attachment":[{"name":null},{"time":0.625,"name":"Layer 16"},{"time":0.6667,"name":null},{"time":2.4167,"name":"Layer 16"},{"time":2.4583,"name":null}]}},"bones":{"Gear_2":{"rotate":[{},{"time":0.875,"angle":-45.6},{"time":1.25,"angle":-20,"curve":0.5,"c3":0.5},{"time":2.5}],"scale":[{},{"time":0.875,"x":1.08,"y":1.08,"curve":0.5,"c3":0.5},{"time":1.6667,"x":0.89,"y":0.89},{"time":2.5}]},"Gear_1":{"rotate":[{"angle":180,"curve":0.5,"c3":0.5},{"time":1.25,"angle":-20,"curve":0.5,"c3":0.5},{"time":2.5,"angle":180}]},"Gear_3":{"rotate":[{"angle":180,"curve":0.5,"c3":0.5},{"time":0.875,"angle":-1},{"time":1.0833,"angle":-20,"curve":0.5,"c3":0.5},{"time":1.5,"angle":44.54},{"time":2.5,"angle":180}]},"Raylights":{"rotate":[{},{"time":1.25,"angle":-90},{"time":2.5,"angle":-179}],"scale":[{"x":0.4,"y":0.4},{"time":1.25,"x":0.91,"y":0.91},{"time":2.5,"x":0.4,"y":0.4}]}}}}}