{"skeleton":{"hash":"iLkHYmnFOhGhEUetCZiktk566YE","spine":"3.7.94","width":0,"height":0,"images":"","audio":""},"bones":[{"name":"root"},{"name":"main_clound","parent":"root"},{"name":"clound_1","parent":"main_clound","x":275.24,"y":278.94,"scaleX":15.894,"scaleY":15.894},{"name":"clound_2","parent":"main_clound","x":278.78,"y":-112.83,"scaleX":24.61,"scaleY":24.61},{"name":"clound_3","parent":"main_clound","x":-1032.2,"y":-706.87,"scaleX":24.61,"scaleY":24.61},{"name":"clound_4","parent":"main_clound","x":-1032.2,"y":-706.87,"scaleX":24.61,"scaleY":24.61}],"slots":[{"name":"mask2","bone":"root"},{"name":"clound_4","bone":"clound_4"},{"name":"clound_1","bone":"clound_1"},{"name":"clound_2","bone":"clound_2"},{"name":"clound_3","bone":"clound_3"}],"skins":{"default":{"clound_1":{"images/Normal_game/fx/clouds_1":{"y":0.5,"width":188,"height":113}},"clound_2":{"images/Normal_game/fx/clouds_1":{"y":0.5,"width":188,"height":113}},"clound_3":{"images/Normal_game/fx/clouds_1":{"y":0.5,"width":188,"height":113}},"clound_4":{"images/Normal_game/fx/clouds_1":{"y":0.5,"width":188,"height":113}}}},"events":{"transition":{}},"animations":{"transition_to_lucky":{"slots":{"clound_1":{"color":[{"time":0.6667,"color":"ffffff00","curve":[0.25,0,0.75,1]},{"time":0.8333,"color":"ffffffff","curve":"stepped"},{"time":1.6667,"color":"ffffffff","curve":[0.25,0,0.75,1]},{"time":2,"color":"ffffff00"}],"attachment":[{"time":0.6667,"name":"images/Normal_game/fx/clouds_1"}]},"clound_2":{"color":[{"time":0.8333,"color":"ffffff00","curve":[0.25,0,0.75,1]},{"time":1,"color":"ffffffff","curve":"stepped"},{"time":1.8333,"color":"ffffffff","curve":[0.25,0,0.75,1]},{"time":2.1667,"color":"ffffff00"}],"attachment":[{"time":0.8333,"name":"images/Normal_game/fx/clouds_1"}]},"clound_3":{"color":[{"time":1,"color":"ffffff00","curve":[0.25,0,0.75,1]},{"time":1.1667,"color":"ffffffff","curve":"stepped"},{"time":1.8333,"color":"ffffffff","curve":[0.25,0,0.75,1]},{"time":2.3333,"color":"ffffff00"}],"attachment":[{"time":1,"name":"images/Normal_game/fx/clouds_1"}]},"clound_4":{"color":[{"time":0.7667,"color":"ffffff00","curve":[0.25,0,0.75,1]},{"time":1.1667,"color":"ffffffff","curve":"stepped"},{"time":1.3333,"color":"ffffffff","curve":[0.25,0,0.75,1]},{"time":1.8333,"color":"ffffff00"}],"attachment":[{"time":0.7667,"name":"images/Normal_game/fx/clouds_1"}]}},"bones":{"clound_1":{"translate":[{"time":0.6667,"x":0,"y":0},{"time":2,"x":-507.3,"y":0}]},"clound_2":{"translate":[{"time":0.8333,"x":0,"y":0},{"time":2.1667,"x":-507.3,"y":0}]},"clound_3":{"translate":[{"time":1,"x":0,"y":0},{"time":2.3333,"x":-507.3,"y":0}]},"clound_4":{"translate":[{"time":0.7667,"x":624.19,"y":619.2},{"time":1.8333,"x":-507.3,"y":0}],"scale":[{"time":0.7667,"x":1.413,"y":3.165}]}},"events":[{"time":1.2333,"name":"transition"}]}}}