{
  "__version__": "1.3.6",
  "textureCompressConfig": {
    "genMipmaps": false
  },
  "splash-setting": {
    "totalTime": 500,
    "displayRatio": 0.5,
    "watermarkLocation": "default",
    "logo": {
      "type": "custom",
      "image": "project://settings/splash.jpg"
    }
  },
  "bundleConfig": {
    "custom": {
      "auto_56iS3o7QNGaL/1r4ZCI1ns": {
        "displayName": "resources",
        "configs": {
          "native": {
            "preferredOptions": {
              "compressionType": "merge_dep",
              "isRemote": false
            }
          },
          "miniGame": {
            "configMode": "overwrite",
            "overwriteSettings": {
              "alipay-mini-game": {
                "compressionType": "merge_dep",
                "isRemote": false
              },
              "taobao-creative-app": {
                "compressionType": "merge_dep",
                "isRemote": false
              },
              "taobao-mini-game": {
                "compressionType": "merge_dep",
                "isRemote": false
              },
              "bytedance-mini-game": {
                "compressionType": "merge_dep",
                "isRemote": false
              },
              "oppo-mini-game": {
                "compressionType": "merge_dep",
                "isRemote": false
              },
              "huawei-quick-game": {
                "compressionType": "merge_dep",
                "isRemote": false
              },
              "vivo-mini-game": {
                "compressionType": "merge_dep",
                "isRemote": false
              },
              "xiaomi-quick-game": {
                "compressionType": "merge_dep",
                "isRemote": false
              },
              "baidu-mini-game": {
                "compressionType": "merge_dep",
                "isRemote": false
              },
              "wechatgame": {
                "compressionType": "merge_dep",
                "isRemote": false
              },
              "link-sure": {
                "compressionType": "merge_dep",
                "isRemote": false
              },
              "qtt": {
                "compressionType": "merge_dep",
                "isRemote": false
              },
              "cocos-play": {
                "compressionType": "merge_dep",
                "isRemote": false
              }
            }
          },
          "web": {
            "preferredOptions": {
              "compressionType": "merge_dep",
              "isRemote": false
            }
          }
        }
      },
      "auto_ffAbqLBExE5qtil7P/99Qx": {
        "displayName": "bundle_domino",
        "configs": {
          "native": {
            "preferredOptions": {
              "compressionType": "merge_dep",
              "isRemote": false
            }
          },
          "miniGame": {
            "configMode": "overwrite",
            "overwriteSettings": {
              "alipay-mini-game": {
                "compressionType": "merge_dep",
                "isRemote": false
              },
              "taobao-creative-app": {
                "compressionType": "merge_dep",
                "isRemote": false
              },
              "taobao-mini-game": {
                "compressionType": "merge_dep",
                "isRemote": false
              },
              "bytedance-mini-game": {
                "compressionType": "merge_dep",
                "isRemote": false
              },
              "oppo-mini-game": {
                "compressionType": "merge_dep",
                "isRemote": false
              },
              "huawei-quick-game": {
                "compressionType": "merge_dep",
                "isRemote": false
              },
              "vivo-mini-game": {
                "compressionType": "merge_dep",
                "isRemote": false
              },
              "xiaomi-quick-game": {
                "compressionType": "merge_dep",
                "isRemote": false
              },
              "baidu-mini-game": {
                "compressionType": "merge_dep",
                "isRemote": false
              },
              "wechatgame": {
                "compressionType": "merge_dep",
                "isRemote": false
              },
              "link-sure": {
                "compressionType": "merge_dep",
                "isRemote": false
              },
              "qtt": {
                "compressionType": "merge_dep",
                "isRemote": false
              },
              "cocos-play": {
                "compressionType": "merge_dep",
                "isRemote": false
              }
            }
          },
          "web": {
            "preferredOptions": {
              "compressionType": "merge_dep",
              "isRemote": false
            }
          }
        }
      }
    }
  }
}
