{
  "__version__": "1.0.1",
  "information": {
    "customSplash": {
      "id": "customSplash",
      "label": "customSplash",
      "enable": false,
      "customSplash": {
        "complete": false,
        "form": "https://creator-api.cocos.com/api/form/show?"
      }
    },
    "removeSplash": {
      "id": "removeSplash",
      "label": "removeSplash",
      "enable": false,
      "removeSplash": {
        "complete": false,
        "form": "https://creator-api.cocos.com/api/form/show?"
      }
    }
  }
}
