{"skeleton":{"hash":"0fDB66mTafiofn/3B9JDPlZe4HE","spine":"3.8.75","x":17.96,"y":-203.67,"width":189.09,"height":182.52,"images":"","audio":"C:/Users/junxuan/Downloads/Mascot icon moving/ZIP OLD/Slot steampunk"},"bones":[{"name":"root","scaleX":0.75,"scaleY":0.75},{"name":"Body","parent":"root","length":165.44,"rotation":106.94,"x":144.92,"y":-319.08,"scaleX":0.658,"scaleY":-0.658},{"name":"Neck","parent":"Body","length":98.56,"rotation":7.25,"x":165.44},{"name":"Head","parent":"Neck","length":152.04,"rotation":22.49,"x":94.14,"y":-0.64},{"name":"Left btm eye","parent":"Head","length":9.1,"rotation":-111.66,"x":69.76,"y":33.95},{"name":"Left btm eye2","parent":"Left btm eye","length":15.1,"rotation":23.97,"x":9.1},{"name":"head tip","parent":"Head","length":86.69,"rotation":110,"x":152.04},{"name":"Hair","parent":"head tip","length":42.16,"rotation":-3.48,"x":86.69},{"name":"Hair2","parent":"Hair","length":51.89,"rotation":-81.67,"x":42.16},{"name":"left collar","parent":"Body","length":123.79,"rotation":112.42,"x":158.04,"y":112.93},{"name":"right collar","parent":"Body","length":82.05,"rotation":-64.01,"x":220.37,"y":-35.91},{"name":"Top right lips","parent":"Head","length":7.34,"rotation":-93.49,"x":27.07,"y":76.46},{"name":"Top right lips2","parent":"Top right lips","length":14.88,"rotation":-45.29,"x":7.34},{"name":"Top right lips3","parent":"Top right lips2","length":13.71,"rotation":21.2,"x":14.88},{"name":"Top left lips","parent":"Head","length":7.26,"rotation":48.79,"x":25.82,"y":77.79},{"name":"Top left lips2","parent":"Top left lips","length":8.92,"rotation":78.99,"x":7.26},{"name":"Top left lips3","parent":"Top left lips2","length":9.93,"rotation":-9.8,"x":8.92},{"name":"Btm left lips","parent":"Head","length":9.05,"rotation":72.27,"x":13.64,"y":80.57},{"name":"Btm left lips2","parent":"Btm left lips","length":6.84,"rotation":26.2,"x":9.05},{"name":"Btm right lips","parent":"Head","length":8.45,"rotation":-101.51,"x":13.47,"y":79.97},{"name":"Btm right lips2","parent":"Btm right lips","length":14.13,"rotation":2.1,"x":8.45},{"name":"Left eyebrow","parent":"Head","length":16.89,"rotation":62.52,"x":92.38,"y":63.55},{"name":"Left eyebrow2","parent":"Left eyebrow","length":9.37,"rotation":41.71,"x":16.58,"y":-0.06},{"name":"Right eye brow","parent":"Head","length":25.36,"rotation":-87.09,"x":86.55,"y":50.93},{"name":"Right eye brow2","parent":"Right eye brow","length":13.24,"rotation":15.78,"x":25.06,"y":0.1},{"name":"Right eye brow3","parent":"Right eye brow2","length":16.8,"rotation":-56.24,"x":13.24},{"name":"Left top eye","parent":"Head","length":15.84,"rotation":-73.63,"x":75.24,"y":37.27},{"name":"Left top eye2","parent":"Left top eye","length":21.81,"rotation":-51.34,"x":15.84,"shearY":-0.11},{"name":"Right Top eye","parent":"Head","length":10.37,"rotation":58.54,"x":82.76,"y":68.53},{"name":"Right Top eye2","parent":"Right Top eye","length":9.31,"rotation":55.27,"x":10.07,"y":-0.08},{"name":"Right btm eye","parent":"Head","length":7.71,"rotation":95.62,"x":78.81,"y":70.62},{"name":"Right btm eye2","parent":"Right btm eye","length":6.31,"rotation":-29.9,"x":7.59,"y":-0.29},{"name":"01 Left irs","parent":"Head","rotation":-105.75,"x":82.73,"y":75.42},{"name":"01 Right irs","parent":"Head","rotation":-105.75,"x":73.7,"y":22.16},{"name":"Heart","parent":"root","length":52.87,"rotation":90,"x":187.22,"y":-114.84},{"name":"Cheek","parent":"Head","length":22.69,"rotation":-58.3,"x":7.18,"y":37.52},{"name":"Cheek2","parent":"Cheek","length":25.13,"rotation":24.12,"x":22.69},{"name":"Cheek3","parent":"Cheek2","length":17.44,"rotation":10.3,"x":25.13},{"name":"02 Right eye glow","parent":"Head","rotation":-104.28,"x":71.85,"y":24.38},{"name":"02 Left eye glow","parent":"Head","rotation":-104.28,"x":81.36,"y":77.7},{"name":"01 Front","parent":"Head","rotation":77.21,"x":26.41,"y":-136.16,"color":"abe323ff"},{"name":"01 Back","parent":"Head","rotation":77.21,"x":106.63,"y":221.2},{"name":"02 Front","parent":"Head","rotation":257.21,"x":13.19,"y":-157.48}],"slots":[{"name":"library/Body 4","bone":"root","attachment":"library/Body 4"},{"name":"library/Head_White-eye 3","bone":"root","attachment":"library/Head_White-eye 3"},{"name":"library/iris 3","bone":"root","attachment":"library/iris 3"},{"name":"library/iris 4","bone":"root","attachment":"library/iris 3"},{"name":"library/Heart 2","bone":"root","attachment":"library/Heart 2"},{"name":"library/Blink2","bone":"root","attachment":"library/Blink"},{"name":"library/Blink4","bone":"root","attachment":"library/Blink"},{"name":"dfsdg","bone":"Head"}],"transform":[{"name":"1","order":2,"bones":["Right eye brow"],"target":"01 Front","rotation":164.3,"x":195.76,"y":-17.21,"rotateMix":0,"translateMix":0.5,"scaleMix":0,"shearMix":0},{"name":"01 Front","bones":["01 Back"],"target":"01 Front","x":366.25,"y":-0.91,"scaleX":0.342,"scaleY":-0.342,"shearY":180,"rotateMix":0,"translateMix":-1,"scaleMix":0,"shearMix":0},{"name":"2","order":3,"bones":["Right btm eye"],"target":"01 Front","rotation":-18.41,"x":213.24,"y":-5.31,"rotateMix":0,"translateMix":0.5,"scaleMix":0,"shearMix":0},{"name":"3","order":4,"bones":["Right Top eye"],"target":"01 Front","rotation":18.67,"x":212.09,"y":-9.62,"rotateMix":0,"translateMix":0.5,"scaleMix":0,"shearMix":0},{"name":"4","order":5,"bones":["Left top eye"],"target":"01 Front","rotation":150.83,"x":179.92,"y":-9.21,"rotateMix":0,"translateMix":0.5,"scaleMix":0,"shearMix":0},{"name":"5","order":6,"bones":["Left eyebrow"],"target":"01 Front","rotation":14.68,"x":209.36,"y":-20.1,"rotateMix":0,"translateMix":0.5,"scaleMix":0,"shearMix":0},{"name":"6","order":7,"bones":["Left btm eye"],"target":"01 Front","rotation":-171.14,"x":175.48,"y":-4.61,"shearY":360,"rotateMix":0,"translateMix":0.5,"scaleMix":0,"shearMix":0},{"name":"7","order":8,"bones":["Cheek"],"target":"01 Front","rotation":135.51,"x":165.11,"y":57.21,"rotateMix":0,"translateMix":0.5,"scaleMix":0,"shearMix":0},{"name":"8","order":9,"bones":["Btm right lips"],"target":"01 Front","rotation":178.72,"x":207.9,"y":60.48,"rotateMix":0,"translateMix":0.5,"scaleMix":0,"shearMix":0},{"name":"9","order":10,"bones":["Btm left lips"],"target":"01 Front","rotation":4.93,"x":208.52,"y":60.45,"rotateMix":0,"translateMix":0.5,"scaleMix":0,"shearMix":0},{"name":"10","order":11,"bones":["Top left lips"],"target":"01 Front","rotation":28.42,"x":208.5,"y":47.95,"rotateMix":0,"translateMix":0.5,"scaleMix":0,"shearMix":0},{"name":"11","order":12,"bones":["Top right lips"],"target":"01 Front","rotation":170.69,"x":207.48,"y":46.44,"rotateMix":0,"translateMix":0,"scaleMix":0,"shearMix":0},{"name":"12","order":13,"bones":["Top right lips"],"target":"01 Front","rotation":170.69,"x":207.48,"y":46.44,"rotateMix":0,"translateMix":0.5,"scaleMix":0,"shearMix":0},{"name":"f","order":1,"bones":["02 Front"],"target":"01 Front","rotation":-180,"x":-23.72,"y":8.17,"shearY":360,"rotateMix":0,"translateMix":2,"scaleMix":0,"shearMix":0}],"skins":[{"name":"default","attachments":{"library/Blink2":{"library/Blink":{"type":"mesh","uvs":[1,1,0,1,0,0,1,0],"triangles":[1,2,3,1,3,0],"vertices":[1,39,71.23,-55.92,1,1,39,-66.73,-55.92,1,1,39,-66.73,57.05,1,1,39,71.23,57.05,1],"hull":4,"edges":[0,2,2,4,4,6,0,6],"width":127,"height":104}},"library/Blink4":{"library/Blink":{"type":"mesh","uvs":[1,1,0,1,0,0,1,0],"triangles":[1,2,3,1,3,0],"vertices":[1,38,99.38,-78.62,1,1,38,-93.64,-78.62,1,1,38,-93.64,79.44,1,1,38,99.38,79.44,1],"hull":4,"edges":[0,2,2,4,4,6,0,6],"width":127,"height":104}},"library/Head_White-eye 3":{"library/Head_White-eye 3":{"type":"mesh","uvs":[0.407,0,0.50826,0,0.60952,0,0.62366,0.00854,0.66107,0.03723,0.6959,0.0853,0.7087,0.07955,0.731,0.10437,0.75003,0.11022,0.80086,0.09711,0.80769,0.11489,0.83427,0.14408,0.84453,0.1647,0.86774,0.16838,0.9057,0.21403,0.92271,0.26548,0.93851,0.26827,1,0.3084,1,0.41483,1,0.52127,0.95862,0.60006,0.94866,0.65053,0.91531,0.72311,0.89902,0.738,0.91966,0.80842,0.87571,0.84223,0.86218,0.86814,0.82864,0.87921,0.81103,0.8102,0.72264,0.88416,0.63031,0.9343,0.52874,0.98163,0.48688,1,0.36719,1,0.34578,0.9817,0.34024,0.95468,0.3497,0.88189,0.33258,0.82609,0.2855,0.81915,0.26142,0.80458,0.25965,0.78909,0.26139,0.77733,0.31842,0.7453,0.31622,0.7159,0.29483,0.59145,0.23924,0.57341,0.18113,0.6305,0.11687,0.6305,0.07907,0.6016,0.06662,0.53454,0.05794,0.54233,0.04097,0.55229,0.02859,0.54139,0.02911,0.51361,0.02676,0.49926,0,0.44222,0,0.31224,0.01526,0.28679,0.06134,0.25415,0.11963,0.23268,0.19391,0.27869,0.19275,0.19415,0.26271,0.07835,0.29482,0.043,0.3078,0.03303,0.33373,0.01969,0.37566,0.0195,0.33042,0.8052,0.36182,0.77489,0.39836,0.73892,0.43106,0.73892,0.4837,0.76602,0.52569,0.78847,0.59145,0.78139,0.63659,0.7316,0.39322,0.81169,0.44425,0.8052,0.48743,0.7987,0.39188,0.78054,0.42855,0.77489,0.48523,0.7805,0.52532,0.78919,0.48518,0.78198,0.42849,0.77642,0.39231,0.78228,0.36165,0.80424,0.36109,0.80315,0.35933,0.80545,0.52825,0.79011,0.3974,0.69235,0.35143,0.64757,0.34784,0.62255,0.3765,0.57712,0.40993,0.50206,0.38486,0.54815,0.35083,0.51589,0.38008,0.51194,0.3974,0.5205,0.33352,0.53827,0.3377,0.55078,0.3562,0.55078,0.38187,0.53696,0.39262,0.52971,0.36098,0.56461,0.38405,0.54609,0.33925,0.55843,0.32642,0.52946,0.34641,0.50576,0.38015,0.50247,0.39835,0.51333,0.50958,0.52753,0.53287,0.4979,0.55794,0.49099,0.59197,0.5058,0.62242,0.51371,0.63943,0.51864,0.52033,0.51272,0.52012,0.5312,0.53614,0.5312,0.55821,0.53168,0.59327,0.5207,0.46677,0.49933,0.51049,0.46544,0.56589,0.44109,0.60831,0.43823,0.65073,0.45923,0.67843,0.47021,0.65765,0.44157,0.61654,0.40815,0.55507,0.40051,0.50486,0.42486,0.43778,0.45398,0.45855,0.48692,0.46314,0.68838,0.48216,0.65693,0.47558,0.61176,0.52453,0.70976,0.55232,0.66943,0.55671,0.59684,0.5589,0.55006,0.46163,0.54845,0.49747,0.55813,0.62034,0.55813,0.64301,0.65088,0.68469,0.5299,0.72931,0.60813,0.71614,0.68395,0.71907,0.77268,0.73442,0.84043,0.64666,0.80413,0.65696,0.8794,0.60065,0.82878,0.6182,0.89795,0.53263,0.84229,0.5436,0.9286,0.74316,0.48891,0.80898,0.54053,0.79216,0.62926,0.54923,0.30691,0.64869,0.3303,0.73718,0.38353,0.48195,0.33272,0.41539,0.35772,0.37737,0.36175,0.39492,0.465,0.36128,0.44967,0.32617,0.44483,0.3898,0.48677,0.36201,0.47871,0.33202,0.47871,0.31593,0.49081,0.31008,0.47548,0.33934,0.38837,0.41397,0.46223,0.41909,0.49691,0.34435,0.80056,0.14156,0.39371,0.36455,0.14258,0.58741,0.13481,0.90105,0.42127,0.45256,0.85202,0.38988,0.84955,0.35779,0.83968,0.57892,0.49445,0.57892,0.52507,0.52981,0.49361,0.55757,0.48554,0.58115,0.49048,0.59339,0.50102,0.60652,0.50661,0.6113,0.51056,0.61279,0.51303,0.59473,0.52357,0.57921,0.52867,0.55816,0.53509,0.53503,0.53476,0.51846,0.53443,0.50578,0.5285,0.51831,0.51106,0.60171,0.50974,0.6044,0.51106,0.23472,0.41947,0.36477,0.61692,0.45898,0.63392],"triangles":[45,48,49,46,48,45,49,176,45,58,59,176,57,58,176,56,57,176,55,56,176,176,49,54,54,55,176,176,59,60,49,53,54,50,52,53,49,50,53,51,52,50,47,48,46,43,90,89,43,89,69,92,103,94,90,91,202,31,32,154,153,73,151,151,149,150,138,135,141,203,135,134,203,140,135,90,202,89,133,134,136,93,174,140,135,140,141,140,94,102,140,92,94,71,133,136,133,70,89,89,203,133,89,202,203,70,69,89,133,203,134,138,134,135,178,1,2,178,2,3,178,3,4,178,4,5,177,65,66,64,65,177,63,64,177,62,63,177,0,1,177,5,6,7,7,178,5,159,7,8,66,0,177,8,9,10,159,8,12,11,8,10,12,8,11,152,153,151,153,88,73,33,180,32,35,36,181,33,34,35,181,33,35,203,92,140,202,92,203,202,103,92,36,37,182,42,43,69,40,41,67,42,67,41,40,38,39,67,38,40,38,67,37,90,43,44,157,156,20,177,61,62,177,60,61,177,163,60,172,60,163,172,201,60,44,45,106,44,105,91,45,176,201,90,44,91,22,157,21,23,157,22,28,147,146,157,28,146,23,28,157,25,28,23,148,147,28,24,25,23,26,28,25,27,28,26,29,148,28,29,150,148,30,152,150,154,152,30,30,150,29,31,154,30,177,1,178,14,12,13,179,160,15,179,15,16,179,16,17,18,179,17,179,18,19,19,20,179,20,156,179,15,160,12,15,12,14,21,157,20,12,160,159,7,159,178,154,32,180,193,120,192,143,144,145,139,194,193,138,195,139,142,139,193,142,138,139,143,142,144,137,134,138,192,191,142,192,142,193,138,142,143,143,137,138,74,143,146,74,137,143,136,134,137,149,74,147,73,137,74,136,137,73,73,88,136,73,74,149,151,73,149,75,84,83,85,84,75,181,75,76,33,181,180,85,86,84,87,86,85,182,37,87,75,182,85,182,87,85,75,181,182,36,182,181,79,83,78,82,83,80,77,82,81,76,83,82,76,82,77,75,83,76,180,76,77,153,180,77,153,77,81,180,181,76,154,180,153,198,197,121,110,197,198,119,118,111,117,110,116,118,117,116,196,110,117,195,117,118,194,118,119,193,194,119,141,140,197,197,110,196,141,197,196,195,194,139,194,195,118,196,117,195,141,196,195,141,195,138,144,142,115,114,190,189,200,199,189,200,189,190,114,191,190,189,125,114,115,114,125,120,113,199,200,192,120,200,120,199,184,113,120,193,184,120,184,119,112,119,184,193,142,191,114,142,114,115,200,190,191,192,200,191,166,172,165,164,165,163,173,164,163,168,165,164,169,165,168,167,168,164,167,173,174,173,167,164,93,167,174,108,168,167,173,162,131,166,201,172,171,201,166,169,166,165,171,166,169,170,171,169,170,169,107,45,201,171,45,171,170,185,122,186,111,185,186,112,111,186,198,122,185,198,185,111,116,198,111,110,198,116,116,111,118,119,111,112,187,123,124,186,123,187,183,112,186,187,183,186,188,187,124,189,188,124,183,187,188,113,183,188,199,113,188,189,199,188,184,183,113,184,112,183,109,108,167,107,168,108,93,109,167,96,108,109,96,95,108,97,96,109,102,96,97,95,96,101,97,109,93,140,102,97,93,140,97,99,44,106,107,169,168,108,95,107,106,170,107,106,107,95,98,106,95,45,170,106,91,103,202,101,96,102,104,101,102,94,104,102,100,95,101,100,101,104,103,100,104,103,104,94,91,105,103,98,95,100,99,98,100,105,99,100,105,100,103,99,106,98,44,99,105,131,162,130,122,130,123,132,131,130,122,132,130,174,131,132,121,132,122,121,122,198,121,174,132,140,121,197,140,174,121,174,173,131,130,161,129,128,123,129,130,129,123,186,122,123,124,123,128,124,128,127,79,78,69,78,68,69,84,78,83,78,84,86,175,42,68,86,175,68,78,86,68,67,42,175,87,175,86,37,67,175,87,37,175,68,42,69,79,69,70,79,70,71,70,133,71,79,71,80,83,79,80,72,80,71,136,72,71,136,88,72,81,82,80,72,81,80,81,72,88,88,153,81,201,176,60,146,143,145,145,155,156,157,145,156,146,145,157,158,178,159,158,161,178,161,177,178,161,162,177,162,163,177,128,129,158,161,158,129,159,128,158,127,128,159,162,161,130,160,127,159,165,172,163,125,124,127,173,163,162,126,127,160,125,127,126,126,160,155,125,189,124,115,125,126,144,126,155,115,126,144,74,146,147,149,147,148,150,149,148,152,151,150,152,154,153,145,144,155,156,155,179,155,160,179],"vertices":[2,41,-165.48,-137.94,0.432,40,200.77,-135.22,0.568,2,41,-192.58,-136.54,0.432,40,173.67,-133.82,0.568,2,41,-219.68,-135.14,0.432,40,146.57,-132.42,0.568,2,41,-223.36,-132.88,0.432,40,142.89,-130.15,0.568,2,41,-233.01,-125.4,0.432,40,133.24,-122.67,0.568,2,41,-241.73,-113.25,0.432,40,124.52,-110.52,0.568,2,41,-245.23,-114.47,0.432,40,121.02,-111.74,0.568,2,41,-250.89,-108.14,0.432,40,115.36,-105.41,0.568,2,41,-255.91,-106.46,0.432,40,110.34,-103.73,0.568,2,41,-269.68,-108.93,0.432,40,96.57,-106.21,0.568,2,41,-271.28,-104.52,0.432,40,94.97,-101.8,0.568,2,41,-278.03,-97.07,0.432,40,88.22,-94.35,0.568,2,41,-280.52,-91.93,0.432,40,85.73,-89.2,0.568,2,41,-286.68,-90.71,0.432,40,79.57,-87.99,0.568,2,41,-296.27,-79.11,0.792,40,69.98,-76.38,0.208,2,41,-300.18,-66.39,0.792,40,66.07,-63.66,0.208,2,41,-304.37,-65.49,0.792,40,61.88,-62.77,0.208,2,41,-320.33,-54.91,0.792,40,45.92,-52.18,0.208,2,41,-318.99,-29.08,0.792,40,47.26,-26.35,0.208,2,41,-317.66,-3.25,0.792,40,48.59,-0.52,0.208,2,41,-305.6,15.3,0.792,40,60.65,18.03,0.208,2,41,-302.3,27.41,0.792,40,63.95,30.14,0.208,1,41,-292.46,44.56,1,1,41,-287.92,47.95,1,1,41,-292.56,65.33,1,1,41,-280.37,72.93,1,1,41,-276.42,79.03,1,1,41,-267.31,81.25,1,1,41,-263.46,64.26,1,1,41,-238.88,80.98,1,1,41,-213.54,91.87,1,2,41,-185.76,101.96,0.448,40,180.49,104.68,0.552,2,41,-174.33,105.84,0.448,40,191.93,108.56,0.552,2,41,-142.29,104.18,0.448,40,223.96,106.91,0.552,2,41,-136.79,99.44,0.448,40,229.46,102.17,0.552,2,41,-135.65,92.81,0.448,40,230.61,95.54,0.552,2,41,-139.09,75.28,0.448,40,227.16,78,0.552,2,41,-135.21,61.5,0.488,40,231.04,64.23,0.512,2,41,-122.69,59.16,0.488,40,243.56,61.89,0.512,2,41,-116.43,55.3,0.488,40,249.82,58.02,0.512,2,41,-116.15,51.51,0.488,40,250.1,54.24,0.512,2,41,-116.76,48.68,0.488,40,249.49,51.41,0.512,2,41,-132.43,41.7,0.488,40,233.82,44.42,0.512,2,41,-132.21,34.53,0.488,40,234.04,37.26,0.512,2,41,-128.05,4.04,0.824,42,-261.93,1.41,0.176,1,41,-113.39,-1.11,1,2,40,269.13,14.67,0.528,42,-292.85,-6.5,0.472,2,40,286.33,13.78,0.528,42,-310.05,-5.61,0.472,2,40,296.08,6.24,0.528,42,-319.8,1.93,0.472,2,40,298.57,-10.2,0.528,42,-322.29,18.37,0.472,2,40,300.99,-8.43,0.528,42,-324.71,16.6,0.472,2,40,305.66,-6.25,0.528,42,-329.38,14.42,0.472,2,40,308.84,-9.07,0.528,42,-332.56,17.24,0.472,2,40,308.35,-15.8,0.528,42,-332.07,23.97,0.472,2,40,308.8,-19.32,0.528,42,-332.52,27.49,0.472,2,40,315.25,-33.53,0.528,42,-338.97,41.7,0.472,2,40,313.62,-65.07,0.528,42,-337.34,73.24,0.472,2,40,309.21,-71.04,0.528,42,-332.93,79.2,0.472,2,40,296.47,-78.32,0.528,42,-320.19,86.49,0.472,2,40,280.6,-82.72,0.528,42,-304.32,90.89,0.472,2,8,30.79,-35.03,0.352,41,-104.96,-73.26,0.648,2,8,46.59,-48.16,0.352,41,-105.7,-93.79,0.648,2,41,-125.88,-120.93,0.432,40,240.37,-118.2,0.568,2,41,-134.92,-129.06,0.432,40,231.34,-126.33,0.568,2,41,-138.52,-131.3,0.432,40,227.74,-128.57,0.568,2,41,-145.62,-134.18,0.432,40,220.63,-131.45,0.568,2,41,-156.85,-133.65,0.432,40,209.4,-130.92,0.568,2,16,13.24,-1.2,0.95594,18,12.68,-5.52,0.04406,2,16,2.07,-0.71,0.81742,15,10.84,-1.05,0.18258,2,15,-2.01,1.63,0.336,14,5.27,-1.66,0.664,2,12,-3.2,-1.3,0.176,11,4.17,1.36,0.824,2,13,-2.18,1.77,0.536,12,12.22,0.86,0.464,2,13,9.96,-1.27,0.87453,20,20.68,1.31,0.12547,2,35,2.97,-2.56,0.6,40,161.2,56.96,0.4,2,35,20.06,-3.29,0.50944,36,-3.74,-1.93,0.49056,2,18,-2.02,2.82,0.11691,17,5.99,1.64,0.88309,2,20,-1.46,-0.32,0.656,19,7,-0.37,0.344,2,12,17.38,-5.25,0.00153,20,10.21,-0.03,0.99847,2,14,2.49,8.21,0.51559,17,6.61,-5.91,0.48441,2,12,1,-9,0.408,11,1.65,-7.04,0.592,2,13,-1.05,-1.59,0.408,12,14.48,-1.86,0.592,2,13,9.9,-1.46,0.85159,20,20.56,1.15,0.14841,2,20,10.06,4.08,0.68,19,18.35,4.44,0.32,2,20,-4.89,7.1,0.35201,19,3.3,6.91,0.64799,2,14,2.21,8.55,0.4873,17,6.48,-5.49,0.5127,2,16,7.03,4.41,0.3167,18,4.95,-2.3,0.6833,2,16,6.95,4.12,0.3641,18,4.98,-2.6,0.6359,2,16,7.68,4.2,0.33411,18,5.64,-2.29,0.66589,2,13,10.71,-1.52,0.87411,20,21.32,0.84,0.12589,2,41,-154.23,29.94,0.072,40,212.02,32.67,0.928,3,41,-142.49,18.44,0.35986,40,223.76,21.16,0.44814,42,-247.48,-13,0.192,3,41,-141.84,12.32,0.42787,40,224.41,15.04,0.41213,42,-248.13,-6.87,0.16,2,41,-150.08,1.69,0.26853,40,216.17,4.41,0.73147,3,28,-4.31,-5.38,0.56194,21,-4.69,5.76,0.37406,40,206.28,-13.34,0.064,2,41,-152.68,-5.23,0.28,40,213.57,-2.5,0.72,2,29,1.81,1.31,0.67848,28,10.03,2.14,0.32152,2,28,2.74,-0.9,0.94784,21,2.65,9.74,0.05216,3,30,-4.39,-2.47,0.20692,28,-2.29,-0.16,0.77708,40,209.87,-9.04,0.016,2,31,6.99,-1.05,0.73125,29,8.85,2.55,0.26875,2,31,5.43,1.79,0.99238,30,13.2,-1.45,0.00762,2,31,0.53,1.06,0.647,30,8.58,0.36,0.353,2,30,0.95,-0.26,0.97045,28,0.63,4.82,0.02955,2,30,-2.38,-0.85,0.58558,28,-1.67,2.35,0.41442,2,30,8.61,3.96,0.99984,36,11.39,80.98,1.6E-4,2,30,1.21,2.02,0.99983,36,17.62,76.53,1.7E-4,2,31,4.75,3.57,0.94406,30,13.49,0.44,0.05594,2,29,8.95,-0.32,0.99924,22,10.71,13.09,7.6E-4,2,29,1.15,-1.35,0.71832,28,11.83,0.09,0.28168,2,28,3.35,-3.12,0.78365,21,3.1,7.48,0.21635,2,28,-2.07,-1.9,0.86967,21,-2.21,9.08,0.13033,3,4,-4.58,0.47,0.99634,36,32.54,46.04,0.00284,37,15.53,43.98,8.1E-4,2,26,7.44,-0.22,0.98266,4,0.89,8.28,0.01734,2,27,0.72,-2.9,0.72393,26,14.03,-2.37,0.27607,2,27,10.51,-3.3,0.56718,5,10.33,4.16,0.43282,2,27,18.85,-2.42,0.3374,5,17.49,-0.2,0.6626,2,27,23.55,-2.06,0.208,5,21.45,-2.75,0.792,2,26,2.68,-1.48,0.79703,4,-2.08,4.35,0.20297,2,4,-1.67,-0.12,0.99867,36,32.58,43.08,0.00133,2,5,-5.81,2.93,0.15199,4,2.6,0.32,0.84801,2,5,-0.22,0.99,0.28795,4,8.49,0.81,0.71205,1,5,9.54,0.61,1,1,23,3.47,-5.13,1,3,24,-7.88,1.01,0.176,23,17.21,-1.07,0.76611,26,6.56,9.65,0.05789,2,24,7.71,-2.51,0.86941,27,-1.26,9.25,0.13059,2,25,9.31,-1.12,0.95706,27,9.24,13.65,0.04294,1,3,77.6,-2.89,1,2,3,73.01,-9.31,0.872,37,35.72,1.15,0.128,1,3,81.22,-5.84,1,2,3,92.03,2.56,0.20357,25,8.64,6.48,0.79643,3,3,98.29,17.91,0.13157,24,10.9,7.26,0.69243,42,-189.88,44.14,0.176,3,24,-3.55,9.99,0.21522,23,18.93,8.75,0.60878,42,-203.62,38.93,0.176,4,23,-0.37,7.8,0.46084,21,-9.62,-7.19,0.21813,40,198.23,-24.62,0.14502,42,-221.94,32.79,0.176,1,23,2.35,-1.57,1,2,41,-171.88,29.89,0.30137,40,194.37,32.61,0.69863,2,41,-177.36,22.51,0.38137,40,188.89,25.24,0.61863,2,41,-176.17,11.46,0.12537,40,190.09,14.19,0.87463,2,35,3.66,22.42,0.504,36,-8.21,28.24,0.496,2,35,15.92,23.56,0.22259,36,3.45,24.27,0.77741,2,5,-5.51,-13.94,0.24,36,20.55,28.74,0.76,2,36,31.52,31.77,0.58461,37,11.98,30.12,0.41539,2,41,-173.23,-4.09,0.26937,40,193.02,-1.37,0.73063,2,4,-7.04,-7.26,0.856,40,183.55,1.48,0.144,2,36,34.87,15.53,0.76,42,-174.39,4.99,0.24,4,35,35.67,8.71,0.00757,36,15.41,2.64,0.74283,37,-9.09,4.34,0.0416,42,-169.48,-17.83,0.208,4,3,58.6,-6.99,0.28949,37,21.59,-2.56,0.2506,40,133.09,-2.79,0.2359,42,-156.81,10.95,0.224,4,3,37.05,-13.33,0.37463,37,4.46,-17.09,0.05993,41,-244.12,14.09,0.44,40,122.13,16.82,0.12544,4,3,20.28,-4.94,0.52932,37,-14.27,-16.2,0.00457,41,-239.65,32.31,0.312,40,126.61,35.04,0.15411,4,3,-0.68,0.16,0.53024,35,27.66,-26.32,0.00365,41,-239.32,53.88,0.312,40,126.93,56.61,0.15411,3,3,-17.65,0.67,0.53389,41,-242.58,70.53,0.312,40,123.67,73.26,0.15411,2,35,8.9,-17.2,0.488,40,146.71,63.24,0.512,3,3,-21.12,23.22,0.53389,41,-221.36,78.92,0.312,40,144.89,81.65,0.15411,2,35,-3.85,-12.16,0.488,40,159.33,68.58,0.512,3,3,-22.64,34.44,0.53389,41,-210.75,82.89,0.312,40,155.5,85.61,0.15411,3,20,21.08,-11.9,0.32403,35,-18.6,-0.96,0.16397,40,177.71,70.92,0.512,3,3,-24.38,55.71,0.53389,41,-190.4,89.29,0.312,40,175.85,92.02,0.15411,3,3,63.93,-24.77,0.50906,41,-249.32,-14.65,0.344,40,116.93,-11.92,0.14694,3,3,47.07,-38.34,0.53389,41,-266.29,-1.21,0.312,40,99.96,1.51,0.15411,3,3,27.54,-28.15,0.53389,41,-260.68,20.09,0.312,40,105.57,22.81,0.15411,3,3,120.6,13.24,0.53389,41,-199.7,-61.5,0.312,40,166.55,-58.77,0.15411,3,3,107.9,-10.87,0.53389,41,-226.03,-54.45,0.312,40,140.22,-51.72,0.15411,4,3,89.01,-30.18,0.33742,41,-249.04,-40.31,0.19718,40,117.21,-37.58,0.0974,42,-140.93,45.75,0.368,3,3,119.46,32.3,0.53389,41,-181.37,-56.17,0.312,40,184.88,-53.44,0.15411,3,3,118.46,51.12,0.53389,41,-163.24,-51.02,0.312,40,203.01,-48.29,0.15411,3,3,120.28,61.19,0.53389,41,-153.01,-50.57,0.312,40,213.24,-47.84,0.15411,3,23,-12.11,8.94,0.02313,21,1.08,-2.24,0.88087,42,-233.55,30.71,0.096,3,6,84.35,23.73,0.06734,21,10.66,-4.05,0.83666,42,-242.37,34.89,0.096,3,22,0.49,-4.76,0.58192,21,20.11,-3.29,0.32208,42,-251.7,36.55,0.096,2,28,1.89,-7.49,0.32126,21,1.35,3.22,0.67874,2,28,9.59,-7.36,0.21988,21,9.04,2.82,0.78012,2,29,-0.06,-8.87,0.21203,22,3.24,3.16,0.78797,2,29,5.13,-9.35,0.29917,22,8.45,3.55,0.70083,2,7,11.17,21.52,0.00448,22,7.95,-0.46,0.99552,3,3,116.82,72.76,0.53389,41,-142.5,-44.63,0.312,40,223.75,-41.9,0.15411,4,23,-7.05,7.94,0.24712,21,-3.79,-3.93,0.54117,40,204.7,-22.95,0.11571,42,-228.42,31.12,0.096,3,23,-8.45,-0.48,0.49584,21,-6.84,4.04,0.44016,40,203.76,-14.46,0.064,2,16,9.76,0.56,0.95493,18,8.81,-5.02,0.04507,2,40,276.75,-43.34,0.528,42,-300.47,51.51,0.472,5,3,172.47,50.04,0.22405,7,-44.36,-39.08,0.13046,41,-152.33,-103.93,0.20717,40,213.92,-101.2,0.10233,42,-237.64,109.37,0.336,4,3,158.08,-7.96,0.3545,41,-212.08,-102.74,0.20717,40,154.17,-100.01,0.10233,42,-177.89,108.18,0.336,3,3,68.26,-69.96,0.08588,41,-292.43,-28.88,0.27361,40,73.82,-26.16,0.64051,2,20,-0.51,-11.88,0.52973,19,8.38,-11.89,0.47027,2,18,2.57,10.85,0.66321,17,6.57,10.87,0.33679,2,18,9.43,5.13,0.9303,17,15.25,8.77,0.0697,2,27,6.3,-1.84,0.904,5,7.86,7.87,0.096,2,27,8.75,-8.87,0.04755,5,5.55,0.79,0.95245,2,23,19.92,-9.22,0.05129,26,7.3,1.1,0.94871,2,27,0.18,-1.68,0.552,26,14.65,-1.19,0.448,2,27,6.55,-0.73,0.984,5,8.73,8.6,0.016,2,27,10.49,-2.07,0.74268,5,11.05,5.15,0.25732,2,27,14.26,-2.2,0.61056,5,13.98,2.76,0.38944,2,27,15.78,-2.68,0.52433,5,14.89,1.45,0.47567,2,27,16.36,-3.12,0.3671,5,15.09,0.76,0.6329,2,36,40.67,24.7,0.48896,37,19.71,21.52,0.51104,2,36,38.18,28.25,0.50588,37,17.89,25.46,0.49412,2,5,-0.49,0.2,0.16,4,8.56,-0.01,0.84,2,5,-6.36,2.2,0.15199,4,2.39,-0.57,0.84801,4,4,-2.04,-0.95,0.99398,35,33.95,52.43,0.00125,36,31.7,43.26,0.00334,37,14.2,41.38,0.00143,2,4,-5.57,0.13,0.99636,36,31.99,46.94,0.00364,2,26,2.44,-0.85,0.88788,4,-2.66,4.7,0.11212,2,27,13.29,-3.34,0.45809,5,12.51,2.44,0.54191,2,27,14.08,-3.4,0.36096,5,13.1,1.91,0.63904,5,3,117.16,101.79,6.4E-4,8,-2.3,-21.06,0.43181,7,20.98,-0.78,0.06362,22,18.64,-22.35,0.32439,21,45.36,-4.35,0.17954,3,41,-146.45,11.18,0.19096,40,219.81,13.91,0.38099,42,-243.53,-5.74,0.42805,3,41,-171.45,16.61,0.29602,40,194.81,19.34,0.30398,42,-218.53,-11.17,0.4],"hull":67,"edges":[0,2,2,4,4,6,6,8,8,10,10,12,12,14,14,16,16,18,18,20,20,22,22,24,24,26,26,28,28,30,30,32,32,34,34,36,36,38,38,40,40,42,42,44,44,46,46,48,48,50,50,52,52,54,54,56,56,58,58,60,60,62,62,64,64,66,66,68,68,70,70,72,72,74,74,76,76,78,78,80,80,82,82,84,84,86,86,88,88,90,90,92,92,94,94,96,96,98,98,100,100,102,102,104,104,106,106,108,108,110,110,112,112,114,114,116,116,118,118,120,120,122,122,124,124,126,126,128,128,130,130,132,132,0,172,156,156,158,158,160,160,144,144,176,176,162,162,164,164,166,166,168,168,170,170,174,174,172,188,184,184,404,404,406],"width":177,"height":160}},"library/Heart 2":{"library/Heart 2":{"type":"mesh","uvs":[1,1,0,1,0,0,1,0],"triangles":[1,2,3,1,3,0],"vertices":[1,34,-3.85,-20.89,1,1,34,-4.2,22.11,1,1,34,28.79,22.38,1,1,34,29.15,-20.62,1],"hull":4,"edges":[0,2,2,4,4,6,0,6],"width":43,"height":33}},"library/Body 4":{"library/Body 4":{"type":"mesh","uvs":[0.68706,0,0.78635,0.22314,0.89777,0.26621,0.98573,0.30021,0.89249,0.40863,0.83626,0.55067,0.81537,0.65668,0.53248,0.94563,0.37612,0.80923,0.21596,0.67695,0.01007,0.53882,0.19994,0.37636,0.37171,0.27583,0.46167,0.2439,0.4839,0.01618,0.68466,0,0.45517,0.67437,0.60361,0.68698,0.38042,0.46121,0.65863,0.43789,0.81068,0.42214,0.38382,0.66111,0.53245,0.46618],"triangles":[15,13,14,15,0,1,4,2,3,4,20,2,9,11,18,10,11,9,2,20,1,19,15,1,22,13,19,5,19,20,19,1,20,6,17,19,5,6,19,19,13,15,5,20,4,18,12,13,11,12,18,18,13,22,16,21,18,22,16,18,9,18,21,17,22,19,16,22,17,8,9,21,8,21,16,7,16,17,8,16,7,7,17,6],"vertices":[1,3,32.99,-11.65,1,2,1,254.76,-33.49,0.00175,2,84.38,-44.49,0.99825,2,2,80.91,-89.05,0.208,10,53.98,14.36,0.792,1,10,86.41,0.46,1,2,2,48.55,-91.63,0.368,10,46.02,-17.11,0.632,2,1,188.15,-72.18,0.26954,2,13.42,-74.46,0.73046,2,1,162.73,-70.72,0.35978,2,-11.61,-69.81,0.64022,1,1,69.87,18.48,1,2,1,83.47,85.74,0.94232,2,-70.5,95.39,0.05768,2,2,-49.67,161.73,0.192,9,61.88,41.84,0.808,1,9,138.06,0.88,1,2,2,17.12,177.7,0.192,9,59.81,-26.8,0.808,2,1,199.96,119.73,0.57792,2,49.35,114.42,0.42208,3,1,216.35,87.73,0.23019,2,61.57,80.61,0.40181,3,0.99,87.53,0.368,1,3,49.04,66.31,1,1,3,33.22,-10.74,1,2,1,121.28,64.09,0.88817,2,-35.72,69.15,0.11183,2,1,134,7.33,0.99981,2,-30.27,11.24,1.9E-4,2,1,160.23,105.21,0.77935,2,8.1,105.03,0.22065,2,1,194.35,1.67,0.00106,2,28.89,-1.99,0.99894,3,1,213.67,-54.73,0.05009,2,40.93,-60.38,0.50191,10,13.98,-14.28,0.448,2,1,116.75,91.81,0.86688,2,-36.72,97.22,0.13312,2,1,174.99,47.56,0.63184,2,15.47,45.97,0.36816],"hull":16,"edges":[0,30,28,30,0,2,24,26,26,28,2,4,4,6,12,14,10,12,6,8,8,10,20,22,22,24,14,16,16,18,18,20],"width":260,"height":151}},"library/iris 3":{"library/iris 3":{"type":"mesh","uvs":[0.17563,1,0,1,0,0.24546,0.14141,0.20261],"triangles":[1,3,0,1,2,3],"vertices":[1,32,6.86,-5.34,1,1,32,-4.2,-5.34,1,1,32,-4.2,6.73,1,1,32,4.71,7.42,1],"hull":4,"edges":[0,2,2,4,4,6,6,0],"width":63,"height":16}},"library/iris 4":{"library/iris 3":{"type":"mesh","uvs":[0.99999,0.65902,0.81823,0.71226,0.81299,1.0E-5,1,0],"triangles":[1,2,0,0,2,3],"vertices":[1,33,5.09,-5.65,1,1,33,-6.36,-6.5,1,1,33,-6.69,4.9,1,1,33,5.09,4.9,1],"hull":4,"edges":[0,2,2,4,4,6,6,0],"width":63,"height":16}}}}],"animations":{"big win":{"slots":{"library/Blink2":{"color":[{"color":"ababab00"},{"time":0.2333,"color":"ffffff00"},{"time":0.3,"color":"ffffffff"},{"time":0.3667,"color":"ffffff41"},{"time":0.4667,"color":"ffffff00"},{"time":0.5,"color":"ffffffff"},{"time":0.9,"color":"ffffffea"},{"time":1,"color":"ffffff00"}]},"library/Blink4":{"color":[{"color":"ffffff00","curve":"stepped"},{"time":0.2333,"color":"ffffff00"},{"time":0.3,"color":"ffffffff"},{"time":0.3667,"color":"ffffff41"},{"time":0.4667,"color":"ffffff00"},{"time":0.5,"color":"ffffffff"},{"time":0.9,"color":"ffffffea"},{"time":1,"color":"ffffff00"}]},"library/Heart 2":{"color":[{"color":"ffffff00"}]}},"bones":{"Body":{"scale":[{},{"time":0.5,"x":1.005,"y":1.005},{"time":1}]},"Neck":{"rotate":[{"angle":0.22},{"time":0.1667,"angle":3.35},{"time":0.3333,"angle":14.08},{"time":0.7,"angle":11.78},{"time":0.8,"angle":14.08},{"time":1,"angle":0.22}]},"Head":{"rotate":[{},{"time":0.1667,"angle":7.81},{"time":0.3333,"angle":-21.63},{"time":0.7,"angle":-23.93},{"time":0.8,"angle":-21.63},{"time":1}]},"Left top eye":{"rotate":[{},{"time":0.5,"angle":-26.13},{"time":1}],"translate":[{},{"time":0.5,"x":0.24,"y":-0.02},{"time":1}]},"Left top eye2":{"rotate":[{},{"time":0.5,"angle":32.83},{"time":1}],"translate":[{},{"time":0.5,"x":1.26,"y":2.75},{"time":1}]},"Left btm eye":{"rotate":[{},{"time":0.5,"angle":6.3},{"time":1}],"translate":[{},{"time":0.5,"x":4.01,"y":-1.1},{"time":1}]},"Left btm eye2":{"rotate":[{},{"time":0.5,"angle":-14.08},{"time":1}],"translate":[{},{"time":0.5,"x":1.07,"y":0.39},{"time":1}]},"Cheek":{"translate":[{},{"time":0.3,"x":6.88,"y":-6.75,"curve":"stepped"},{"time":0.6,"x":6.88,"y":-6.75},{"time":1}]},"Top right lips":{"rotate":[{},{"time":0.3,"angle":15.94,"curve":"stepped"},{"time":0.6,"angle":15.94},{"time":1}],"translate":[{},{"time":0.3,"x":-1.31,"y":-4.49,"curve":"stepped"},{"time":0.6,"x":-1.31,"y":-4.49},{"time":1}]},"Top right lips2":{"rotate":[{},{"time":0.3,"angle":11.25,"curve":"stepped"},{"time":0.6,"angle":11.25},{"time":1}]},"Btm right lips":{"rotate":[{},{"time":0.3,"angle":13.58,"curve":"stepped"},{"time":0.6,"angle":13.58},{"time":1}],"translate":[{},{"time":0.3,"x":-0.39,"y":-5.84,"curve":"stepped"},{"time":0.6,"x":-0.39,"y":-5.84},{"time":1}]},"Btm right lips2":{"rotate":[{},{"time":0.3,"angle":13.92,"curve":"stepped"},{"time":0.6,"angle":13.92},{"time":1}]},"01 Right irs":{"translate":[{},{"time":0.1667,"x":-1.21,"y":0.12},{"time":1}]},"Btm left lips":{"translate":[{},{"time":0.5,"x":0.64,"y":-2.62},{"time":1}]},"Top left lips":{"translate":[{},{"time":0.5,"x":0.28,"y":-2.01},{"time":1}]},"head tip":{"rotate":[{},{"time":0.1667,"angle":2.55},{"time":0.5,"angle":-7.28},{"time":1}]},"Hair":{"rotate":[{},{"time":0.1667,"angle":22.47},{"time":0.5,"angle":-26.11},{"time":0.8,"angle":12.75},{"time":0.9,"angle":-1.73},{"time":1}]},"Heart":{"translate":[{"x":0.64,"y":5.14},{"time":0.4667,"x":0.64,"y":6.53},{"time":0.8667,"x":36.17,"y":22.83}],"scale":[{"time":0.4667,"x":0.2,"y":0.2},{"time":0.8667}]},"right collar":{"rotate":[{},{"time":0.0667,"angle":-6.95},{"time":0.2,"angle":4.32},{"time":0.5,"angle":25.55},{"time":0.7667},{"time":0.9,"angle":-10.47},{"time":1}]},"left collar":{"rotate":[{},{"time":0.0667,"angle":8.94},{"time":0.2,"angle":4.32},{"time":0.5,"angle":-17.83},{"time":0.7667},{"time":0.9,"angle":4.77},{"time":1}]},"02 Left eye glow":{"rotate":[{"time":0.2667},{"time":1,"angle":131.24}],"scale":[{"time":0.2667},{"time":0.5,"x":1.5,"y":1.5},{"time":1}]},"02 Right eye glow":{"rotate":[{"time":0.2667},{"time":1,"angle":131.24}],"scale":[{"time":0.2667},{"time":0.5,"x":1.5,"y":1.5},{"time":1}]},"01 Front":{"translate":[{},{"time":0.1667,"x":-0.71,"y":-4.47},{"time":0.5,"x":2.37,"y":7.11},{"time":0.8,"x":-0.71,"y":-4.47},{"time":1}]}},"deform":{"default":{"library/iris 4":{"library/iris 3":[{},{"time":0.5,"vertices":[0.29474,5.11194,0.29474,5.11194,0.38039,-5.41116,0.38039,-5.41116]},{"time":1}]}}}},"idle":{"slots":{"library/Blink2":{"color":[{"color":"ffffff00"}]},"library/Blink4":{"color":[{"color":"ffffff00"}]},"library/Heart 2":{"color":[{"color":"ffffff00"}]}},"bones":{"Body":{"scale":[{},{"time":0.5,"x":1.005,"y":1.005},{"time":1}]},"left collar":{"rotate":[{},{"time":0.2333,"angle":6.12},{"time":0.5,"angle":-1.18},{"time":0.7667,"angle":-9.72},{"time":1}]},"Head":{"shear":[{},{"time":0.2333,"x":2,"y":2},{"time":0.5},{"time":0.7667,"x":-2,"y":-2},{"time":1}]},"Hair":{"rotate":[{},{"time":0.2333,"angle":7.08},{"time":0.5,"angle":-2.41},{"time":0.7333,"angle":-9.01},{"time":1}]},"Neck":{"rotate":[{"angle":0.22},{"time":0.5,"angle":-0.52},{"time":1,"angle":0.22}]},"right collar":{"rotate":[{},{"time":0.2333,"angle":-0.83},{"time":0.5},{"time":0.7667,"angle":-7.93},{"time":1}]},"01 Front":{"translate":[{},{"time":0.5,"x":1.56,"y":7.16},{"time":1}]},"Top right lips":{"translate":[{},{"time":0.5,"x":-0.69,"y":-3.16},{"time":1}]},"Top left lips":{"translate":[{},{"time":0.5,"x":-0.69,"y":-3.16},{"time":1}]},"Right eye brow":{"translate":[{},{"time":0.5,"x":-0.69,"y":-3.16},{"time":1}]},"Right btm eye":{"translate":[{},{"time":0.5,"x":-0.69,"y":-3.16},{"time":1}]},"Right Top eye":{"translate":[{},{"time":0.5,"x":-0.69,"y":-3.16},{"time":1}]},"Left top eye":{"translate":[{},{"time":0.5,"x":-0.69,"y":-3.16},{"time":1}]},"Left eyebrow":{"translate":[{},{"time":0.5,"x":-0.69,"y":-3.16},{"time":1}]},"Left btm eye":{"translate":[{},{"time":0.5,"x":-0.69,"y":-3.16},{"time":1}]},"Cheek":{"translate":[{},{"time":0.5,"x":-0.69,"y":-3.16},{"time":1}]},"Btm right lips":{"translate":[{},{"time":0.5,"x":-0.69,"y":-3.16},{"time":1}]},"Btm left lips":{"translate":[{},{"time":0.5,"x":-0.69,"y":-3.16},{"time":1}]},"01 Right irs":{"translate":[{},{"time":0.5,"x":-0.73,"y":1.86},{"time":1}]}}},"small win":{"slots":{"library/Blink2":{"color":[{"color":"ffffff00"}]},"library/Blink4":{"color":[{"color":"ffffff00"}]},"library/Heart 2":{"color":[{"color":"ffffff00","curve":"stepped"},{"time":0.4667,"color":"ffffff00"},{"time":0.5,"color":"ffffffff"},{"time":0.6667,"color":"ffffffed"},{"time":0.8667,"color":"ffffff00"}]}},"bones":{"Body":{"scale":[{},{"time":0.5,"x":1.005,"y":1.005},{"time":1}]},"Neck":{"rotate":[{"angle":0.22},{"time":0.1667,"angle":3.35},{"time":0.5,"angle":-5.49},{"time":1,"angle":0.22}]},"Head":{"rotate":[{},{"time":0.1667,"angle":7.81},{"time":0.5,"angle":-15},{"time":0.8,"angle":7.09},{"time":0.9,"angle":-0.05},{"time":1}]},"Left top eye":{"rotate":[{},{"time":0.5,"angle":-26.13},{"time":1}],"translate":[{},{"time":0.5,"x":0.24,"y":-0.02},{"time":1}]},"Left top eye2":{"rotate":[{},{"time":0.5,"angle":32.83},{"time":1}],"translate":[{},{"time":0.5,"x":1.26,"y":2.75},{"time":1}]},"Left btm eye":{"rotate":[{},{"time":0.5,"angle":6.3},{"time":1}],"translate":[{},{"time":0.5,"x":4.01,"y":-1.1},{"time":1}]},"Left btm eye2":{"rotate":[{},{"time":0.5,"angle":-14.08},{"time":1}],"translate":[{},{"time":0.5,"x":1.07,"y":0.39},{"time":1}]},"Cheek":{"translate":[{},{"time":0.5,"x":6.88,"y":-6.75},{"time":1}]},"Top right lips":{"rotate":[{},{"time":0.5,"angle":15.94},{"time":1}],"translate":[{},{"time":0.5,"x":-1.31,"y":-4.49},{"time":1}]},"Top right lips2":{"rotate":[{},{"time":0.5,"angle":11.25},{"time":1}]},"Btm right lips":{"rotate":[{},{"time":0.5,"angle":13.58},{"time":1}],"translate":[{},{"time":0.5,"x":-0.39,"y":-5.84},{"time":1}]},"Btm right lips2":{"rotate":[{},{"time":0.5,"angle":13.92},{"time":1}]},"01 Right irs":{"translate":[{},{"time":0.1667,"x":-1.21,"y":0.12},{"time":1}]},"Btm left lips":{"translate":[{},{"time":0.5,"x":0.64,"y":-2.62},{"time":1}]},"Top left lips":{"translate":[{},{"time":0.5,"x":0.28,"y":-2.01},{"time":1}]},"head tip":{"rotate":[{},{"time":0.1667,"angle":2.55},{"time":0.5,"angle":-7.28},{"time":1}]},"Hair":{"rotate":[{},{"time":0.1667,"angle":22.47},{"time":0.5,"angle":-26.11},{"time":0.8,"angle":12.75},{"time":0.9,"angle":-1.73},{"time":1}]},"Heart":{"translate":[{"x":0.64,"y":5.14},{"time":0.2333,"x":0.64,"y":6.53},{"time":0.8667,"x":36.17,"y":22.83}],"scale":[{"time":0.2333,"x":0.2,"y":0.2},{"time":0.8667,"x":2.652,"y":2.652}]},"right collar":{"rotate":[{},{"time":0.2,"angle":4.32},{"time":0.5,"angle":-17.83},{"time":0.7667}]},"left collar":{"rotate":[{},{"time":0.2,"angle":4.32},{"time":0.5,"angle":-17.83},{"time":0.7667}]},"01 Front":{"translate":[{},{"time":0.1667,"x":-0.71,"y":-4.47},{"time":0.5,"x":2.37,"y":7.11},{"time":0.8,"x":-0.71,"y":-4.47},{"time":1}]}},"deform":{"default":{"library/iris 4":{"library/iris 3":[{},{"time":0.5,"vertices":[0.29474,5.11194,0.29474,5.11194,0.38039,-5.41116,0.38039,-5.41116]},{"time":1}]}}}}}}