{"skeleton":{"hash":"wU0lwGhAw5sNsdb0n1b80H3Awas","spine":"3.8.75","x":-109.97,"y":-112.9,"width":221.98,"height":221.98,"fps":24,"images":"./Export/","audio":""},"bones":[{"name":"root","scaleX":0.25,"scaleY":0.25},{"name":"Master","parent":"root"},{"name":"Text","parent":"Master","y":-175.45},{"name":"Head_White-eye","parent":"Master","length":79.5,"rotation":85.22,"x":11.22,"y":8.43},{"name":"Eye_close","parent":"Head_White-eye","rotation":-85.22,"x":103.73,"y":35.01},{"name":"iris","parent":"Master","x":-44.34,"y":108.11},{"name":"Body","parent":"Master","x":-23.75,"y":-17.27},{"name":"Heart","parent":"Master","x":133.26,"y":113.28},{"name":"Raylights","parent":"Master","x":17.86,"y":-59.08},{"name":"Raylights1","parent":"Master","x":17.86,"y":-59.08,"scaleX":0.7536,"scaleY":0.7536},{"name":"Electirc","parent":"Master","x":4.08,"y":-7.66,"scaleX":1.7758,"scaleY":1.7758},{"name":"Body2","parent":"Body","x":151.75,"y":-143.82},{"name":"Head_White-eye1","parent":"Head_White-eye","length":114,"rotation":26.54,"x":79.88},{"name":"Body1","parent":"Body","x":-23,"y":-140.23}],"slots":[{"name":"spotlight1","bone":"Raylights1","attachment":"spotlight","blend":"additive"},{"name":"Glow","bone":"Master","attachment":"Glow"},{"name":"spotlight","bone":"Raylights","attachment":"spotlight","blend":"additive"},{"name":"Body","bone":"Body2","attachment":"Body"},{"name":"Head_White-eye","bone":"Head_White-eye1","attachment":"Head_White-eye"},{"name":"iris","bone":"iris","attachment":"iris"},{"name":"Eye-close","bone":"Eye_close","attachment":"Eye-close"},{"name":"Text","bone":"Text","attachment":"Text"},{"name":"heart","bone":"Heart","attachment":"heart"},{"name":"Layer 9","bone":"Electirc","attachment":"Layer 9","blend":"additive"},{"name":"Layer 8","bone":"Electirc","attachment":"Layer 8","blend":"additive"},{"name":"Layer 7","bone":"Electirc","attachment":"Layer 7","blend":"additive"},{"name":"Layer 6","bone":"Electirc","attachment":"Layer 6","blend":"additive"},{"name":"Layer 5","bone":"Electirc","attachment":"Layer 5","blend":"additive"},{"name":"Layer 4","bone":"Electirc","attachment":"Layer 4","blend":"additive"},{"name":"Layer 3","bone":"Electirc","attachment":"Layer 3","blend":"additive"},{"name":"Layer 2","bone":"Electirc","attachment":"Layer 2","blend":"additive"},{"name":"Layer 17","bone":"Electirc","attachment":"Layer 17","blend":"additive"},{"name":"Layer 16","bone":"Electirc","attachment":"Layer 16","blend":"additive"},{"name":"Layer 15","bone":"Electirc","attachment":"Layer 15","blend":"additive"},{"name":"Layer 14","bone":"Electirc","attachment":"Layer 14","blend":"additive"},{"name":"Layer 13","bone":"Electirc","attachment":"Layer 13","blend":"additive"},{"name":"Layer 12","bone":"Electirc","attachment":"Layer 12","blend":"additive"},{"name":"Layer 11","bone":"Electirc","attachment":"Layer 11","blend":"additive"},{"name":"Layer 10","bone":"Electirc","attachment":"Layer 10","blend":"additive"},{"name":"Layer 1","bone":"Electirc","attachment":"Layer 1","blend":"additive"}],"skins":[{"name":"default","attachments":{"Body":{"Body":{"type":"mesh","uvs":[0,1,1,1,0,0.33538,0.15143,0.23172,0.30689,0.16466,0.43187,0.06453,0.58042,0.13724,0.66957,0.16849,0.68344,0.16466,0.71027,0.17609,0.76024,0.18868,0.63627,0.26709,0.5021,0.27469,0.71212,0.22159,0.66311,0.29241,0.65014,0.34297,0.67052,0.37835,0.72509,0.40489,0.92956,0.5453,0.95359,0.63377,0.98323,0.75646,1,0.81968,0.40682,1,0.45213,0.84623,0.52062,0.71096,0.5428,0.56172,0.51782,0.36576,0.05616,0.33921,0.1283,0.42262,0.16165,0.48714,0.1644,0.55159,0.32542,0.45423,0.3911,0.53264,0.53724,0.48461,0.59742,0.20133,0.13795,0.52741,0.10269,0.54905,0.07104,0.56735,0.05034,0.62219,0.25598,0.54239,0.21342,0.63216,0.17446,0.74198,0.14768,0.86336,0.15863,1,0.03573,0.79349,0,0.68542,0.0406,1,0.01625,0.92319,0.58407,0.0187],"triangles":[13,14,17,13,17,10,9,13,10,14,15,16,7,11,13,11,14,13,9,8,13,8,7,13,15,33,16,34,11,7,6,34,7,26,33,15,11,15,14,11,26,15,34,12,11,12,26,11,6,12,34,48,5,6,5,12,6,33,32,25,26,32,33,31,32,26,12,31,26,5,4,12,4,31,12,28,29,31,3,28,31,4,3,31,27,28,3,2,27,3,27,37,28,27,2,37,7,6,8,9,8,10,10,17,18,20,24,1,19,20,21,20,1,21,19,24,20,18,17,19,17,24,19,25,24,17,16,25,17,14,16,17,33,25,16,32,24,25,24,23,1,23,22,1,32,23,24,32,40,23,41,22,23,40,41,23,39,40,32,41,42,22,42,43,22,31,39,32,29,39,31,30,40,39,29,30,39,30,41,40,29,35,30,44,42,41,38,44,41,30,36,41,36,38,41,37,38,36,42,46,43,35,36,30,47,46,42,28,35,29,28,36,35,44,47,42,45,44,38,37,36,28,2,45,38,2,38,37,47,0,46,45,47,44,45,0,47],"vertices":[1,13,-167.25,-100.37,1,1,11,130.32,-96.77,1,1,6,-190.25,-10.91,1,1,6,-118.73,24.92,1,1,6,-45.31,48.09,1,1,6,13.73,82.72,1,1,6,83.91,57.59,1,1,6,125.99,46.77,1,1,6,132.56,48.09,1,1,6,145.23,44.14,1,1,6,168.83,39.8,1,1,6,110.27,12.69,1,1,6,46.91,10.08,1,1,6,146.1,28.41,1,1,6,122.96,3.95,1,1,6,116.83,-13.52,1,1,11,-25.3,118.08,1,1,11,0.47,108.9,1,1,11,97.05,60.38,1,1,11,108.39,29.8,1,1,11,122.41,-12.6,1,1,11,130.32,-34.45,1,1,13,24.9,-100.37,1,1,13,46.29,-47.22,1,2,13,78.64,-0.47,0.59918,11,-96.11,3.13,0.40082,1,11,-85.62,54.7,1,1,6,54.32,-21.41,1,1,6,-163.72,-12.23,1,1,6,-129.66,-41.05,1,1,13,-90.89,76.87,1,1,13,-89.61,54.59,1,2,13,-13.55,88.25,0.33618,6,-36.55,-51.98,0.66382,2,13,17.47,61.14,0.60849,6,-5.53,-79.09,0.39151,1,6,63.5,-62.48,1,1,6,91.93,35.42,1,1,13,-102.1,62.95,1,1,13,-118.75,55.48,1,1,13,-133.71,49.14,1,1,13,-143.48,30.19,1,1,13,-46.35,57.78,1,1,13,-66.45,26.75,1,1,13,-84.84,-11.2,1,1,13,-97.5,-53.16,1,1,13,-92.33,-100.37,1,1,13,-150.37,-29,1,1,13,-167.25,8.34,1,1,13,-148.07,-100.37,1,1,13,-159.57,-73.83,1,1,6,85.62,98.53,1],"hull":17,"edges":[0,90,2,42,2,44,4,6,4,90,6,8,8,10,10,96,12,16,12,96,16,20,20,36,36,38,38,42,44,86,86,92,92,0],"width":246,"height":180}},"Layer 2":{"Layer 2":{"scaleX":4,"scaleY":4,"width":124,"height":125}},"Layer 3":{"Layer 3":{"scaleX":4,"scaleY":4,"width":124,"height":125}},"Layer 4":{"Layer 4":{"scaleX":4,"scaleY":4,"width":124,"height":125}},"heart":{"heart":{"type":"mesh","path":"Heart","uvs":[0,0,1,0,0,1,1,1],"triangles":[1,0,3,0,2,3],"vertices":[-23.04,20.76,33.12,20.76,-23.04,-22.92,33.12,-22.92],"hull":4,"edges":[0,2,2,6,4,6,4,0],"width":108,"height":84}},"Layer 6":{"Layer 6":{"scaleX":4,"scaleY":4,"width":124,"height":125}},"Layer 7":{"Layer 7":{"scaleX":4,"scaleY":4,"width":124,"height":125}},"Layer 8":{"Layer 8":{"scaleX":4,"scaleY":4,"width":124,"height":125}},"Layer 9":{"Layer 9":{"scaleX":4,"scaleY":4,"width":124,"height":125}},"Text":{"Text":{"type":"mesh","path":"Text-001","uvs":[0,0,1,0,0,1,1,1],"triangles":[1,0,3,0,2,3],"vertices":[-242.83,86.56,287.45,86.56,-242.83,-71.12,287.45,-71.12],"hull":4,"edges":[0,2,2,6,4,6,4,0],"width":491,"height":146}},"iris":{"iris":{"type":"mesh","uvs":[0,0,1,0,0,1,1,1],"triangles":[1,0,3,0,2,3],"vertices":[-23.56,8.35,36.92,8.35,-23.56,-6.53,36.92,-6.53],"hull":4,"edges":[0,2,2,6,4,6,4,0],"width":126,"height":31}},"spotlight":{"spotlight":{"type":"mesh","uvs":[0,0,1,0,0,1,1,1],"triangles":[1,0,3,0,2,3],"vertices":[-333.77,369.37,313.73,369.37,-333.77,-203.13,313.73,-203.13],"hull":4,"edges":[0,2,2,6,4,6,4,0],"width":259,"height":229}},"Layer 1":{"Layer 1":{"type":"mesh","uvs":[0,0,1,0,0,1,1,1],"triangles":[1,0,3,0,2,3],"vertices":[-250,250,250,250,-250,-250,250,-250],"hull":4,"edges":[0,2,2,6,4,6,4,0],"width":124,"height":125}},"Layer 5":{"Layer 5":{"scaleX":4,"scaleY":4,"width":124,"height":125}},"spotlight1":{"spotlight":{"type":"mesh","uvs":[0,0,1,0,0,1,1,1],"triangles":[1,0,3,0,2,3],"vertices":[-333.77,369.37,313.73,369.37,-333.77,-203.13,313.73,-203.13],"hull":4,"edges":[0,2,2,6,4,6,4,0],"width":259,"height":229}},"Layer 10":{"Layer 10":{"scaleX":4,"scaleY":4,"width":124,"height":125}},"Glow":{"Glow":{"type":"mesh","uvs":[0,0,1,0,0,1,1,1],"triangles":[1,0,3,0,2,3],"vertices":[-324.01,342.03,324.01,342.03,-324.01,-392.64,324.01,-392.64],"hull":4,"edges":[0,2,2,6,4,6,4,0],"width":172,"height":195}},"Head_White-eye":{"Head_White-eye":{"type":"mesh","uvs":[0,0.47341,0,0.29004,0.08862,0.25065,0.19697,0.27982,0.20309,0.17533,0.24021,0.09139,0.30288,0,0.64386,0,0.71829,0.07869,0.81002,0.11194,0.88348,0.18996,0.94625,0.25948,1,0.30769,1,0.51301,0.9617,0.60501,0.93556,0.70983,0.92205,0.76869,0.8999,0.83928,0.86608,0.88953,0.82741,0.7773,0.79039,0.77848,0.35448,1,0.35283,0.8975,0.34107,0.82034,0.27811,0.82034,0.24361,0.76826,0.29657,0.76546,0.34107,0.72737,0.32261,0.67335,0.31591,0.61943,0.32844,0.56455,0.268,0.59619,0.16383,0.64365,0.08406,0.6204,0.06394,0.54776,0.50568,1,0.61402,0.93936,0.72159,0.88265,0.7761,0.84541,0.37907,0.79495,0.41551,0.78268,0.45593,0.78096,0.49237,0.78956,0.53833,0.79538,0.58196,0.79602,0.61325,0.77224,0.39636,0.83325,0.46244,0.82497,0.63084,0.73619,0.65824,0.68282,0.46701,0.70262,0.5325,0.71854,0.58099,0.7575,0.21815,0.56261,0.13653,0.59576,0.11418,0.51936],"triangles":[37,36,18,36,35,18,14,15,13,15,16,13,49,14,13,20,19,14,49,20,14,19,15,14,19,16,15,19,17,16,19,18,17,19,38,18,38,37,18,20,38,19,37,38,20,48,37,20,49,48,20,30,50,49,45,44,36,50,51,49,48,45,37,45,36,37,51,48,49,51,52,48,44,43,36,52,45,48,43,47,36,47,35,36,52,44,45,52,43,44,51,43,52,42,47,43,42,43,51,50,42,51,46,22,47,50,41,42,47,22,35,22,21,35,29,28,50,41,47,42,40,41,50,27,40,50,28,27,50,41,40,47,40,46,47,27,39,40,39,46,40,39,23,46,23,22,46,26,23,27,27,23,39,25,33,24,24,33,21,24,21,22,23,24,22,26,24,23,28,26,27,25,26,28,31,25,28,25,24,26,7,8,9,11,49,13,9,10,12,10,11,12,11,13,12,10,49,11,8,49,10,9,8,10,30,49,8,3,30,8,6,5,7,5,3,7,7,3,8,4,3,5,30,29,50,1,5,6,3,53,30,3,55,53,53,31,30,31,29,30,31,28,29,32,25,31,1,2,5,53,32,31,32,33,25,2,4,5,4,2,3,2,55,3,54,32,53,55,54,53,1,0,2,2,0,55,54,33,32,55,34,54,34,33,54,0,34,55,34,0,33],"vertices":[1,12,94.77,153.36,1,1,12,134.34,137.57,1,1,12,134.37,112.99,1,1,12,117.75,89.63,1,1,12,139.72,79.17,1,1,12,154.27,63.06,1,1,12,168.01,40.21,1,1,12,135.48,-41.27,1,1,12,111.41,-52.26,1,1,12,95.47,-71.31,1,1,12,71.63,-82.15,1,1,12,50.64,-91.15,1,1,12,35.12,-99.85,1,2,12,-9.18,-82.16,0.50079,3,108.38,-77.6,0.49921,2,12,-25.39,-65.08,0.50025,3,86.25,-69.57,0.49975,2,12,-45.5,-49.81,0.48058,3,61.43,-64.9,0.51942,2,12,-56.91,-41.51,0.441,3,47.52,-62.57,0.55901,2,12,-70.02,-30.14,0.3686,3,30.7,-58.25,0.63139,2,12,-77.63,-17.73,0.28718,3,18.35,-50.55,0.71282,2,12,-49.73,-18.15,0.34545,3,43.5,-38.46,0.65455,2,12,-46.47,-9.2,0.2726,3,42.42,-28.99,0.7274,1,3,-18.19,78.48,1,1,3,5.49,80.88,1,1,3,23.12,85.41,1,1,3,21.77,101.53,1,1,3,33.08,111.4,1,1,3,34.87,97.87,1,2,12,7.44,93.76,0.46381,3,44.64,87.2,0.53619,2,12,20.86,93.51,0.49712,3,56.75,92.97,0.50288,2,12,33.13,90.47,0.52827,3,69.09,95.74,0.47173,2,12,43.77,82.74,0.56142,3,82.06,93.58,0.43858,1,12,42.71,99.91,1,1,12,42.42,128.9,1,1,12,55.03,145.95,1,1,12,72.63,144.5,1,1,3,-14.95,39.72,1,2,12,-64.34,46.79,0.02644,3,1.41,13.11,0.97356,2,12,-62.37,16.22,0.04127,3,16.84,-13.36,0.95873,2,12,-59.55,-0.02,0.16666,3,26.62,-26.63,0.83334,2,12,-10.77,90.5,0.41111,3,29.8,76.15,0.58889,2,12,-11.59,80.73,0.40321,3,33.43,67.04,0.59679,2,12,-15.08,70.94,0.37952,3,34.68,56.72,0.62048,2,12,-20.42,62.96,0.33712,3,33.47,47.2,0.66288,2,12,-26.06,52.47,0.26636,3,33.12,35.3,0.73364,2,12,-30.36,42.12,0.17738,3,33.9,24.11,0.82262,2,12,-28.21,32.58,0.12841,3,40.08,16.54,0.87159,2,12,-20.68,89.67,0.37298,3,21.31,70.98,0.62702,2,12,-25.2,73.16,0.32905,3,24.64,54.18,0.67095,2,12,-22.12,25.28,0.12566,3,48.8,12.73,0.87434,2,12,-13.2,14.14,0.10822,3,61.75,6.75,0.89178,2,12,0.76,61.53,0.44759,3,53.06,55.38,0.55241,2,12,-8.91,47.26,0.38796,3,50.78,38.3,0.61204,2,12,-21.96,39.03,0.23912,3,42.79,25.1,0.76088,1,12,54.7,108.94,1,1,12,55.34,131.29,1,1,12,73.96,130.05,1],"hull":13,"edges":[0,2,2,12,12,14,14,18,18,24,24,26,26,32,32,34,34,36,36,70,42,66,42,70,66,0],"width":134,"height":121}},"Layer 11":{"Layer 11":{"scaleX":4,"scaleY":4,"width":124,"height":125}},"Layer 12":{"Layer 12":{"scaleX":4,"scaleY":4,"width":124,"height":125}},"Layer 13":{"Layer 13":{"scaleX":4,"scaleY":4,"width":124,"height":125}},"Layer 14":{"Layer 14":{"scaleX":4,"scaleY":4,"width":124,"height":125}},"Layer 15":{"Layer 15":{"scaleX":4,"scaleY":4,"width":124,"height":125}},"Layer 16":{"Layer 16":{"scaleX":4,"scaleY":4,"width":124,"height":125}},"Layer 17":{"Layer 17":{"scaleX":4,"scaleY":4,"width":124,"height":125}},"Eye-close":{"Eye-close":{"type":"mesh","uvs":[0,0,1,0,0,1,1,1],"triangles":[1,0,3,0,2,3],"vertices":[-41.07,31,41.49,31,-41.07,-28.52,41.49,-28.52],"hull":4,"edges":[0,2,2,6,4,6,4,0],"width":43,"height":31}}}}],"animations":{"animtion0":{"slots":{"Layer 6":{"attachment":[{"name":null},{"time":0.2083,"name":"Layer 6"},{"time":0.25,"name":null},{"time":2,"name":"Layer 6"},{"time":2.0417,"name":null}]},"Layer 4":{"attachment":[{"name":null},{"time":0.125,"name":"Layer 4"},{"time":0.1667,"name":null},{"time":1.9167,"name":"Layer 4"},{"time":1.9583,"name":null}]},"Layer 12":{"attachment":[{"name":null},{"time":0.4583,"name":"Layer 12"},{"time":0.5,"name":null},{"time":2.25,"name":"Layer 12"},{"time":2.2917,"name":null}]},"Glow":{"color":[{"color":"ffffff00"},{"time":0.9167,"color":"ffffffff","curve":"stepped"},{"time":1.5417,"color":"ffffffff"},{"time":2.5,"color":"ffffff00"}]},"Layer 9":{"attachment":[{"name":null},{"time":0.3333,"name":"Layer 9"},{"time":0.375,"name":null},{"time":2.125,"name":"Layer 9"},{"time":2.1667,"name":null}]},"Layer 2":{"attachment":[{"name":null},{"time":0.0417,"name":"Layer 2"},{"time":0.0833,"name":null},{"time":1.8333,"name":"Layer 2"},{"time":1.875,"name":null}]},"Layer 16":{"attachment":[{"name":null},{"time":0.625,"name":"Layer 16"},{"time":0.6667,"name":null},{"time":2.4167,"name":"Layer 16"},{"time":2.4583,"name":null}]},"Layer 14":{"attachment":[{"name":null},{"time":0.5417,"name":"Layer 14"},{"time":0.5833,"name":null},{"time":2.3333,"name":"Layer 14"},{"time":2.375,"name":null}]},"spotlight1":{"color":[{"color":"ffffff00"},{"time":0.9167,"color":"ffffffff","curve":"stepped"},{"time":1.5417,"color":"ffffffff"},{"time":2.5,"color":"ffffff00"}]},"Eye-close":{"color":[{"color":"ffffffff","curve":"stepped"},{"time":0.7917,"color":"ffffff00"},{"time":0.9583,"color":"ffffffff"},{"time":1.125,"color":"ffffff00"}],"attachment":[{"name":null},{"time":0.7917,"name":"Eye-close"}]},"Layer 3":{"attachment":[{"name":null},{"time":0.0833,"name":"Layer 3"},{"time":0.125,"name":null},{"time":1.875,"name":"Layer 3"},{"time":1.9167,"name":null}]},"Layer 5":{"attachment":[{"name":null},{"time":0.1667,"name":"Layer 5"},{"time":0.2083,"name":null},{"time":1.9583,"name":"Layer 5"},{"time":2,"name":null}]},"spotlight":{"color":[{"color":"ffffff00"},{"time":0.9167,"color":"ffffffff","curve":"stepped"},{"time":1.5417,"color":"ffffffff"},{"time":2.5,"color":"ffffff00"}]},"heart":{"color":[{"time":0.875,"color":"ffffffff"},{"time":1.625,"color":"ffffff00"}],"attachment":[{"name":null},{"time":0.875,"name":"heart"}]},"Layer 11":{"attachment":[{"name":null},{"time":0.4167,"name":"Layer 11"},{"time":0.4583,"name":null},{"time":2.2083,"name":"Layer 11"},{"time":2.25,"name":null}]},"Text":{"attachment":[{"name":null},{"time":0.8333,"name":"Text"}]},"Layer 1":{"attachment":[{"time":0.0417,"name":null},{"time":1.7917,"name":"Layer 1"},{"time":1.8333,"name":null}]},"Layer 17":{"attachment":[{"name":null},{"time":0.6667,"name":"Layer 17"},{"time":0.7083,"name":null},{"time":2.4583,"name":"Layer 17"},{"time":2.5,"name":null}]},"Layer 15":{"attachment":[{"name":null},{"time":0.5833,"name":"Layer 15"},{"time":0.625,"name":null},{"time":2.375,"name":"Layer 15"},{"time":2.4167,"name":null}]},"Layer 7":{"attachment":[{"name":null},{"time":0.25,"name":"Layer 7"},{"time":0.2917,"name":null},{"time":2.0417,"name":"Layer 7"},{"time":2.0833,"name":null}]},"Layer 13":{"attachment":[{"name":null},{"time":0.5,"name":"Layer 13"},{"time":0.5417,"name":null},{"time":2.2917,"name":"Layer 13"},{"time":2.3333,"name":null}]},"Layer 8":{"attachment":[{"name":null},{"time":0.2917,"name":"Layer 8"},{"time":0.3333,"name":null},{"time":2.0833,"name":"Layer 8"},{"time":2.125,"name":null}]},"Layer 10":{"attachment":[{"name":null},{"time":0.375,"name":"Layer 10"},{"time":0.4167,"name":null},{"time":2.1667,"name":"Layer 10"},{"time":2.2083,"name":null}]}},"bones":{"Raylights1":{"rotate":[{},{"time":0.9167,"angle":26},{"time":2.5}]},"Heart":{"rotate":[{},{"time":0.875,"angle":-18.48},{"time":1.625,"angle":39.96}],"translate":[{},{"time":0.875,"x":-100.37,"y":5.66},{"time":1.625,"x":24.93,"y":103.95}],"scale":[{},{"time":0.875,"x":0.74,"y":0.74},{"time":1.625,"x":1.46,"y":1.46}]},"Eye_close":{"rotate":[{},{"time":0.7917,"angle":-4.5,"curve":"stepped"},{"time":1.125,"angle":-4.5},{"time":2.5}],"translate":[{},{"time":0.7917,"x":1.74,"y":-1.33,"curve":"stepped"},{"time":1.125,"x":1.74,"y":-1.33},{"time":2.5}]},"Raylights":{"rotate":[{},{"time":0.9167,"angle":-22},{"time":2.5}]},"Text":{"scale":[{"curve":"stepped"},{"time":0.8333,"x":0.37,"y":0.37},{"time":0.9167},{"time":1.0417,"x":1.29,"y":1.29},{"time":1.125,"x":0.92,"y":0.92},{"time":1.25}]},"Head_White-eye":{"rotate":[{},{"time":0.7917,"angle":-3.61},{"time":1.4167,"angle":-3},{"time":2.5}],"translate":[{},{"time":0.7917,"x":4.09,"y":1.36},{"time":1.4167,"x":4.09,"y":-1.89},{"time":2.5}]},"Head_White-eye1":{"rotate":[{},{"time":0.7917,"angle":-5.65},{"time":1.4167,"angle":-5.05},{"time":2.5}]},"iris":{"rotate":[{},{"time":0.7917,"angle":-9.47},{"time":1.4167,"angle":-8.87},{"time":2.5}],"translate":[{"x":-3.37},{"time":0.7917,"x":12.18,"y":7.93},{"time":1.4167,"x":11.34,"y":4.16},{"time":2.5,"x":-3.37}]},"Body1":{"translate":[{},{"time":0.8333,"y":13.99},{"time":2.5}],"scale":[{},{"time":0.8333,"x":1.14,"y":1.14},{"time":2.5}]},"Body2":{"translate":[{},{"time":0.8333,"y":1.89},{"time":2.5}],"scale":[{},{"time":0.8333,"x":1.04,"y":1.04},{"time":2.5}]}},"deform":{"default":{"Head_White-eye":{"Head_White-eye":[{},{"time":0.7917,"offset":82,"vertices":[-0.58,2.8,-0.12,1.17,-1.54,6.12,-0.65,8.18,-0.5,6.66,0,0,0,0,2.52875,6.18151,-0.5,6.66,-4.72,4.63,-6.29148,2.03288,-0.69668,8.69802,-4.51,7.47]},{"time":2.5}]},"Body":{"Body":[{},{"time":0.8333,"offset":5,"vertices":[-14.8,0,-8.33,0,0,0,0,0,0,-0.73,0.65,6.47,-2.09,5.82,-3.23,0,-11.42,0,-11.58,0,5.72,0,-5.93,0,3.99,-2.3,1.8,0,0,0,0,0,0,0,0,0,0,0,0,0,0,0,0,-6.85,0,-6.85,0,-0.02,0,0,-12.35,-14.96,10.12,0,0,0,0,0,0,-6.39,0,-6.39]},{"time":2.5}]}}}}}}