{"skeleton":{"hash":"VgtviJKvXHlSl9fkn5Euh13p7zg","spine":"3.8.75","x":-99.53,"y":-89.12,"width":199.07,"height":200.67,"fps":24,"images":"./library/","audio":"C:/Users/rachelthiowx/Desktop/Mini game/Slots/Icons/Dragonbone/FREE SPIN"},"bones":[{"name":"root","scaleX":0.25,"scaleY":0.25},{"name":"Master","parent":"root"},{"name":"Gear","parent":"Master","x":-76.47,"y":50.34},{"name":"Plus","parent":"Master","x":95.76,"y":5.99},{"name":"Text","parent":"Master","x":-5.47,"y":-100.94},{"name":"Glow","parent":"Master","x":7.95,"y":13.67},{"name":"Raylight","parent":"Master","x":7.95,"y":13.67},{"name":"Raylight1","parent":"Master","rotation":-0.6,"x":7.95,"y":13.67,"scaleX":0.8109,"scaleY":0.8109},{"name":"electric","parent":"Master","x":-0.06,"y":44.18,"scaleX":1.6054,"scaleY":1.6054}],"slots":[{"name":"spotlight1","bone":"Raylight1","attachment":"spotlight","blend":"additive"},{"name":"spotlight","bone":"Raylight","attachment":"spotlight","blend":"additive"},{"name":"Glow","bone":"Glow","attachment":"Glow","blend":"additive"},{"name":"gear","bone":"Gear","attachment":"gear"},{"name":"plus","bone":"Plus","attachment":"plus"},{"name":"Text","bone":"Text","attachment":"Text"},{"name":"Layer 9","bone":"electric","attachment":"Layer 9","blend":"additive"},{"name":"Layer 8","bone":"electric","attachment":"Layer 8","blend":"additive"},{"name":"Layer 7","bone":"electric","attachment":"Layer 7","blend":"additive"},{"name":"Layer 6","bone":"electric","attachment":"Layer 6","blend":"additive"},{"name":"Layer 5","bone":"electric","attachment":"Layer 5","blend":"additive"},{"name":"Layer 4","bone":"electric","attachment":"Layer 4","blend":"additive"},{"name":"Layer 3","bone":"electric","attachment":"Layer 3","blend":"additive"},{"name":"Layer 2","bone":"electric","attachment":"Layer 2","blend":"additive"},{"name":"Layer 17","bone":"electric","attachment":"Layer 17","blend":"additive"},{"name":"Layer 16","bone":"electric","attachment":"Layer 16","blend":"additive"},{"name":"Layer 15","bone":"electric","attachment":"Layer 15","blend":"additive"},{"name":"Layer 14","bone":"electric","attachment":"Layer 14","blend":"additive"},{"name":"Layer 13","bone":"electric","attachment":"Layer 13","blend":"additive"},{"name":"Layer 12","bone":"electric","attachment":"Layer 12","blend":"additive"},{"name":"Layer 11","bone":"electric","attachment":"Layer 11","blend":"additive"},{"name":"Layer 10","bone":"electric","attachment":"Layer 10","blend":"additive"},{"name":"Layer 1","bone":"electric","attachment":"Layer 1","blend":"additive"}],"skins":[{"name":"default","attachments":{"Layer 1":{"Layer 1":{"x":0.06,"y":0.44,"scaleX":4,"scaleY":4,"width":124,"height":125}},"Layer 2":{"Layer 2":{"x":0.06,"y":0.44,"scaleX":4,"scaleY":4,"width":124,"height":125}},"Layer 3":{"Layer 3":{"x":0.06,"y":0.44,"scaleX":4,"scaleY":4,"width":124,"height":125}},"Layer 4":{"Layer 4":{"x":0.06,"y":0.44,"scaleX":4,"scaleY":4,"width":124,"height":125}},"Layer 5":{"Layer 5":{"x":0.06,"y":0.44,"scaleX":4,"scaleY":4,"width":124,"height":125}},"Layer 6":{"Layer 6":{"x":0.06,"y":0.44,"scaleX":4,"scaleY":4,"width":124,"height":125}},"Layer 7":{"Layer 7":{"x":0.06,"y":0.44,"scaleX":4,"scaleY":4,"width":124,"height":125}},"Layer 8":{"Layer 8":{"x":0.06,"y":0.44,"scaleX":4,"scaleY":4,"width":124,"height":125}},"Layer 9":{"Layer 9":{"x":0.06,"y":0.44,"scaleX":4,"scaleY":4,"width":124,"height":125}},"Text":{"Text":{"type":"mesh","uvs":[0,0,1,0,0,1,1,1],"triangles":[1,0,3,0,2,3],"vertices":[-234.1,81.1,202.9,81.1,-234.1,-114.9,202.9,-114.9],"hull":4,"edges":[0,2,2,6,4,6,4,0],"width":437,"height":196}},"gear":{"gear":{"type":"mesh","uvs":[0,0,1,0,0,1,1,1],"triangles":[1,0,3,0,2,3],"vertices":[-168.19,166.15,148.81,166.15,-168.19,-178.85,148.81,-178.85],"hull":4,"edges":[0,2,2,6,4,6,4,0],"width":317,"height":345}},"spotlight":{"spotlight":{"type":"mesh","uvs":[0,0,1,0,0,1,1,1],"triangles":[1,0,3,0,2,3],"vertices":[-313.57,336.8,297.67,336.8,-313.57,-203.64,297.67,-203.64],"hull":4,"edges":[0,2,2,6,4,6,4,0],"width":259,"height":229}},"plus":{"plus":{"type":"mesh","uvs":[0,0,1,0,0,1,1,1],"triangles":[1,0,3,0,2,3],"vertices":[-143.53,145.1,149.47,145.1,-143.53,-151.9,149.47,-151.9],"hull":4,"edges":[0,2,2,6,4,6,4,0],"width":293,"height":297}},"spotlight1":{"spotlight":{"type":"mesh","uvs":[0,0,1,0,0,1,1,1],"triangles":[1,0,3,0,2,3],"vertices":[-313.57,336.8,297.67,336.8,-313.57,-203.64,297.67,-203.64],"hull":4,"edges":[0,2,2,6,4,6,4,0],"width":259,"height":229}},"Glow":{"Glow":{"type":"mesh","uvs":[0,0,1,0,0,1,1,1],"triangles":[1,0,3,0,2,3],"vertices":[-314.14,413.45,298.25,413.45,-314.14,-280.29,298.25,-280.29],"hull":4,"edges":[0,2,2,6,4,6,4,0],"width":172,"height":195}},"Layer 10":{"Layer 10":{"x":0.06,"y":0.44,"scaleX":4,"scaleY":4,"width":124,"height":125}},"Layer 11":{"Layer 11":{"x":0.06,"y":0.44,"scaleX":4,"scaleY":4,"width":124,"height":125}},"Layer 12":{"Layer 12":{"x":0.06,"y":0.44,"scaleX":4,"scaleY":4,"width":124,"height":125}},"Layer 13":{"Layer 13":{"x":0.06,"y":0.44,"scaleX":4,"scaleY":4,"width":124,"height":125}},"Layer 14":{"Layer 14":{"x":0.06,"y":0.44,"scaleX":4,"scaleY":4,"width":124,"height":125}},"Layer 15":{"Layer 15":{"x":0.06,"y":0.44,"scaleX":4,"scaleY":4,"width":124,"height":125}},"Layer 16":{"Layer 16":{"x":0.06,"y":0.44,"scaleX":4,"scaleY":4,"width":124,"height":125}},"Layer 17":{"Layer 17":{"x":0.06,"y":0.44,"scaleX":4,"scaleY":4,"width":124,"height":125}}}}],"animations":{"animtion0":{"slots":{"Layer 16":{"attachment":[{"name":null},{"time":0.625,"name":"Layer 16"},{"time":0.6667,"name":null},{"time":2.4167,"name":"Layer 16"},{"time":2.4583,"name":null}]},"Layer 7":{"attachment":[{"name":null},{"time":0.25,"name":"Layer 7"},{"time":0.2917,"name":null},{"time":2.0417,"name":"Layer 7"},{"time":2.0833,"name":null}]},"Layer 4":{"attachment":[{"name":null},{"time":0.125,"name":"Layer 4"},{"time":0.1667,"name":null},{"time":1.9167,"name":"Layer 4"},{"time":1.9583,"name":null}]},"Layer 15":{"attachment":[{"name":null},{"time":0.5833,"name":"Layer 15"},{"time":0.625,"name":null},{"time":2.375,"name":"Layer 15"},{"time":2.4167,"name":null}]},"Layer 8":{"attachment":[{"name":null},{"time":0.2917,"name":"Layer 8"},{"time":0.3333,"name":null},{"time":2.0833,"name":"Layer 8"},{"time":2.125,"name":null}]},"spotlight":{"color":[{"color":"ffffff00"},{"time":0.9167,"color":"ffffffff","curve":"stepped"},{"time":1.5417,"color":"ffffffff"},{"time":2.5,"color":"ffffff00"}]},"spotlight1":{"color":[{"color":"ffffff00"},{"time":0.9167,"color":"ffffffff","curve":"stepped"},{"time":1.5417,"color":"ffffffff"},{"time":2.5,"color":"ffffff00"}]},"Layer 12":{"attachment":[{"name":null},{"time":0.4583,"name":"Layer 12"},{"time":0.5,"name":null},{"time":2.25,"name":"Layer 12"},{"time":2.2917,"name":null}]},"Layer 3":{"attachment":[{"name":null},{"time":0.0833,"name":"Layer 3"},{"time":0.125,"name":null},{"time":1.875,"name":"Layer 3"},{"time":1.9167,"name":null}]},"Layer 6":{"attachment":[{"name":null},{"time":0.2083,"name":"Layer 6"},{"time":0.25,"name":null},{"time":2,"name":"Layer 6"},{"time":2.0417,"name":null}]},"Layer 10":{"attachment":[{"name":null},{"time":0.375,"name":"Layer 10"},{"time":0.4167,"name":null},{"time":2.1667,"name":"Layer 10"},{"time":2.2083,"name":null}]},"Layer 17":{"attachment":[{"name":null},{"time":0.6667,"name":"Layer 17"},{"time":0.7083,"name":null},{"time":2.4583,"name":"Layer 17"},{"time":2.5,"name":null}]},"Layer 14":{"attachment":[{"name":null},{"time":0.5417,"name":"Layer 14"},{"time":0.5833,"name":null},{"time":2.3333,"name":"Layer 14"},{"time":2.375,"name":null}]},"Layer 9":{"attachment":[{"name":null},{"time":0.3333,"name":"Layer 9"},{"time":0.375,"name":null},{"time":2.125,"name":"Layer 9"},{"time":2.1667,"name":null}]},"Layer 5":{"attachment":[{"name":null},{"time":0.1667,"name":"Layer 5"},{"time":0.2083,"name":null},{"time":1.9583,"name":"Layer 5"},{"time":2,"name":null}]},"Layer 11":{"attachment":[{"name":null},{"time":0.4167,"name":"Layer 11"},{"time":0.4583,"name":null},{"time":2.2083,"name":"Layer 11"},{"time":2.25,"name":null}]},"Layer 1":{"attachment":[{"time":0.0417,"name":null},{"time":1.7917,"name":"Layer 1"},{"time":1.8333,"name":null}]},"Layer 13":{"attachment":[{"name":null},{"time":0.5,"name":"Layer 13"},{"time":0.5417,"name":null},{"time":2.2917,"name":"Layer 13"},{"time":2.3333,"name":null}]},"Text":{"attachment":[{"name":null},{"time":0.8333,"name":"Text"}]},"Glow":{"color":[{"color":"ffffff00"},{"time":0.8333,"color":"ffffffff"}]},"Layer 2":{"attachment":[{"name":null},{"time":0.0417,"name":"Layer 2"},{"time":0.0833,"name":null},{"time":1.8333,"name":"Layer 2"},{"time":1.875,"name":null}]}},"bones":{"Raylight":{"rotate":[{},{"time":0.9167,"angle":-22},{"time":2.5}]},"Text":{"scale":[{},{"time":0.8333,"x":0.36,"y":0.36,"curve":0.5,"c3":0.5},{"time":0.9583},{"time":1.0417,"x":1.16,"y":1.16,"curve":0.5},{"time":1.125,"x":0.87,"y":0.87},{"time":1.25}]},"Raylight1":{"rotate":[{},{"time":0.9167,"angle":23.2},{"time":2.5}]},"Gear":{"translate":[{"time":0.25},{"time":0.375,"y":59.29},{"time":0.5833,"curve":"stepped"},{"time":1.0833},{"time":1.2083,"y":59.29},{"time":1.4167,"curve":"stepped"},{"time":2},{"time":2.125,"y":59.29},{"time":2.3333}]},"Plus":{"translate":[{},{"time":0.25,"y":81.1},{"time":0.5,"curve":"stepped"},{"time":0.8333},{"time":1.0833,"y":81.1},{"time":1.3333,"curve":"stepped"},{"time":1.7083},{"time":1.9583,"y":81.1},{"time":2.2083}]}}}}}