{
  "log": {
    "level": 4
  },
  "__version__": "1.3.6",
  "common": {
    "scenes": [
      {
        "url": "db://assets/vd-boot/StartScene.scene",
        "uuid": "fc3c5944-03ea-49ff-9194-231e2f9ee56e",
        "inBundle": false
      },
      {
        "url": "db://assets/vd-games/pvp-domino/res/scene/DomiScene.scene",
        "uuid": "f003f78a-c18a-49b4-afe2-1f8df294b9b1",
        "inBundle": true
      }
    ],
    "debug": true,
    "sourceMaps": true,
    "useSplashScreen": false,
    "buildPath": "project://build",
    "outputName": "web-mobile",
    "mainBundleCompressionType": "merge_dep",
    "platform": "web-mobile"
  },
  "BuildTaskManager": {
    "taskMap": {
      "1677221549932": {
        "type": "build",
        "id": "1677221549932",
        "progress": 1,
        "state": "success",
        "stage": "build",
        "message": "2-24-2023 14:07:49 Build success in 8564 ms!",
        "options": {
          "name": "FrameworkCocos",
          "platform": "web-mobile",
          "buildPath": "project://build",
          "debug": true,
          "md5Cache": false,
          "skipCompressTexture": false,
          "sourceMaps": true,
          "polyfills": {
            "asyncFunctions": true
          },
          "experimentalEraseModules": false,
          "useBuiltinServer": false,
          "mainBundleIsRemote": false,
          "mainBundleCompressionType": "merge_dep",
          "useSplashScreen": true,
          "packAutoAtlas": true,
          "startScene": "fc3c5944-03ea-49ff-9194-231e2f9ee56e",
          "outputName": "web-mobile",
          "scenes": [
            {
              "url": "db://assets/vd-boot/StartScene.scene",
              "uuid": "fc3c5944-03ea-49ff-9194-231e2f9ee56e",
              "inBundle": false
            },
            {
              "url": "db://assets/vd-games/pvp-domino/res/scene/DomiScene.scene",
              "uuid": "f003f78a-c18a-49b4-afe2-1f8df294b9b1",
              "inBundle": true
            }
          ],
          "web-desktop": [],
          "__version__": "1.3.4",
          "web-mobile": []
        },
        "time": "2-24-2023 14:07",
        "dirty": false
      }
    }
  }
}
