{
  "gizmos-infos": {
    "is2D": true,
    "is3DIcon": false,
    "iconSize": 2,
    "gridVisible": true,
    "gridColor": [
      150,
      150,
      150,
      255
    ],
    "isIconGizmo3D": false,
    "iconGizmoSize": 2,
    "isGridVisible": true,
    "transformToolName": "position",
    "pivot": "pivot",
    "coordinate": "local",
    "toolsVisibility3d": true
  },
  "float-window": {
    "position": {
      "cc": {
        "Camera": {
          "dock": false,
          "top": null,
          "bottom": 10,
          "left": null,
          "right": 10
        }
      }
    }
  },
  "camera": {
    "fov": 45,
    "far": 10000,
    "near": 0.01,
    "color": [
      48,
      48,
      48,
      255
    ],
    "wheelSpeed": 0.01,
    "wanderSpeed": 10,
    "enableAcceleration": true,
    "far2D": 10000,
    "near2D": 1,
    "wheelSpeed2D": 6,
    "size": "__default_design__",
    "iso": 0,
    "aperture": 19,
    "shutter": 7
  },
  "camera-infos": {
    "f46876e4-e81b-4931-b493-6d367be385e7": {
      "position": {
        "x": 361.3284132841328,
        "y": 247.97047970479707,
        "z": 5000
      },
      "rotation": {
        "x": 0,
        "y": 0,
        "z": 0,
        "w": 1
      },
      "viewCenter": {
        "x": 0,
        "y": 0,
        "z": 0
      }
    },
    "f003f78a-c18a-49b4-afe2-1f8df294b9b1": {
      "position": {
        "x": 1460.78420263211,
        "y": 1309.1165641111152,
        "z": 5000
      },
      "rotation": {
        "x": 0,
        "y": 0,
        "z": 0,
        "w": 1
      },
      "viewCenter": {
        "x": 0,
        "y": 0,
        "z": 0
      }
    },
    "c77ecaa8-c936-46c4-a5b0-98692673ed87": {
      "position": {
        "x": 265.2104131037455,
        "y": 245.07360988476682,
        "z": 5000
      },
      "rotation": {
        "x": 0,
        "y": 0,
        "z": 0,
        "w": 1
      },
      "viewCenter": {
        "x": 0,
        "y": 0,
        "z": 0
      }
    },
    "dfsZ4/JBNAa5XmJMiITJ0B": {
      "position": {
        "x": 479,
        "y": 326.00000000000006,
        "z": 5000
      },
      "rotation": {
        "x": 0,
        "y": 0,
        "z": 0,
        "w": 1
      },
      "viewCenter": {
        "x": 0,
        "y": 0,
        "z": 0
      }
    },
    "84ghKwH2tHKZr6N83B2R4P": {
      "position": {
        "x": 680.564784814184,
        "y": 350.5980948017716,
        "z": 5000
      },
      "rotation": {
        "x": 0,
        "y": 0,
        "z": 0,
        "w": 1
      },
      "viewCenter": {
        "x": 0,
        "y": 0,
        "z": 0
      }
    },
    "deznPIp/BKz43/0RuddAPC": {
      "position": {
        "x": 479,
        "y": 326.00000000000006,
        "z": 5000
      },
      "rotation": {
        "x": 0,
        "y": 0,
        "z": 0,
        "w": 1
      },
      "viewCenter": {
        "x": 0,
        "y": 0,
        "z": 0
      }
    },
    "26wa6AnLhOs7HIQOrCkSjP": {
      "position": {
        "x": 479,
        "y": 326.00000000000006,
        "z": 5000
      },
      "rotation": {
        "x": 0,
        "y": 0,
        "z": 0,
        "w": 1
      },
      "viewCenter": {
        "x": 0,
        "y": 0,
        "z": 0
      }
    },
    "b5quJbwMtGBLT/OG5ujpPs": {
      "position": {
        "x": 479,
        "y": 326.00000000000006,
        "z": 5000
      },
      "rotation": {
        "x": 0,
        "y": 0,
        "z": 0,
        "w": 1
      },
      "viewCenter": {
        "x": 0,
        "y": 0,
        "z": 0
      }
    },
    "ffH3t/hGFAgrOjOAwno5gQ": {
      "position": {
        "x": 479,
        "y": 326.00000000000006,
        "z": 5000
      },
      "rotation": {
        "x": 0,
        "y": 0,
        "z": 0,
        "w": 1
      },
      "viewCenter": {
        "x": 0,
        "y": 0,
        "z": 0
      }
    },
    "6blM7hC79CgI4Wd0gPigRk": {
      "position": {
        "x": 479,
        "y": 326.00000000000006,
        "z": 5000
      },
      "rotation": {
        "x": 0,
        "y": 0,
        "z": 0,
        "w": 1
      },
      "viewCenter": {
        "x": 0,
        "y": 0,
        "z": 0
      }
    },
    "b2dpOU1MZHzZzN6mP9m3ti": {
      "position": {
        "x": 619.1651171927617,
        "y": 257.2314235276655,
        "z": 5000
      },
      "rotation": {
        "x": 0,
        "y": 0,
        "z": 0,
        "w": 1
      },
      "viewCenter": {
        "x": 0,
        "y": 0,
        "z": 0
      }
    },
    "5cXJvcvz1Hg6/AkN+oYWfQ": {
      "position": {
        "x": 307.24298591627667,
        "y": 52.40475632681239,
        "z": 5000
      },
      "rotation": {
        "x": 0,
        "y": 0,
        "z": 0,
        "w": 1
      },
      "viewCenter": {
        "x": 0,
        "y": 0,
        "z": 0
      }
    },
    "68FwF40bxIp5wm2FmPEYAt": {
      "position": {
        "x": 479,
        "y": 326.00000000000006,
        "z": 5000
      },
      "rotation": {
        "x": 0,
        "y": 0,
        "z": 0,
        "w": 1
      },
      "viewCenter": {
        "x": 0,
        "y": 0,
        "z": 0
      }
    },
    "84QyBAulFFB6iOrMMycGM6": {
      "position": {
        "x": 479,
        "y": 326.00000000000006,
        "z": 5000
      },
      "rotation": {
        "x": 0,
        "y": 0,
        "z": 0,
        "w": 1
      },
      "viewCenter": {
        "x": 0,
        "y": 0,
        "z": 0
      }
    },
    "16Jgx/kopAwKhkUTtMhnIZ": {
      "position": {
        "x": -253.3480541262188,
        "y": -72.69141170577927,
        "z": 5000
      },
      "rotation": {
        "x": 0,
        "y": 0,
        "z": 0,
        "w": 1
      },
      "viewCenter": {
        "x": 0,
        "y": 0,
        "z": 0
      }
    },
    "19pKlzDcREaLtGqIwqnG1+": {
      "position": {
        "x": 479,
        "y": 326.00000000000006,
        "z": 5000
      },
      "rotation": {
        "x": 0,
        "y": 0,
        "z": 0,
        "w": 1
      },
      "viewCenter": {
        "x": 0,
        "y": 0,
        "z": 0
      }
    },
    "8bU5PCrS5Nm6RhFR9wXGnq": {
      "position": {
        "x": 330.3373213337443,
        "y": 206.07280118604956,
        "z": 5000
      },
      "rotation": {
        "x": 0,
        "y": 0,
        "z": 0,
        "w": 1
      },
      "viewCenter": {
        "x": 0,
        "y": 0,
        "z": 0
      }
    },
    "02RuceaV1IFa7gJoMmVUp6": {
      "position": {
        "x": 438.67128581762,
        "y": 316.5725083729499,
        "z": 5000
      },
      "rotation": {
        "x": 0,
        "y": 0,
        "z": 0,
        "w": 1
      },
      "viewCenter": {
        "x": 0,
        "y": 0,
        "z": 0
      }
    },
    "2bzeAQSWhNVpuhj00xICzi": {
      "position": {
        "x": 479,
        "y": 326.00000000000006,
        "z": 5000
      },
      "rotation": {
        "x": 0,
        "y": 0,
        "z": 0,
        "w": 1
      },
      "viewCenter": {
        "x": 0,
        "y": 0,
        "z": 0
      }
    },
    "bcxbpKf/pBfpOzllBgnKjJ": {
      "position": {
        "x": 479,
        "y": 326.00000000000006,
        "z": 5000
      },
      "rotation": {
        "x": 0,
        "y": 0,
        "z": 0,
        "w": 1
      },
      "viewCenter": {
        "x": 0,
        "y": 0,
        "z": 0
      }
    },
    "892k69SmxCV5GPzMuvEK/v": {
      "position": {
        "x": 476.8859390517013,
        "y": 347.84529646575317,
        "z": 5000
      },
      "rotation": {
        "x": 0,
        "y": 0,
        "z": 0,
        "w": 1
      },
      "viewCenter": {
        "x": 0,
        "y": 0,
        "z": 0
      }
    },
    "cb3d96cd-d6f4-4f89-9460-b9f2f3cbf9c2": {
      "position": {
        "x": 640,
        "y": 360,
        "z": 5000
      },
      "rotation": {
        "x": 0,
        "y": 0,
        "z": 0,
        "w": 1
      },
      "viewCenter": {
        "x": 0,
        "y": 0,
        "z": 0
      },
      "contentRect": {
        "x": 350,
        "y": 195,
        "width": 580,
        "height": 330
      },
      "scale": 1
    },
    "040499d5-e9f5-46cf-9423-f575207e4159": {
      "position": {
        "x": 579.5219186120635,
        "y": 323.41217061977056,
        "z": 5000
      },
      "rotation": {
        "x": 0,
        "y": 0,
        "z": 0,
        "w": 1
      },
      "viewCenter": {
        "x": 0,
        "y": 0,
        "z": 0
      },
      "contentRect": {
        "x": -341.6523573029709,
        "y": -101.7451874948607,
        "width": 948,
        "height": 437.53846153846155
      },
      "scale": 0.5145606128972277
    },
    "82c78f5e-5e73-47eb-bff6-5470d68bd74f": {
      "position": {
        "x": 640,
        "y": 360,
        "z": 5000
      },
      "rotation": {
        "x": 0,
        "y": 0,
        "z": 0,
        "w": 1
      },
      "viewCenter": {
        "x": 0,
        "y": 0,
        "z": 0
      },
      "contentRect": {
        "x": -140,
        "y": 0,
        "width": 948,
        "height": 437.53846153846155
      },
      "scale": 0.6076923076923078
    },
    "6104e8f6-0564-43f7-9c7c-c0cb3d2a9054": {
      "position": {
        "x": 724.7629626019686,
        "y": 253.2907177226576,
        "z": 5000
      },
      "rotation": {
        "x": 0,
        "y": 0,
        "z": 0,
        "w": 1
      },
      "viewCenter": {
        "x": 0,
        "y": 0,
        "z": 0
      },
      "contentRect": {
        "x": 518.644444692498,
        "y": 158.15909407213277,
        "width": 290,
        "height": 133.84615384615384
      },
      "scale": 0.7034787629497977
    },
    "fc3c5944-03ea-49ff-9194-231e2f9ee56e": {
      "position": {
        "x": 774.6195550021763,
        "y": 1475.6321257507018,
        "z": 5000
      },
      "rotation": {
        "x": 0,
        "y": 0,
        "z": 0,
        "w": 1
      },
      "viewCenter": {
        "x": 0,
        "y": 0,
        "z": 0
      }
    },
    "160bd486-554c-4599-838b-fd29668553ff": {
      "position": {
        "x": 545.9144386259834,
        "y": 279.73549853318576,
        "z": 5000
      },
      "rotation": {
        "x": 0,
        "y": 0,
        "z": 0,
        "w": 1
      },
      "viewCenter": {
        "x": 0,
        "y": 0,
        "z": 0
      },
      "contentRect": {
        "x": -370.69939152612017,
        "y": -344.09771363713946,
        "width": 948,
        "height": 437.53846153846155
      },
      "scale": 0.5145606128972136
    },
    "6cBlHnI6lPKZSg0ZMjXSd5": {
      "position": {
        "x": 479,
        "y": 326.00000000000006,
        "z": 5000
      },
      "rotation": {
        "x": 0,
        "y": 0,
        "z": 0,
        "w": 1
      },
      "viewCenter": {
        "x": 0,
        "y": 0,
        "z": 0
      }
    },
    "401I8hXgVCH4yDHQr7as7l": {
      "position": {
        "x": 549.5751605765598,
        "y": 602.5449854146211,
        "z": 5000
      },
      "rotation": {
        "x": 0,
        "y": 0,
        "z": 0,
        "w": 1
      },
      "viewCenter": {
        "x": 0,
        "y": 0,
        "z": 0
      }
    },
    "b45xCEXiRN3qlBGIUZLcJw": {
      "position": {
        "x": 623.3728003541296,
        "y": 316.09198057378944,
        "z": 5000
      },
      "rotation": {
        "x": 0,
        "y": 0,
        "z": 0,
        "w": 1
      },
      "viewCenter": {
        "x": 0,
        "y": 0,
        "z": 0
      }
    },
    "87HdPW0/9CBa8fQSLY38wS": {
      "position": {
        "x": 479,
        "y": 326.00000000000006,
        "z": 5000
      },
      "rotation": {
        "x": 0,
        "y": 0,
        "z": 0,
        "w": 1
      },
      "viewCenter": {
        "x": 0,
        "y": 0,
        "z": 0
      }
    },
    "feRfm1KPJNwZ5rYWB3U+mi": {
      "position": {
        "x": 548.0347023098199,
        "y": 548.922239623173,
        "z": 5000
      },
      "rotation": {
        "x": 0,
        "y": 0,
        "z": 0,
        "w": 1
      },
      "viewCenter": {
        "x": 0,
        "y": 0,
        "z": 0
      }
    },
    "2b+0DRYYFLQp7HuqdIPq1/": {
      "position": {
        "x": 470.2695814979631,
        "y": 1011.0145386468671,
        "z": 5000
      },
      "rotation": {
        "x": 0,
        "y": 0,
        "z": 0,
        "w": 1
      },
      "viewCenter": {
        "x": 0,
        "y": 0,
        "z": 0
      }
    },
    "92D1aONVJFi65peek2cGYG": {
      "position": {
        "x": 640.5,
        "y": 360.5,
        "z": 5000
      },
      "rotation": {
        "x": 0,
        "y": 0,
        "z": 0,
        "w": 1
      },
      "viewCenter": {
        "x": 0,
        "y": 0,
        "z": 0
      }
    },
    "b20JmH15JBZoNksCOrQPQD": {
      "position": {
        "x": 479,
        "y": 326.00000000000006,
        "z": 5000
      },
      "rotation": {
        "x": 0,
        "y": 0,
        "z": 0,
        "w": 1
      },
      "viewCenter": {
        "x": 0,
        "y": 0,
        "z": 0
      }
    },
    "e5D6aq6gZMZaWwoNITsKSC": {
      "position": {
        "x": 479,
        "y": 326.00000000000006,
        "z": 5000
      },
      "rotation": {
        "x": 0,
        "y": 0,
        "z": 0,
        "w": 1
      },
      "viewCenter": {
        "x": 0,
        "y": 0,
        "z": 0
      }
    },
    "b9gh02mi1HqKGDUOotv2zh": {
      "position": {
        "x": 881.6853864437269,
        "y": 1201.119565923504,
        "z": 5000
      },
      "rotation": {
        "x": 0,
        "y": 0,
        "z": 0,
        "w": 1
      },
      "viewCenter": {
        "x": 0,
        "y": 0,
        "z": 0
      }
    },
    "986XsL8G1AxqcsB31LOnhb": {
      "position": {
        "x": 599.6252252736855,
        "y": 459.80063064983466,
        "z": 5000
      },
      "rotation": {
        "x": 0,
        "y": 0,
        "z": 0,
        "w": 1
      },
      "viewCenter": {
        "x": 0,
        "y": 0,
        "z": 0
      }
    },
    "ddBspuGOJNRaMi/aeMWJIm": {
      "position": {
        "x": 588.5377709570716,
        "y": 785.6469403943385,
        "z": 5000
      },
      "rotation": {
        "x": 0,
        "y": 0,
        "z": 0,
        "w": 1
      },
      "viewCenter": {
        "x": 0,
        "y": 0,
        "z": 0
      }
    },
    "46lqzLYOFFVbGrMxk3csUg": {
      "position": {
        "x": 1123.2606436398878,
        "y": 1112.4576142604913,
        "z": 5000
      },
      "rotation": {
        "x": 0,
        "y": 0,
        "z": 0,
        "w": 1
      },
      "viewCenter": {
        "x": 0,
        "y": 0,
        "z": 0
      }
    },
    "3178PJfNpHO4BR5YsoLRTO": {
      "position": {
        "x": 647.750533920177,
        "y": 1073.9963707940105,
        "z": 5000
      },
      "rotation": {
        "x": 0,
        "y": 0,
        "z": 0,
        "w": 1
      },
      "viewCenter": {
        "x": 0,
        "y": 0,
        "z": 0
      }
    },
    "bbjZ/qbz5AsqELwv/e1eLU": {
      "position": {
        "x": 872.5544678257683,
        "y": 996.8517665987835,
        "z": 5000
      },
      "rotation": {
        "x": 0,
        "y": 0,
        "z": 0,
        "w": 1
      },
      "viewCenter": {
        "x": 0,
        "y": 0,
        "z": 0
      }
    },
    "5elPsWg49AhrvWSoUzUbjj": {
      "position": {
        "x": 481.0201587611218,
        "y": 699.7489936717534,
        "z": 5000
      },
      "rotation": {
        "x": 0,
        "y": 0,
        "z": 0,
        "w": 1
      },
      "viewCenter": {
        "x": 0,
        "y": 0,
        "z": 0
      }
    },
    "85ZHc8ct1II7VUJaAlfU45": {
      "position": {
        "x": 564.9763189349425,
        "y": 957.4641451522489,
        "z": 5000
      },
      "rotation": {
        "x": 0,
        "y": 0,
        "z": 0,
        "w": 1
      },
      "viewCenter": {
        "x": 0,
        "y": 0,
        "z": 0
      }
    },
    "ef4s0NqjlKRYOdvjW133Jh": {
      "position": {
        "x": 479,
        "y": 326,
        "z": 5000
      },
      "rotation": {
        "x": 0,
        "y": 0,
        "z": 0,
        "w": 1
      },
      "viewCenter": {
        "x": 0,
        "y": 0,
        "z": 0
      }
    },
    "6dY/K0c/tI655iXCLt1kjF": {
      "position": {
        "x": 1318.0111199574055,
        "y": 838.070013241429,
        "z": 5000
      },
      "rotation": {
        "x": 0,
        "y": 0,
        "z": 0,
        "w": 1
      },
      "viewCenter": {
        "x": 0,
        "y": 0,
        "z": 0
      }
    },
    "03L8liTglGnoNlSMqvDdCe": {
      "position": {
        "x": -166.750338222741,
        "y": 177.71934055854535,
        "z": 5000
      },
      "rotation": {
        "x": 0,
        "y": 0,
        "z": 0,
        "w": 1
      },
      "viewCenter": {
        "x": 0,
        "y": 0,
        "z": 0
      }
    },
    "c2eZfBtttBsY56N/cbLl+K": {
      "position": {
        "x": 479,
        "y": 326.00000000000006,
        "z": 5000
      },
      "rotation": {
        "x": 0,
        "y": 0,
        "z": 0,
        "w": 1
      },
      "viewCenter": {
        "x": 0,
        "y": 0,
        "z": 0
      }
    },
    "5aQ4KL1dlIybYu92sOjacK": {
      "position": {
        "x": -63.99894957180777,
        "y": 1278.104136229956,
        "z": 5000
      },
      "rotation": {
        "x": 0,
        "y": 0,
        "z": 0,
        "w": 1
      },
      "viewCenter": {
        "x": 0,
        "y": 0,
        "z": 0
      }
    },
    "96KZFDGeJJpZ5BXv0YuL/j": {
      "position": {
        "x": 479,
        "y": 326,
        "z": 5000
      },
      "rotation": {
        "x": 0,
        "y": 0,
        "z": 0,
        "w": 1
      },
      "viewCenter": {
        "x": 0,
        "y": 0,
        "z": 0
      }
    },
    "39lCP5lZlMMJteT4LXKh7Y": {
      "position": {
        "x": 479,
        "y": 326.00000000000006,
        "z": 5000
      },
      "rotation": {
        "x": 0,
        "y": 0,
        "z": 0,
        "w": 1
      },
      "viewCenter": {
        "x": 0,
        "y": 0,
        "z": 0
      }
    },
    "ae5zuZOStFdrPFVkV0//dz": {
      "position": {
        "x": 250.7377189404151,
        "y": 979.7331536757862,
        "z": 5000
      },
      "rotation": {
        "x": 0,
        "y": 0,
        "z": 0,
        "w": 1
      },
      "viewCenter": {
        "x": 0,
        "y": 0,
        "z": 0
      }
    },
    "a9cHCQ7/5K7aqBXdtxHBhN": {
      "position": {
        "x": 354.6408359972678,
        "y": 1442.0405192420506,
        "z": 5000
      },
      "rotation": {
        "x": 0,
        "y": 0,
        "z": 0,
        "w": 1
      },
      "viewCenter": {
        "x": 0,
        "y": 0,
        "z": 0
      }
    },
    "177Wt6VylFVq4Yir4wDVf5": {
      "position": {
        "x": 324.1518732987498,
        "y": 892.9896648034062,
        "z": 5000
      },
      "rotation": {
        "x": 0,
        "y": 0,
        "z": 0,
        "w": 1
      },
      "viewCenter": {
        "x": 0,
        "y": 0,
        "z": 0
      }
    },
    "368oKVy1xC2rVPZ6pMOu4C": {
      "position": {
        "x": 428.01389668413424,
        "y": 1201.1084774592557,
        "z": 5000
      },
      "rotation": {
        "x": 0,
        "y": 0,
        "z": 0,
        "w": 1
      },
      "viewCenter": {
        "x": 0,
        "y": 0,
        "z": 0
      }
    },
    "6cN/To0PND0pXBmcm1vPRx": {
      "position": {
        "x": 588.6684166616255,
        "y": 686.6064544022804,
        "z": 5000
      },
      "rotation": {
        "x": 0,
        "y": 0,
        "z": 0,
        "w": 1
      },
      "viewCenter": {
        "x": 0,
        "y": 0,
        "z": 0
      }
    },
    "2ankIpVSBGg7ZL5MLO8NCg": {
      "position": {
        "x": 626.4310291750577,
        "y": 1296.3774550813391,
        "z": 5000
      },
      "rotation": {
        "x": 0,
        "y": 0,
        "z": 0,
        "w": 1
      },
      "viewCenter": {
        "x": 0,
        "y": 0,
        "z": 0
      }
    },
    "80HY/5/IdAa6cyHQrGiOBR": {
      "position": {
        "x": 156.01990018384345,
        "y": 852.4135249170909,
        "z": 5000
      },
      "rotation": {
        "x": 0,
        "y": 0,
        "z": 0,
        "w": 1
      },
      "viewCenter": {
        "x": 0,
        "y": 0,
        "z": 0
      }
    },
    "f0KqKgphxKaKa8RMEqylNe": {
      "position": {
        "x": 510.1153123597155,
        "y": 1456.0523524436594,
        "z": 5000
      },
      "rotation": {
        "x": 0,
        "y": 0,
        "z": 0,
        "w": 1
      },
      "viewCenter": {
        "x": 0,
        "y": 0,
        "z": 0
      }
    },
    "6dIstPhYpJc66cfU9NEfbC": {
      "position": {
        "x": 665.2384809337042,
        "y": 868.1257709323409,
        "z": 5000
      },
      "rotation": {
        "x": 0,
        "y": 0,
        "z": 0,
        "w": 1
      },
      "viewCenter": {
        "x": 0,
        "y": 0,
        "z": 0
      }
    },
    "814C+SSUJFWrk9cViAQIB7": {
      "position": {
        "x": 651.5764956025399,
        "y": 986.3620984310922,
        "z": 5000
      },
      "rotation": {
        "x": 0,
        "y": 0,
        "z": 0,
        "w": 1
      },
      "viewCenter": {
        "x": 0,
        "y": 0,
        "z": 0
      }
    },
    "83ZzAi7pJDLoXrtns88wb1": {
      "position": {
        "x": 601.1739467533044,
        "y": 790.1205335842349,
        "z": 5000
      },
      "rotation": {
        "x": 0,
        "y": 0,
        "z": 0,
        "w": 1
      },
      "viewCenter": {
        "x": 0,
        "y": 0,
        "z": 0
      }
    },
    "13SHb7KzRDHq5Ldkq+/Z5v": {
      "position": {
        "x": 306.0463035246994,
        "y": 1447.7667343727298,
        "z": 5000
      },
      "rotation": {
        "x": 0,
        "y": 0,
        "z": 0,
        "w": 1
      },
      "viewCenter": {
        "x": 0,
        "y": 0,
        "z": 0
      }
    },
    "8fTRxXyPVHB6WEznp/e0ak": {
      "position": {
        "x": 460.6156769658809,
        "y": 788.4404092534121,
        "z": 5000
      },
      "rotation": {
        "x": 0,
        "y": 0,
        "z": 0,
        "w": 1
      },
      "viewCenter": {
        "x": 0,
        "y": 0,
        "z": 0
      }
    },
    "e6mTn9NiFA15cEZOrqhDVG": {
      "position": {
        "x": 521.5232178422675,
        "y": 1314.609170634781,
        "z": 5000
      },
      "rotation": {
        "x": 0,
        "y": 0,
        "z": 0,
        "w": 1
      },
      "viewCenter": {
        "x": 0,
        "y": 0,
        "z": 0
      }
    },
    "7faTPNar9NmLm/P4neY6lD": {
      "position": {
        "x": 692.7236700150241,
        "y": 602.9352755291533,
        "z": 5000
      },
      "rotation": {
        "x": 0,
        "y": 0,
        "z": 0,
        "w": 1
      },
      "viewCenter": {
        "x": 0,
        "y": 0,
        "z": 0
      }
    },
    "fdum6JaBFNE5PnSpnuFq33": {
      "position": {
        "x": 364.0068389269884,
        "y": 1148.328530392274,
        "z": 5000
      },
      "rotation": {
        "x": 0,
        "y": 0,
        "z": 0,
        "w": 1
      },
      "viewCenter": {
        "x": 0,
        "y": 0,
        "z": 0
      }
    },
    "4bXJLzk/JA26y6vXD1ara+": {
      "position": {
        "x": 682.1138237463572,
        "y": 863.125478151205,
        "z": 5000
      },
      "rotation": {
        "x": 0,
        "y": 0,
        "z": 0,
        "w": 1
      },
      "viewCenter": {
        "x": 0,
        "y": 0,
        "z": 0
      }
    },
    "degBZHi8RC/L0PIr1ddlW0": {
      "position": {
        "x": 320.8964198257813,
        "y": 1342.4922824747393,
        "z": 5000
      },
      "rotation": {
        "x": 0,
        "y": 0,
        "z": 0,
        "w": 1
      },
      "viewCenter": {
        "x": 0,
        "y": 0,
        "z": 0
      }
    },
    "bbxhG1kVRDs5NxEunnS3w8": {
      "position": {
        "x": 884.323590482169,
        "y": 933.68477501899,
        "z": 5000
      },
      "rotation": {
        "x": 0,
        "y": 0,
        "z": 0,
        "w": 1
      },
      "viewCenter": {
        "x": 0,
        "y": 0,
        "z": 0
      }
    },
    "84HLdsW9VEo5oB+DejIAmc": {
      "position": {
        "x": 563.2493011064687,
        "y": 1642.4183571716515,
        "z": 5000
      },
      "rotation": {
        "x": 0,
        "y": 0,
        "z": 0,
        "w": 1
      },
      "viewCenter": {
        "x": 0,
        "y": 0,
        "z": 0
      }
    },
    "adbtWV2ZVMIrvkfK9qpVu2": {
      "position": {
        "x": 412.09279745457593,
        "y": 869.7061379913512,
        "z": 5000
      },
      "rotation": {
        "x": 0,
        "y": 0,
        "z": 0,
        "w": 1
      },
      "viewCenter": {
        "x": 0,
        "y": 0,
        "z": 0
      }
    },
    "d6NkcDJIdDH6hfvTcgvNZ3": {
      "position": {
        "x": 600.5530763687742,
        "y": 1529.3947210596843,
        "z": 5000
      },
      "rotation": {
        "x": 0,
        "y": 0,
        "z": 0,
        "w": 1
      },
      "viewCenter": {
        "x": 0,
        "y": 0,
        "z": 0
      }
    },
    "d7FCi+uMxJvap24WGZvyqJ": {
      "position": {
        "x": 260.28704315194886,
        "y": 913.3909728921789,
        "z": 5000
      },
      "rotation": {
        "x": 0,
        "y": 0,
        "z": 0,
        "w": 1
      },
      "viewCenter": {
        "x": 0,
        "y": 0,
        "z": 0
      }
    },
    "05XfGkh2VLRL0eafxTNvPY": {
      "position": {
        "x": 412.25977714459896,
        "y": 1444.8124856234497,
        "z": 5000
      },
      "rotation": {
        "x": 0,
        "y": 0,
        "z": 0,
        "w": 1
      },
      "viewCenter": {
        "x": 0,
        "y": 0,
        "z": 0
      }
    },
    "1dwQ7EtzpC6KnlvhGwTrVB": {
      "position": {
        "x": 261.4837608356893,
        "y": 850.8636348773454,
        "z": 5000
      },
      "rotation": {
        "x": 0,
        "y": 0,
        "z": 0,
        "w": 1
      },
      "viewCenter": {
        "x": 0,
        "y": 0,
        "z": 0
      }
    },
    "564cWMO9BDOIOEZ7RifKDl": {
      "position": {
        "x": 703.2549109249106,
        "y": 1557.1065312499004,
        "z": 5000
      },
      "rotation": {
        "x": 0,
        "y": 0,
        "z": 0,
        "w": 1
      },
      "viewCenter": {
        "x": 0,
        "y": 0,
        "z": 0
      }
    },
    "28u6otKTBIorBrHedLZ308": {
      "position": {
        "x": 817.0797800194327,
        "y": 476.9587455797474,
        "z": 5000
      },
      "rotation": {
        "x": 0,
        "y": 0,
        "z": 0,
        "w": 1
      },
      "viewCenter": {
        "x": 0,
        "y": 0,
        "z": 0
      }
    },
    "9bPFHhESVHUYBXkh0TSUZM": {
      "position": {
        "x": 961.0645189066404,
        "y": 1454.399075642255,
        "z": 5000
      },
      "rotation": {
        "x": 0,
        "y": 0,
        "z": 0,
        "w": 1
      },
      "viewCenter": {
        "x": 0,
        "y": 0,
        "z": 0
      }
    },
    "00becqDE1Mx6xYZE/UgrW+": {
      "position": {
        "x": 500.42504665571414,
        "y": 853.3185412824093,
        "z": 5000
      },
      "rotation": {
        "x": 0,
        "y": 0,
        "z": 0,
        "w": 1
      },
      "viewCenter": {
        "x": 0,
        "y": 0,
        "z": 0
      }
    },
    "a9GRfjSb1DKqwEeC4s4XBa": {
      "position": {
        "x": 685.7378149699371,
        "y": 1329.6539609643455,
        "z": 5000
      },
      "rotation": {
        "x": 0,
        "y": 0,
        "z": 0,
        "w": 1
      },
      "viewCenter": {
        "x": 0,
        "y": 0,
        "z": 0
      }
    },
    "84ozs0pgJNhJzOpvfw+z1L": {
      "position": {
        "x": 634.1673911449282,
        "y": 735.8933699380898,
        "z": 5000
      },
      "rotation": {
        "x": 0,
        "y": 0,
        "z": 0,
        "w": 1
      },
      "viewCenter": {
        "x": 0,
        "y": 0,
        "z": 0
      }
    },
    "81OOkbtSlDx5mdAzaIgsHq": {
      "position": {
        "x": 361.8082189979588,
        "y": 1538.6827874637204,
        "z": 5000
      },
      "rotation": {
        "x": 0,
        "y": 0,
        "z": 0,
        "w": 1
      },
      "viewCenter": {
        "x": 0,
        "y": 0,
        "z": 0
      }
    },
    "de/S9PnSdOi6rI/y/bj2RC": {
      "position": {
        "x": 285.1007308701811,
        "y": 722.9982891406294,
        "z": 5000
      },
      "rotation": {
        "x": 0,
        "y": 0,
        "z": 0,
        "w": 1
      },
      "viewCenter": {
        "x": 0,
        "y": 0,
        "z": 0
      }
    },
    "11ShnP2OJBLpeu/qTb19eA": {
      "position": {
        "x": 838.9635193964591,
        "y": 902.1261331250472,
        "z": 5000
      },
      "rotation": {
        "x": 0,
        "y": 0,
        "z": 0,
        "w": 1
      },
      "viewCenter": {
        "x": 0,
        "y": 0,
        "z": 0
      }
    },
    "cbYT3J9eFCCYfd7zB/3oz6": {
      "position": {
        "x": 756.5233406683228,
        "y": 636.2383806953093,
        "z": 5000
      },
      "rotation": {
        "x": 0,
        "y": 0,
        "z": 0,
        "w": 1
      },
      "viewCenter": {
        "x": 0,
        "y": 0,
        "z": 0
      }
    },
    "2eqPMMW2tDpJoFq0nsyr1r": {
      "position": {
        "x": 479,
        "y": 326.00000000000006,
        "z": 5000
      },
      "rotation": {
        "x": 0,
        "y": 0,
        "z": 0,
        "w": 1
      },
      "viewCenter": {
        "x": 0,
        "y": 0,
        "z": 0
      }
    },
    "c9BkHEmjtKzIxsOXEJf8W8": {
      "position": {
        "x": 479,
        "y": 326.00000000000006,
        "z": 5000
      },
      "rotation": {
        "x": 0,
        "y": 0,
        "z": 0,
        "w": 1
      },
      "viewCenter": {
        "x": 0,
        "y": 0,
        "z": 0
      }
    },
    "4fHbAZX9ROvbOl2hd0R0pm": {
      "position": {
        "x": 479,
        "y": 326.00000000000006,
        "z": 5000
      },
      "rotation": {
        "x": 0,
        "y": 0,
        "z": 0,
        "w": 1
      },
      "viewCenter": {
        "x": 0,
        "y": 0,
        "z": 0
      }
    },
    "9eZ8aKgbJOGbbiDEGvXVY7": {
      "position": {
        "x": 806.1186790257368,
        "y": 599.9825913534688,
        "z": 5000
      },
      "rotation": {
        "x": 0,
        "y": 0,
        "z": 0,
        "w": 1
      },
      "viewCenter": {
        "x": 0,
        "y": 0,
        "z": 0
      }
    },
    "fb7Y2WFL5HUq+FGL1XKRmz": {
      "position": {
        "x": 945.169732488777,
        "y": 1282.5419303002727,
        "z": 5000
      },
      "rotation": {
        "x": 0,
        "y": 0,
        "z": 0,
        "w": 1
      },
      "viewCenter": {
        "x": 0,
        "y": 0,
        "z": 0
      }
    },
    "1egsjInmNC9LorQuB/3JNt": {
      "position": {
        "x": 818.1671890885168,
        "y": 1025.8293761501543,
        "z": 5000
      },
      "rotation": {
        "x": 0,
        "y": 0,
        "z": 0,
        "w": 1
      },
      "viewCenter": {
        "x": 0,
        "y": 0,
        "z": 0
      }
    },
    "4e/F7vxRlNeZpkAhsH6mBB": {
      "position": {
        "x": 479,
        "y": 326.00000000000006,
        "z": 5000
      },
      "rotation": {
        "x": 0,
        "y": 0,
        "z": 0,
        "w": 1
      },
      "viewCenter": {
        "x": 0,
        "y": 0,
        "z": 0
      }
    },
    "836/7PjNRP140dfo43V6LO": {
      "position": {
        "x": 607.637881122123,
        "y": 264.6300229668807,
        "z": 5000
      },
      "rotation": {
        "x": 0,
        "y": 0,
        "z": 0,
        "w": 1
      },
      "viewCenter": {
        "x": 0,
        "y": 0,
        "z": 0
      }
    },
    "07iPDsELNDY5HXJsxZpLPM": {
      "position": {
        "x": 839.5161435972568,
        "y": 852.2001072068036,
        "z": 5000
      },
      "rotation": {
        "x": 0,
        "y": 0,
        "z": 0,
        "w": 1
      },
      "viewCenter": {
        "x": 0,
        "y": 0,
        "z": 0
      }
    },
    "18sjIVhaRONZbhVesPrTpq": {
      "position": {
        "x": 479,
        "y": 326.00000000000006,
        "z": 5000
      },
      "rotation": {
        "x": 0,
        "y": 0,
        "z": 0,
        "w": 1
      },
      "viewCenter": {
        "x": 0,
        "y": 0,
        "z": 0
      }
    },
    "bfVx+LuGBOr5vY1/QtZuLQ": {
      "position": {
        "x": 479,
        "y": 326.00000000000006,
        "z": 5000
      },
      "rotation": {
        "x": 0,
        "y": 0,
        "z": 0,
        "w": 1
      },
      "viewCenter": {
        "x": 0,
        "y": 0,
        "z": 0
      }
    },
    "23+VE3dvlJur+xv9FTnLnD": {
      "position": {
        "x": 479,
        "y": 326.00000000000006,
        "z": 5000
      },
      "rotation": {
        "x": 0,
        "y": 0,
        "z": 0,
        "w": 1
      },
      "viewCenter": {
        "x": 0,
        "y": 0,
        "z": 0
      }
    },
    "e36uRRpRxLKL0fTU8FceAu": {
      "position": {
        "x": 528.6061930013165,
        "y": 484.3303674645646,
        "z": 5000
      },
      "rotation": {
        "x": 0,
        "y": 0,
        "z": 0,
        "w": 1
      },
      "viewCenter": {
        "x": 0,
        "y": 0,
        "z": 0
      }
    },
    "11aeKkaOpLeryPrOo5SBEI": {
      "position": {
        "x": 479,
        "y": 326.00000000000006,
        "z": 5000
      },
      "rotation": {
        "x": 0,
        "y": 0,
        "z": 0,
        "w": 1
      },
      "viewCenter": {
        "x": 0,
        "y": 0,
        "z": 0
      }
    },
    "113UBKyXJLp6D6XzS67lZw": {
      "position": {
        "x": 479,
        "y": 326.00000000000006,
        "z": 5000
      },
      "rotation": {
        "x": 0,
        "y": 0,
        "z": 0,
        "w": 1
      },
      "viewCenter": {
        "x": 0,
        "y": 0,
        "z": 0
      }
    },
    "a0KllkMsBD4KL6cKTCVMT7": {
      "position": {
        "x": 959.6752480895008,
        "y": 946.2986583949604,
        "z": 5000
      },
      "rotation": {
        "x": 0,
        "y": 0,
        "z": 0,
        "w": 1
      },
      "viewCenter": {
        "x": 0,
        "y": 0,
        "z": 0
      }
    },
    "d3m0Kblb1HerlslaVuPYNl": {
      "position": {
        "x": 479,
        "y": 326.0000000000001,
        "z": 5000
      },
      "rotation": {
        "x": 0,
        "y": 0,
        "z": 0,
        "w": 1
      },
      "viewCenter": {
        "x": 0,
        "y": 0,
        "z": 0
      }
    },
    "c2Bu17F+9PI5FCIrKAyVGO": {
      "position": {
        "x": 479,
        "y": 326.00000000000006,
        "z": 5000
      },
      "rotation": {
        "x": 0,
        "y": 0,
        "z": 0,
        "w": 1
      },
      "viewCenter": {
        "x": 0,
        "y": 0,
        "z": 0
      }
    },
    "c7J9JENUdD6JphodvDhzWm": {
      "position": {
        "x": 479,
        "y": 326.00000000000006,
        "z": 5000
      },
      "rotation": {
        "x": 0,
        "y": 0,
        "z": 0,
        "w": 1
      },
      "viewCenter": {
        "x": 0,
        "y": 0,
        "z": 0
      }
    },
    "28O+HNenBExZzpgMFaBYwY": {
      "position": {
        "x": 479,
        "y": 326.00000000000006,
        "z": 5000
      },
      "rotation": {
        "x": 0,
        "y": 0,
        "z": 0,
        "w": 1
      },
      "viewCenter": {
        "x": 0,
        "y": 0,
        "z": 0
      }
    },
    "bfQ4NmiZxC65xG5bBgIyJW": {
      "position": {
        "x": 199.86426322402156,
        "y": 738.2571196344167,
        "z": 5000
      },
      "rotation": {
        "x": 0,
        "y": 0,
        "z": 0,
        "w": 1
      },
      "viewCenter": {
        "x": 0,
        "y": 0,
        "z": 0
      }
    },
    "35acHG+TdA2q9IAyoCJ4v6": {
      "position": {
        "x": 415.0551434738181,
        "y": 1604.3083453736187,
        "z": 5000
      },
      "rotation": {
        "x": 0,
        "y": 0,
        "z": 0,
        "w": 1
      },
      "viewCenter": {
        "x": 0,
        "y": 0,
        "z": 0
      }
    },
    "94VMSrablCxq32SdYVp+Hr": {
      "position": {
        "x": 1601.6856671937603,
        "y": 904.3718879864533,
        "z": 5000
      },
      "rotation": {
        "x": 0,
        "y": 0,
        "z": 0,
        "w": 1
      },
      "viewCenter": {
        "x": 0,
        "y": 0,
        "z": 0
      }
    },
    "cepyzQYSFHurtB20e2oiTg": {
      "position": {
        "x": 897.9631184940346,
        "y": 1400.4059632316912,
        "z": 5000
      },
      "rotation": {
        "x": 0,
        "y": 0,
        "z": 0,
        "w": 1
      },
      "viewCenter": {
        "x": 0,
        "y": 0,
        "z": 0
      }
    },
    "992p6YL0dNjbT7kZw4/+k3": {
      "position": {
        "x": 673.908228226619,
        "y": 451.5907042224916,
        "z": 5000
      },
      "rotation": {
        "x": 0,
        "y": 0,
        "z": 0,
        "w": 1
      },
      "viewCenter": {
        "x": 0,
        "y": 0,
        "z": 0
      }
    },
    "28Y5qmjS1O9paqNA5fXW6w": {
      "position": {
        "x": 900.6719824099755,
        "y": 460.9988897657055,
        "z": 5000
      },
      "rotation": {
        "x": 0,
        "y": 0,
        "z": 0,
        "w": 1
      },
      "viewCenter": {
        "x": 0,
        "y": 0,
        "z": 0
      }
    },
    "166cgh1T1PQr+68EYXKahz": {
      "position": {
        "x": 479,
        "y": 326,
        "z": 5000
      },
      "rotation": {
        "x": 0,
        "y": 0,
        "z": 0,
        "w": 1
      },
      "viewCenter": {
        "x": 0,
        "y": 0,
        "z": 0
      }
    },
    "7c7OqKiiZNYKVjJhVZFMNv": {
      "position": {
        "x": 479,
        "y": 326.00000000000006,
        "z": 5000
      },
      "rotation": {
        "x": 0,
        "y": 0,
        "z": 0,
        "w": 1
      },
      "viewCenter": {
        "x": 0,
        "y": 0,
        "z": 0
      }
    },
    "feA7EwLddIJKTVKmmh1D80": {
      "position": {
        "x": 613.345546099202,
        "y": 763.9948904222889,
        "z": 5000
      },
      "rotation": {
        "x": 0,
        "y": 0,
        "z": 0,
        "w": 1
      },
      "viewCenter": {
        "x": 0,
        "y": 0,
        "z": 0
      }
    },
    "64WpnXXFxAxoT/SBT40WOj": {
      "position": {
        "x": 479,
        "y": 326.00000000000006,
        "z": 5000
      },
      "rotation": {
        "x": 0,
        "y": 0,
        "z": 0,
        "w": 1
      },
      "viewCenter": {
        "x": 0,
        "y": 0,
        "z": 0
      }
    },
    "c3H33I1b1IFqCoZ99yOm0N": {
      "position": {
        "x": 734.4562669197519,
        "y": 476.8797939948762,
        "z": 5000
      },
      "rotation": {
        "x": 0,
        "y": 0,
        "z": 0,
        "w": 1
      },
      "viewCenter": {
        "x": 0,
        "y": 0,
        "z": 0
      }
    },
    "8dfs4oRvtEx7Qjx63g9IwM": {
      "position": {
        "x": 994.3926462951979,
        "y": 1207.5794623546533,
        "z": 5000
      },
      "rotation": {
        "x": 0,
        "y": 0,
        "z": 0,
        "w": 1
      },
      "viewCenter": {
        "x": 0,
        "y": 0,
        "z": 0
      }
    },
    "3eUDF5rlhDCa3+WZdeNdl/": {
      "position": {
        "x": 479,
        "y": 326,
        "z": 5000
      },
      "rotation": {
        "x": 0,
        "y": 0,
        "z": 0,
        "w": 1
      },
      "viewCenter": {
        "x": 0,
        "y": 0,
        "z": 0
      }
    },
    "c7t6B9hPxOLL5LMmYjafjr": {
      "position": {
        "x": 479,
        "y": 326.00000000000006,
        "z": 5000
      },
      "rotation": {
        "x": 0,
        "y": 0,
        "z": 0,
        "w": 1
      },
      "viewCenter": {
        "x": 0,
        "y": 0,
        "z": 0
      }
    },
    "3fxOVbCWRG9KSqBqKlvF21": {
      "position": {
        "x": 788.1271793081731,
        "y": 1249.3272213087726,
        "z": 5000
      },
      "rotation": {
        "x": 0,
        "y": 0,
        "z": 0,
        "w": 1
      },
      "viewCenter": {
        "x": 0,
        "y": 0,
        "z": 0
      }
    },
    "deIIq06q5JA4GlvNcB0kEr": {
      "position": {
        "x": 770.1417354563736,
        "y": 729.6213966926612,
        "z": 5000
      },
      "rotation": {
        "x": 0,
        "y": 0,
        "z": 0,
        "w": 1
      },
      "viewCenter": {
        "x": 0,
        "y": 0,
        "z": 0
      }
    },
    "d3NMG+pe9PzKzD9y8Ui+82": {
      "position": {
        "x": 600.7499905596633,
        "y": 750.1273534680751,
        "z": 5000
      },
      "rotation": {
        "x": 0,
        "y": 0,
        "z": 0,
        "w": 1
      },
      "viewCenter": {
        "x": 0,
        "y": 0,
        "z": 0
      }
    },
    "82acrKxJFOxraEZeRPpUAR": {
      "position": {
        "x": 1810.4774664182191,
        "y": 689.0620992112006,
        "z": 5000
      },
      "rotation": {
        "x": 0,
        "y": 0,
        "z": 0,
        "w": 1
      },
      "viewCenter": {
        "x": 0,
        "y": 0,
        "z": 0
      }
    },
    "faKiZxy9lFrLlD/0k71QvQ": {
      "position": {
        "x": 524.3008323396143,
        "y": 309.1625224932408,
        "z": 5000
      },
      "rotation": {
        "x": 0,
        "y": 0,
        "z": 0,
        "w": 1
      },
      "viewCenter": {
        "x": 0,
        "y": 0,
        "z": 0
      }
    },
    "b73J2ydSlFTIMyTaeVnIeV": {
      "position": {
        "x": 715.9147990854558,
        "y": 861.0057599958162,
        "z": 5000
      },
      "rotation": {
        "x": 0,
        "y": 0,
        "z": 0,
        "w": 1
      },
      "viewCenter": {
        "x": 0,
        "y": 0,
        "z": 0
      }
    },
    "2e5FSaiM1Ec7FG+3K8limu": {
      "position": {
        "x": 536.4930865639178,
        "y": 530.8203732390516,
        "z": 5000
      },
      "rotation": {
        "x": 0,
        "y": 0,
        "z": 0,
        "w": 1
      },
      "viewCenter": {
        "x": 0,
        "y": 0,
        "z": 0
      }
    },
    "21U374PzVKw632XzVr2r5z": {
      "position": {
        "x": 479,
        "y": 326.00000000000006,
        "z": 5000
      },
      "rotation": {
        "x": 0,
        "y": 0,
        "z": 0,
        "w": 1
      },
      "viewCenter": {
        "x": 0,
        "y": 0,
        "z": 0
      }
    },
    "eah9i90ENFY5uKGhnLRIh4": {
      "position": {
        "x": 626.3391343786647,
        "y": 1018.5493615582262,
        "z": 5000
      },
      "rotation": {
        "x": 0,
        "y": 0,
        "z": 0,
        "w": 1
      },
      "viewCenter": {
        "x": 0,
        "y": 0,
        "z": 0
      }
    },
    "8c9RNF/7NIgoya4WVDfby1": {
      "position": {
        "x": 508.09139155418046,
        "y": 761.0357178612893,
        "z": 5000
      },
      "rotation": {
        "x": 0,
        "y": 0,
        "z": 0,
        "w": 1
      },
      "viewCenter": {
        "x": 0,
        "y": 0,
        "z": 0
      }
    },
    "a8n80xPZhAq5FcGQxHcAaD": {
      "position": {
        "x": 842.3760071019698,
        "y": 790.6410426060052,
        "z": 5000
      },
      "rotation": {
        "x": 0,
        "y": 0,
        "z": 0,
        "w": 1
      },
      "viewCenter": {
        "x": 0,
        "y": 0,
        "z": 0
      }
    },
    "a0cnn+mzFFvJtwll646g8g": {
      "position": {
        "x": 1087.7054903528347,
        "y": 1185.0389619571731,
        "z": 5000
      },
      "rotation": {
        "x": 0,
        "y": 0,
        "z": 0,
        "w": 1
      },
      "viewCenter": {
        "x": 0,
        "y": 0,
        "z": 0
      }
    },
    "cbA6hQZW1PGLL9w+ZRH5r7": {
      "position": {
        "x": 619.0836694935805,
        "y": 774.5130655474929,
        "z": 5000
      },
      "rotation": {
        "x": 0,
        "y": 0,
        "z": 0,
        "w": 1
      },
      "viewCenter": {
        "x": 0,
        "y": 0,
        "z": 0
      }
    },
    "76uUZ+fu5CVpDD3cjz40SR": {
      "position": {
        "x": -192.9874768301504,
        "y": 582.2345215592109,
        "z": 5000
      },
      "rotation": {
        "x": 0,
        "y": 0,
        "z": 0,
        "w": 1
      },
      "viewCenter": {
        "x": 0,
        "y": 0,
        "z": 0
      }
    },
    "06fx80xOpAs7SSfPADkMrS": {
      "position": {
        "x": 479,
        "y": 326.00000000000006,
        "z": 5000
      },
      "rotation": {
        "x": 0,
        "y": 0,
        "z": 0,
        "w": 1
      },
      "viewCenter": {
        "x": 0,
        "y": 0,
        "z": 0
      }
    },
    "ab60qW1ilAF5WwNrDQnS3k": {
      "position": {
        "x": 479,
        "y": 326.00000000000006,
        "z": 5000
      },
      "rotation": {
        "x": 0,
        "y": 0,
        "z": 0,
        "w": 1
      },
      "viewCenter": {
        "x": 0,
        "y": 0,
        "z": 0
      }
    },
    "ffLz3rldVOmJg5nn2FQnhf": {
      "position": {
        "x": 479,
        "y": 326.00000000000006,
        "z": 5000
      },
      "rotation": {
        "x": 0,
        "y": 0,
        "z": 0,
        "w": 1
      },
      "viewCenter": {
        "x": 0,
        "y": 0,
        "z": 0
      }
    },
    "73nGB4+uJHdJ4OQPjDR2Is": {
      "position": {
        "x": 479,
        "y": 326.00000000000006,
        "z": 5000
      },
      "rotation": {
        "x": 0,
        "y": 0,
        "z": 0,
        "w": 1
      },
      "viewCenter": {
        "x": 0,
        "y": 0,
        "z": 0
      }
    },
    "28/LbzRmxCArEuDBGO27I8": {
      "position": {
        "x": 479,
        "y": 326.00000000000006,
        "z": 5000
      },
      "rotation": {
        "x": 0,
        "y": 0,
        "z": 0,
        "w": 1
      },
      "viewCenter": {
        "x": 0,
        "y": 0,
        "z": 0
      }
    },
    "c6PPG25SNOVJaPxSeVtJ4w": {
      "position": {
        "x": 479,
        "y": 326.00000000000006,
        "z": 5000
      },
      "rotation": {
        "x": 0,
        "y": 0,
        "z": 0,
        "w": 1
      },
      "viewCenter": {
        "x": 0,
        "y": 0,
        "z": 0
      }
    },
    "b4R6sYXqFBN7aJq4ik7v7L": {
      "position": {
        "x": 479,
        "y": 326.00000000000006,
        "z": 5000
      },
      "rotation": {
        "x": 0,
        "y": 0,
        "z": 0,
        "w": 1
      },
      "viewCenter": {
        "x": 0,
        "y": 0,
        "z": 0
      }
    },
    "20Bb3fO0BNAKYCRl3I4vZ/": {
      "position": {
        "x": 479,
        "y": 326.00000000000006,
        "z": 5000
      },
      "rotation": {
        "x": 0,
        "y": 0,
        "z": 0,
        "w": 1
      },
      "viewCenter": {
        "x": 0,
        "y": 0,
        "z": 0
      }
    },
    "c1B1j59eZBMpbQL2sLVWE2": {
      "position": {
        "x": 479,
        "y": 326.00000000000006,
        "z": 5000
      },
      "rotation": {
        "x": 0,
        "y": 0,
        "z": 0,
        "w": 1
      },
      "viewCenter": {
        "x": 0,
        "y": 0,
        "z": 0
      }
    },
    "d9JcTWQntKqYBBTSGzp90N": {
      "position": {
        "x": 479,
        "y": 326.00000000000006,
        "z": 5000
      },
      "rotation": {
        "x": 0,
        "y": 0,
        "z": 0,
        "w": 1
      },
      "viewCenter": {
        "x": 0,
        "y": 0,
        "z": 0
      }
    },
    "848lpVjZpG6IZct2/BMJrD": {
      "position": {
        "x": 984.8031746625335,
        "y": 267.16717189167525,
        "z": 5000
      },
      "rotation": {
        "x": 0,
        "y": 0,
        "z": 0,
        "w": 1
      },
      "viewCenter": {
        "x": 0,
        "y": 0,
        "z": 0
      }
    },
    "eab264hIZHyImJTLp298Ix": {
      "position": {
        "x": 556.0380874445921,
        "y": 279.8472967571554,
        "z": 5000
      },
      "rotation": {
        "x": 0,
        "y": 0,
        "z": 0,
        "w": 1
      },
      "viewCenter": {
        "x": 0,
        "y": 0,
        "z": 0
      }
    },
    "6ehEz/vehN/LfWbWZ2vhX5": {
      "position": {
        "x": 663.5087957897385,
        "y": 882.5344749133794,
        "z": 5000
      },
      "rotation": {
        "x": 0,
        "y": 0,
        "z": 0,
        "w": 1
      },
      "viewCenter": {
        "x": 0,
        "y": 0,
        "z": 0
      }
    },
    "55zp+PNZ9FvaP9yYhBrnKu": {
      "position": {
        "x": 479,
        "y": 326,
        "z": 5000
      },
      "rotation": {
        "x": 0,
        "y": 0,
        "z": 0,
        "w": 1
      },
      "viewCenter": {
        "x": 0,
        "y": 0,
        "z": 0
      }
    },
    "a2F3cK8wRBOLlYKqjDeTcb": {
      "position": {
        "x": 479,
        "y": 326.00000000000006,
        "z": 5000
      },
      "rotation": {
        "x": 0,
        "y": 0,
        "z": 0,
        "w": 1
      },
      "viewCenter": {
        "x": 0,
        "y": 0,
        "z": 0
      }
    },
    "1cUNag9xhCup2oh3+BUxAo": {
      "position": {
        "x": 673.6749924692339,
        "y": 739.0292169981482,
        "z": 5000
      },
      "rotation": {
        "x": 0,
        "y": 0,
        "z": 0,
        "w": 1
      },
      "viewCenter": {
        "x": 0,
        "y": 0,
        "z": 0
      }
    },
    "31IzfMAh1HYZ2GwOw+4LgQ": {
      "position": {
        "x": 635.1214299519195,
        "y": 814.2939943178246,
        "z": 5000
      },
      "rotation": {
        "x": 0,
        "y": 0,
        "z": 0,
        "w": 1
      },
      "viewCenter": {
        "x": 0,
        "y": 0,
        "z": 0
      }
    },
    "1eIaTSvzZByKFHrGlkfFCZ": {
      "position": {
        "x": 931.6497266075936,
        "y": 665.5542273026773,
        "z": 5000
      },
      "rotation": {
        "x": 0,
        "y": 0,
        "z": 0,
        "w": 1
      },
      "viewCenter": {
        "x": 0,
        "y": 0,
        "z": 0
      }
    },
    "87zaRDqhZJBY/LljPGSIK2": {
      "position": {
        "x": 828.2098115393171,
        "y": 1236.677863367418,
        "z": 5000
      },
      "rotation": {
        "x": 0,
        "y": 0,
        "z": 0,
        "w": 1
      },
      "viewCenter": {
        "x": 0,
        "y": 0,
        "z": 0
      }
    },
    "690AF/qExEP5dwr8w6saFN": {
      "position": {
        "x": 479,
        "y": 326,
        "z": 5000
      },
      "rotation": {
        "x": 0,
        "y": 0,
        "z": 0,
        "w": 1
      },
      "viewCenter": {
        "x": 0,
        "y": 0,
        "z": 0
      }
    },
    "3c9QTtthpKGrR130HJqGMg": {
      "position": {
        "x": 479,
        "y": 326.00000000000006,
        "z": 5000
      },
      "rotation": {
        "x": 0,
        "y": 0,
        "z": 0,
        "w": 1
      },
      "viewCenter": {
        "x": 0,
        "y": 0,
        "z": 0
      }
    },
    "7bctpkZJxD/43/UbYeNmEA": {
      "position": {
        "x": 492.67976218365936,
        "y": 508.3968291154584,
        "z": 5000
      },
      "rotation": {
        "x": 0,
        "y": 0,
        "z": 0,
        "w": 1
      },
      "viewCenter": {
        "x": 0,
        "y": 0,
        "z": 0
      }
    }
  },
  "camera-uuids": [
    "fc3c5944-03ea-49ff-9194-231e2f9ee56e"
  ],
  "__version__": "1.0.0",
  "builder": {
    "taskOptionsMap": {},
    "__version__": "1.3.4"
  },
  "": {
    "sculpt_brush_rotate": 0
  },
  "scene": {
    "native": false
  },
  "snap-configs": {
    "position": {
      "x": 1,
      "y": 1,
      "z": 1
    },
    "rotation": 1,
    "scale": 1,
    "isPositionSnapEnabled": false,
    "isRotationSnapEnabled": false,
    "isScaleSnapEnabled": false
  },
  "rect-snap-configs": {
    "enableSnapping": true,
    "snapThreshold": 4
  }
}
