{
  "__version__": "1.0.1",
  "builder": {
    "common": {
      "scenes": [
        {
          "url": "db://assets/vd-boot/StartScene.scene",
          "uuid": "fc3c5944-03ea-49ff-9194-231e2f9ee56e",
          "inBundle": false
        },
        {
          "url": "db://assets/vd-games/pvp-domino/res/scene/DomiScene.scene",
          "uuid": "f003f78a-c18a-49b4-afe2-1f8df294b9b1",
          "inBundle": true
        }
      ],
      "debug": true,
      "sourceMaps": true,
      "useSplashScreen": false
    },
    "options": {
      "web-desktop": {
        "useWebGPU": false,
        "resolution": {
          "designWidth": 1280,
          "designHeight": 720
        },
        "__version__": "1.0.1"
      }
    },
    "taskOptionsMap": {
      "1677220910638": {
        "useWebGPU": false,
        "resolution": {
          "designWidth": 1280,
          "designHeight": 720
        },
        "__version__": "1.0.1"
      }
    },
    "__version__": "1.3.4"
  }
}
