{
  "c77ecaa8-c936-46c4-a5b0-98692673ed87": {
    "assetUuid": "c77ecaa8-c936-46c4-a5b0-98692673ed87",
    "animationUuid": "",
    "expandLevels": [
      "0"
    ]
  },
  "b25f1844-b4ce-4b35-85d4-a63da36a16b3": {
    "assetUuid": "b25f1844-b4ce-4b35-85d4-a63da36a16b3",
    "animationUuid": "",
    "expandLevels": [
      "0",
      "0_8_10"
    ]
  },
  "3f1f03fe-f5e6-4853-a7a1-ca0a1128c1ed": {
    "assetUuid": "3f1f03fe-f5e6-4853-a7a1-ca0a1128c1ed",
    "animationUuid": "",
    "expandLevels": [
      "0"
    ]
  },
  "76357140-6057-47fd-b8e5-9165a188dfd9": {
    "assetUuid": "76357140-6057-47fd-b8e5-9165a188dfd9",
    "animationUuid": "",
    "expandLevels": [
      "0"
    ]
  },
  "05bc4c44-216b-470e-a1cb-c3fa3ad39e0f": {
    "assetUuid": "05bc4c44-216b-470e-a1cb-c3fa3ad39e0f",
    "animationUuid": "",
    "expandLevels": [
      "0",
      "0_0"
    ]
  },
  "fc3c5944-03ea-49ff-9194-231e2f9ee56e": {
    "assetUuid": "fc3c5944-03ea-49ff-9194-231e2f9ee56e",
    "animationUuid": "",
    "expandLevels": [
      "0"
    ]
  }
}
