{"skeleton":{"width":309,"height":200,"fps":24,"hash":" ","name":"Sprite"},"bones":[{"name":"root"}],"slots":[{"name":"sheetSlot","bone":"root","attachment":"SmokeFx_00003"}],"skins":{"default":{"sheetSlot":{"SmokeFx_00002":{"name":"SmokeFx_00002","width":309,"height":200},"SmokeFx_00003":{"name":"SmokeFx_00003","width":309,"height":200},"SmokeFx_00004":{"name":"SmokeFx_00004","width":309,"height":200},"SmokeFx_00005":{"name":"SmokeFx_00005","width":309,"height":200},"SmokeFx_00006":{"name":"SmokeFx_00006","width":309,"height":200},"SmokeFx_00007":{"name":"SmokeFx_00007","width":309,"height":200},"SmokeFx_00008":{"name":"SmokeFx_00008","width":309,"height":200},"SmokeFx_00009":{"name":"SmokeFx_00009","width":309,"height":200},"SmokeFx_00000":{"name":"SmokeFx_00000","width":309,"height":200},"SmokeFx_00001":{"name":"SmokeFx_00001","width":309,"height":200}}}},"animations":{"Sprite":{"slots":{"sheetSlot":{"attachment":[{"time":0,"name":"SmokeFx_00002"},{"time":0.0417,"name":"SmokeFx_00003"},{"time":0.0834,"name":"SmokeFx_00004"},{"time":0.1251,"name":"SmokeFx_00005"},{"time":0.1668,"name":"SmokeFx_00006"},{"time":0.2085,"name":"SmokeFx_00007"},{"time":0.2502,"name":"SmokeFx_00008"},{"time":0.2919,"name":"SmokeFx_00009"},{"time":0.3336,"name":"SmokeFx_00000"},{"time":0.3753,"name":"SmokeFx_00001"}]}}}}}