{"skeleton":{"hash":"u+WY2EZjZ/AsKuq0rzo/OVl+96Q","spine":"3.8.75","x":-822.35,"y":-763.01,"width":1650,"height":1736.03,"fps":24,"images":"","audio":"C:/Users/rachelthiowx/Desktop/Mini game/Slots/Icons/Dragonbone/WILD"},"bones":[{"name":"root"},{"name":"BG","parent":"root","x":1.22,"y":115.92},{"name":"Head","parent":"root","x":-90.24,"y":226.82},{"name":"Text","parent":"root","x":0.83,"y":-285.18},{"name":"wing","parent":"root","length":168,"rotation":-58.63,"x":-7.24,"y":244.84},{"name":"Body","parent":"root","x":-2.6,"y":-61.67},{"name":"tail","parent":"root","length":182,"rotation":-54.45,"x":92.6,"y":-19.75},{"name":"Glow","parent":"root","x":24.3,"y":119.01},{"name":"Raylight","parent":"root","x":-2.6,"y":0.28},{"name":"Raylight1","parent":"root","x":-2.6,"y":0.28},{"name":"Glow1","parent":"root","x":-2.6,"y":112.7,"scaleX":0.907,"scaleY":0.907},{"name":"Bottom_beak","parent":"root","x":-190.97,"y":217.28},{"name":"Top_beak","parent":"root","x":-190.97,"y":217.28},{"name":"Electric","parent":"root","x":2.65,"y":101.46},{"name":"tail1","parent":"tail","length":269,"rotation":-12.83,"x":182.83},{"name":"wing1","parent":"wing","length":178,"rotation":1.95,"x":168.59},{"name":"wing2","parent":"wing1","length":106,"rotation":12.01,"x":178.35}],"slots":[{"name":"spotlight1","bone":"Raylight1","attachment":"spotlight","blend":"additive"},{"name":"spotlight","bone":"Raylight","attachment":"spotlight","blend":"additive"},{"name":"Glow","bone":"Glow","attachment":"Glow"},{"name":"BG 1","bone":"BG","attachment":"BG 1"},{"name":"Glow1","bone":"Glow1","attachment":"Glow","blend":"additive"},{"name":"tail","bone":"tail1","attachment":"tail"},{"name":"Body 1","bone":"Body","attachment":"Body 1"},{"name":"wing","bone":"wing2","attachment":"wing"},{"name":"head","bone":"Head","attachment":"head"},{"name":"text","bone":"Text","attachment":"text"},{"name":"bottom-beak","bone":"Bottom_beak","attachment":"bottom-beak"},{"name":"top-beak","bone":"Top_beak","attachment":"top-beak"},{"name":"Layer 9","bone":"Electric","attachment":"Layer 9","blend":"additive"},{"name":"Layer 8","bone":"Electric","attachment":"Layer 8","blend":"additive"},{"name":"Layer 7","bone":"Electric","attachment":"Layer 7","blend":"additive"},{"name":"Layer 6","bone":"Electric","attachment":"Layer 6","blend":"additive"},{"name":"Layer 5","bone":"Electric","attachment":"Layer 5","blend":"additive"},{"name":"Layer 4","bone":"Electric","attachment":"Layer 4","blend":"additive"},{"name":"Layer 3","bone":"Electric","attachment":"Layer 3","blend":"additive"},{"name":"Layer 2","bone":"Electric","attachment":"Layer 2","blend":"additive"},{"name":"Layer 17","bone":"Electric","attachment":"Layer 17","blend":"additive"},{"name":"Layer 16","bone":"Electric","attachment":"Layer 16","blend":"additive"},{"name":"Layer 15","bone":"Electric","attachment":"Layer 15","blend":"additive"},{"name":"Layer 14","bone":"Electric","attachment":"Layer 14","blend":"additive"},{"name":"Layer 13","bone":"Electric","attachment":"Layer 13","blend":"additive"},{"name":"Layer 12","bone":"Electric","attachment":"Layer 12","blend":"additive"},{"name":"Layer 11","bone":"Electric","attachment":"Layer 11","blend":"additive"},{"name":"Layer 10","bone":"Electric","attachment":"Layer 10","blend":"additive"},{"name":"Layer 1","bone":"Electric","attachment":"Layer 1","blend":"additive"}],"skins":[{"name":"default","attachments":{"Layer 1":{"Layer 1":{"type":"mesh","uvs":[1,1,0,1,0,0,1,0],"triangles":[1,2,3,1,3,0],"vertices":[825,-864.47,-825,-864.47,-825,785.53,825,785.53],"hull":4,"edges":[0,2,2,4,4,6,0,6],"width":124,"height":125}},"Layer 2":{"Layer 2":{"type":"mesh","uvs":[1,1,0,1,0,0,1,0],"triangles":[1,2,3,1,3,0],"vertices":[825,-864.47,-825,-864.47,-825,785.53,825,785.53],"hull":4,"edges":[0,2,2,4,4,6,0,6],"width":124,"height":125}},"Layer 3":{"Layer 3":{"type":"mesh","uvs":[1,1,0,1,0,0,1,0],"triangles":[1,2,3,1,3,0],"vertices":[825,-864.47,-825,-864.47,-825,785.53,825,785.53],"hull":4,"edges":[0,2,2,4,4,6,0,6],"width":124,"height":125}},"Layer 4":{"Layer 4":{"type":"mesh","uvs":[1,1,0,1,0,0,1,0],"triangles":[1,2,3,1,3,0],"vertices":[825,-864.47,-825,-864.47,-825,785.53,825,785.53],"hull":4,"edges":[0,2,2,4,4,6,0,6],"width":124,"height":125}},"Layer 5":{"Layer 5":{"type":"mesh","uvs":[1,1,0,1,0,0,1,0],"triangles":[1,2,3,1,3,0],"vertices":[825,-864.47,-825,-864.47,-825,785.53,825,785.53],"hull":4,"edges":[0,2,2,4,4,6,0,6],"width":124,"height":125}},"Layer 6":{"Layer 6":{"type":"mesh","uvs":[1,1,0,1,0,0,1,0],"triangles":[1,2,3,1,3,0],"vertices":[825,-864.47,-825,-864.47,-825,785.53,825,785.53],"hull":4,"edges":[0,2,2,4,4,6,0,6],"width":124,"height":125}},"Layer 7":{"Layer 7":{"type":"mesh","uvs":[1,1,0,1,0,0,1,0],"triangles":[1,2,3,1,3,0],"vertices":[825,-864.47,-825,-864.47,-825,785.53,825,785.53],"hull":4,"edges":[0,2,2,4,4,6,0,6],"width":124,"height":125}},"Layer 8":{"Layer 8":{"type":"mesh","uvs":[1,1,0,1,0,0,1,0],"triangles":[1,2,3,1,3,0],"vertices":[825,-864.47,-825,-864.47,-825,785.53,825,785.53],"hull":4,"edges":[0,2,2,4,4,6,0,6],"width":124,"height":125}},"Layer 9":{"Layer 9":{"type":"mesh","uvs":[1,1,0,1,0,0,1,0],"triangles":[1,2,3,1,3,0],"vertices":[825,-864.47,-825,-864.47,-825,785.53,825,785.53],"hull":4,"edges":[0,2,2,4,4,6,0,6],"width":124,"height":125}},"wing":{"wing":{"type":"mesh","uvs":[0,0,1,1,0.29041,0.62492,0.20461,0.58647,0.20666,0.48709,0.133,0.40378,0.0901,0.33975,0.07369,0.20032,0.36817,0.04976,0.31896,0.02726,0.27401,0,0.46423,0.06249,0.54183,0.08499,0.62574,0.13789,0.67275,0.17312,0.7341,0.19871,0.65019,0.22121,0.55413,0.21478,0.48252,0.1971,0.38647,0.16509,0.28426,0.12183,0.21675,0.09784,0.19025,0.1395,0.31691,0.21799,0.44167,0.29166,0.61959,0.37819,0.70745,0.39414,0.74625,0.37658,0.82401,0.36212,0.78316,0.31243,0.73615,0.28202,0.67685,0.24037,0.77495,0.39253,0.84641,0.42788,0.88741,0.51428,0.24956,0.51119,0.30887,0.47263,0.34767,0.41663,0.34357,0.37337,0.13095,0.24358,0.19435,0.29809,0.30066,0.37176,0.32921,0.29327,0.40697,0.40539,0.48252,0.4615,0.55618,0.50637,0.63789,0.53035,0.62369,0.42145,0.69924,0.53357,0.82606,0.54,0.65839,0.64086,0.75855,0.69859,0.84641,0.71305,0.89357,0.70501,0.87921,0.62974,0.91596,0.58647,0.53978,0.65854,0.62164,0.63616,0.67275,0.57522,0.47243,0.5929,0.47432,0.53196,0.38032,0.57844,0.34562,0.65693,0.38442,0.62652,0.40082,0.6777,0.45808,0.71787,0.55003,0.76583,0.59909,0.71787,0.60729,0.65854,0.62984,0.77226,0.7054,0.81391,0.65224,0.70341,0.69514,0.78511,0.75445,0.82838,0.85256,0.85878,0.26991,0.66979,0.28426,0.72096,0.34562,0.80427,0.40287,0.87164,0.48458,0.89241,0.52148,0.87325,0.56849,0.8908,0.62779,0.90687,0.62984,0.87325,0.67685,0.92454,0.73615,0.95013,0.7953,1],"triangles":[75,3,76,3,75,2,2,75,62,75,76,62,35,3,2,35,2,61,2,62,63,61,2,63,36,35,61,63,62,64,62,76,64,76,77,64,64,77,65,61,63,59,36,61,60,37,36,44,43,37,44,36,60,44,61,59,60,63,64,59,78,79,80,64,65,56,59,64,56,77,78,65,44,60,45,65,78,66,78,80,66,80,79,81,56,65,66,56,66,67,60,59,45,43,44,25,56,68,57,56,67,68,25,44,47,67,66,69,44,45,47,59,56,57,80,81,83,68,67,71,66,80,83,45,59,57,57,68,50,45,57,46,69,66,83,46,57,58,57,50,58,68,71,50,67,69,71,47,45,46,46,58,48,69,83,70,72,69,70,25,47,26,71,69,72,31,25,30,47,46,48,50,71,51,30,26,27,25,26,30,27,26,32,71,72,51,30,27,29,47,48,26,27,32,28,48,58,49,29,27,28,26,48,32,51,73,52,32,48,33,48,49,33,28,32,33,72,73,51,58,50,51,49,51,54,58,51,49,51,52,54,54,52,53,33,49,34,49,54,55,34,49,55,54,53,55,28,33,34,15,29,28,81,82,83,83,82,84,81,79,82,70,84,73,83,84,70,72,70,73,84,85,73,85,84,86,82,79,84,73,85,74,84,79,86,52,74,53,52,73,74,85,86,74,55,53,1,53,74,1,74,86,1,79,78,86,7,0,6,7,6,39,39,6,40,0,7,22,5,3,4,5,6,3,0,22,21,6,5,40,7,39,22,4,3,35,0,21,10,21,22,20,40,5,41,4,35,36,22,39,23,39,40,23,5,4,41,10,21,9,40,41,42,23,40,42,21,20,9,20,22,23,41,4,36,41,36,37,38,41,37,9,20,8,42,41,38,20,23,19,38,37,43,8,20,19,42,38,24,23,42,24,19,24,18,8,19,11,38,43,24,19,23,24,11,19,18,11,18,12,18,24,17,24,43,25,12,18,17,12,17,13,13,17,16,17,24,25,9,8,11,13,16,14,16,17,31,17,25,31,14,16,15,16,31,15,10,9,11,15,31,30,15,30,29,13,14,15,12,13,15,10,11,12],"vertices":[1,4,-48.09,-31.66,1,2,16,117.46,-6.09,0.98804,15,294.51,18.49,0.01196,3,4,215.67,-84.62,0.37859,16,-149.17,-56.36,0.14046,15,44.18,-86.17,0.48095,3,4,188.24,-99.76,0.43223,16,-179.44,-64.43,0.12319,15,16.25,-100.36,0.44457,2,4,154.25,-78.28,0.50825,15,-16.99,-77.74,0.49175,2,4,113.32,-80.67,0.59503,15,-57.97,-78.75,0.40497,2,4,84.13,-78.8,0.68241,15,-87.09,-75.89,0.31759,2,4,33.26,-53.89,0.87961,15,-137.08,-49.26,0.12039,2,4,29.85,57.52,0.87209,15,-136.7,62.2,0.12791,2,4,13.96,48.93,0.91656,15,-152.88,54.16,0.08344,2,4,-2.87,42.51,0.94503,15,-169.92,48.3,0.05497,2,4,50.1,80.84,0.75895,15,-115.68,84.81,0.24105,2,4,70.67,97.11,0.66852,15,-94.56,100.37,0.33148,2,4,102.79,108.68,0.57744,15,-62.07,110.85,0.42256,2,4,122.71,113.99,0.53746,15,-41.98,115.48,0.46254,2,4,141.67,125.21,0.51129,15,-22.65,126.05,0.48871,2,4,135.6,97.76,0.52693,15,-29.65,98.82,0.47306,2,4,117.53,73.11,0.59803,15,-48.55,74.8,0.40198,2,4,99.61,57.45,0.70944,15,-66.99,59.76,0.29056,2,4,72.7,38.19,0.87958,15,-94.53,41.42,0.12042,2,4,40.9,19.63,0.97743,15,-126.95,23.96,0.02257,2,4,21.47,6.41,0.99811,15,-146.81,11.4,0.00189,2,4,31.49,-9.53,0.99521,15,-137.34,-4.87,0.00479,2,4,79.5,8.22,0.99162,15,-88.76,11.24,0.00838,2,4,125.53,26.48,0.78465,15,-42.13,27.93,0.21534,3,4,184.77,56.42,0.44814,16,-145.14,87.97,0.05391,15,18.09,55.84,0.49795,3,4,204.77,76.85,0.39081,16,-120.8,102.97,0.11258,15,38.77,75.57,0.49662,3,4,205.11,91.04,0.39155,16,-117.04,116.66,0.13859,15,39.6,89.75,0.46986,3,4,212.95,115.14,0.37082,16,-103.63,138.15,0.18993,15,48.24,113.56,0.43925,3,4,189.05,114.54,0.41365,16,-126.97,143.34,0.153,15,24.33,113.78,0.43335,2,4,170.79,108.22,0.4992,15,5.87,108.08,0.5008,2,4,146.61,100.94,0.51157,15,-18.53,101.63,0.48843,3,4,215.36,95.46,0.36505,16,-106.04,118.47,0.16397,15,49.98,93.81,0.47098,3,4,239.36,107.35,0.30561,16,-79.88,124.23,0.2328,15,74.37,104.89,0.46159,3,4,275.97,100.26,0.20448,16,-46.06,108.52,0.31941,15,110.72,96.56,0.47611,3,4,169.65,-71.74,0.46777,16,-190.72,-32.76,0.06432,15,-1.37,-71.73,0.46791,3,4,166.12,-47.57,0.4852,16,-188.32,-8.45,0.03089,15,-4.08,-47.45,0.4839,3,4,153.18,-25.27,0.57284,16,-195.5,16.31,0.00951,15,-16.26,-24.74,0.41765,2,4,137.56,-17.28,0.80863,15,-31.59,-16.21,0.19137,2,4,57.65,-47.5,0.86585,15,-112.48,-43.71,0.13415,2,4,86.94,-41.81,0.82796,15,-83.02,-39.02,0.17204,2,4,129.93,-28.55,0.73915,15,-39.61,-27.22,0.26085,2,4,107.53,-4.3,0.9951,15,-61.17,-2.22,0.0049,3,4,159.08,-6.85,0.74443,16,-185.33,32.76,9.9E-4,15,-9.73,-6.53,0.25458,3,4,190.93,1.78,0.00197,16,-152.34,33.46,4.0E-5,15,22.39,1.02,0.99799,3,4,218.58,12.27,0.03933,16,-122.97,36.97,0.00646,15,50.38,10.57,0.9542,3,4,240.34,29.34,0.10056,16,-97.73,48.28,0.05157,15,72.71,26.88,0.84787,3,4,200.39,48.42,0.37566,16,-131.91,76.44,0.05486,15,33.43,47.32,0.56948,3,4,251.58,45.27,0.14554,16,-82.99,61.03,0.12391,15,84.48,42.43,0.73055,3,4,274.72,78.24,0.17155,16,-52.58,87.45,0.28853,15,108.73,74.59,0.53991,3,4,281.9,11.62,0.00452,16,-61.68,21.07,0.01394,15,113.64,7.77,0.98154,3,4,318.36,26.58,0.01419,16,-22.69,26.79,0.26852,15,150.59,21.48,0.71729,3,4,337.85,47.31,0.02742,16,1.23,42.21,0.47853,15,170.77,41.54,0.49405,3,4,342.86,61.77,0.04275,16,9.57,55.03,0.48543,15,176.27,55.82,0.47183,3,4,314.49,73.73,0.08717,16,-15.07,73.48,0.41664,15,148.32,68.74,0.49619,3,4,305.61,92.79,0.13268,16,-19.09,94.12,0.39628,15,140.09,88.09,0.47104,3,4,268.43,-24.21,0.06046,16,-83.39,-10.45,0.09134,15,98.96,-27.58,0.8482,3,4,274.21,2.66,8.0E-5,16,-71.3,14.23,1.6E-4,15,105.65,-0.92,0.99976,3,4,261.59,29.33,0.06136,16,-77.12,43.14,0.07559,15,93.95,26.15,0.86305,3,4,234.65,-28.62,0.14468,16,-117.24,-6.59,0.0552,15,65.05,-30.84,0.80013,3,4,213.91,-15.27,0.10615,16,-134.15,11.36,0.01371,15,44.78,-16.8,0.88014,3,4,214.45,-50.5,0.33711,16,-142.12,-22.96,0.07659,15,44.12,-52.03,0.5863,3,4,235.84,-76.42,0.30925,16,-127.62,-53.27,0.16886,15,64.62,-78.66,0.52189,3,4,231.74,-59.52,0.29106,16,-127.52,-35.87,0.12614,15,61.09,-61.63,0.58281,3,4,252.12,-65.85,0.23649,16,-109.27,-46.94,0.19084,15,81.25,-68.65,0.57268,3,4,275.44,-58.81,0.15469,16,-84.94,-45.73,0.2494,15,104.8,-62.41,0.59591,3,4,307.18,-44.02,0.06576,16,-50.57,-39.03,0.34341,15,137.02,-48.7,0.59083,3,4,298.71,-20.64,0.02883,16,-53.15,-14.3,0.16665,15,129.34,-25.05,0.80452,3,4,279.57,-5.93,0.00733,16,-68.18,4.59,0.0196,15,110.72,-9.7,0.97307,3,4,322.57,-23.77,0.02144,16,-30.75,-23.09,0.35454,15,153.08,-28.98,0.62403,3,4,349.42,-12.09,0.00507,16,-1.87,-18.23,0.49859,15,180.32,-18.22,0.49635,3,4,302.48,-3.21,0.00322,16,-45.28,1.7,0.02837,15,133.71,-7.76,0.96841,3,4,337.78,-8.8,0.00429,16,-12.37,-12.23,0.40944,15,168.8,-14.54,0.58627,3,4,362.51,-1.86,0.00245,16,13.3,-11.46,0.70679,15,193.75,-8.44,0.29075,2,16,44.06,1.66,0.99861,15,221.11,10.79,0.0014,3,4,227.79,-99.62,0.35198,16,-141.03,-73.84,0.18749,15,55.78,-101.57,0.46052,3,4,247.83,-106.51,0.30527,16,-123.24,-85.36,0.24066,15,75.58,-109.14,0.45407,3,4,286.73,-107.44,0.21641,16,-85.71,-95.65,0.33639,15,114.42,-111.39,0.44719,3,4,319.44,-106.13,0.15797,16,-53.65,-102.27,0.40508,15,147.17,-111.19,0.43695,3,4,340.1,-88.39,0.10642,16,-29.32,-90.03,0.44431,15,168.41,-94.16,0.44927,3,4,339.57,-74.36,0.08468,16,-26.45,-76.29,0.45413,15,168.36,-80.12,0.46119,3,4,353.39,-65.34,0.06238,16,-10.86,-70.86,0.46895,15,182.47,-71.57,0.46867,2,16,7.07,-62.27,0.50411,15,198.23,-59.43,0.49589,3,4,357.45,-45.03,0.03469,16,-2.03,-52.14,0.48322,15,187.22,-51.42,0.48209,2,16,23.16,-56.42,0.54048,15,212.75,-50.36,0.45952,2,16,43.8,-50.56,0.6384,15,231.72,-40.34,0.3616,2,16,71.32,-51.72,0.74509,15,258.87,-35.74,0.25491],"hull":14,"edges":[0,12,2,110,2,172,6,12,6,152,20,24,24,30,30,56,56,68,68,110,152,154,154,156,156,172,20,0],"width":634,"height":809}},"bottom-beak":{"bottom-beak":{"type":"mesh","uvs":[0,0,1,0,0,1,1,1],"triangles":[0,1,2,1,3,2],"vertices":[-167.93,18.43,34.07,18.43,-167.93,-71.57,34.07,-71.57],"hull":4,"edges":[0,2,2,6,4,6,4,0],"width":101,"height":45}},"tail":{"tail":{"type":"mesh","uvs":[0,0,0,0.22086,0.14035,0.32242,0.27331,0.45671,0.3455,0.57451,0.38893,0.70151,0.57978,1,0.61159,0.85205,0.60302,0.69972,0.58264,0.59446,0.61159,0.5818,0.71274,0.65432,0.78797,0.64894,0.86321,0.68514,0.95578,0.67248,0.87178,0.57642,0.79959,0.48383,0.68969,0.38407,0.62607,0.28622,0.54797,0.17738,0.49007,0.09207,0.24721,0,0.16912,0.13198,0.43235,0.38407,0.51045,0.52015,0.31674,0.24631,0.40055,0.23544,0.55674,0.39135,0.6695,0.49661,0.77635,0.61083],"triangles":[4,2,5,3,4,24,23,3,24,4,5,9,24,4,9,23,24,27,5,6,7,9,5,8,23,27,18,24,9,10,8,5,7,27,24,28,24,10,28,18,27,17,9,8,11,10,9,11,27,28,17,10,11,29,29,11,12,17,28,16,28,29,16,28,10,29,29,12,15,16,29,15,12,11,13,8,7,13,11,8,13,16,15,14,15,13,14,7,6,14,13,7,14,20,16,14,12,13,15,18,17,16,19,18,16,5,1,6,0,1,22,0,22,21,1,2,22,22,2,25,3,2,4,2,1,5,2,3,23,25,2,23,22,25,26,21,22,20,22,26,20,26,25,23,20,26,19,26,23,18,19,26,18,20,19,16],"vertices":[2,6,-16.8,-6.17,0.99203,14,-193.28,-50.33,0.00797,2,6,58.4,-59.91,0.84159,14,-108.02,-86.04,0.15841,2,6,114.4,-54.65,0.71972,14,-54.59,-68.48,0.28028,2,6,180.41,-58.93,0.49201,14,10.73,-58,0.50799,2,6,231.54,-72.18,0.31642,14,63.52,-59.56,0.68358,2,6,281.41,-93.8,0.2058,14,116.95,-69.58,0.7942,1,14,251.53,-71.63,1,1,14,197.64,-40,1,2,6,313.48,-47.64,0.01534,14,137.97,-17.45,0.98466,2,6,274.53,-26.39,0.00311,14,95.27,-5.37,0.99689,2,6,274.64,-17.12,0.00153,14,93.32,3.69,0.99847,2,6,314.77,-13.17,0.01498,14,131.57,16.45,0.98502,2,6,324.42,4.21,0.05857,14,137.12,35.54,0.94143,2,6,348.23,11.47,0.07634,14,158.73,47.9,0.92366,2,6,358.04,34.32,0.13999,14,163.22,72.36,0.86001,2,6,312.52,39.76,0.19688,14,117.63,67.55,0.80312,2,6,269.97,46.87,0.29864,14,74.57,65.04,0.70136,2,6,219.23,47.67,0.44864,14,24.91,54.56,0.55136,2,6,176.2,57.89,0.50325,14,-19.31,54.98,0.49675,2,6,127.22,67.7,0.62612,14,-69.24,53.67,0.37389,2,6,89.34,76.09,0.71507,14,-108.04,53.44,0.28493,2,6,20.93,46.62,0.92887,14,-168.21,9.52,0.07113,2,6,53.94,-2.17,0.99972,14,-125.19,-30.72,2.8E-4,2,6,179.96,-7.29,0.53605,14,-1.18,-7.74,0.46395,2,6,238.21,-23.72,0.03058,14,59.26,-10.84,0.96942,2,6,115.41,1.54,0.99948,14,-66.08,-13.47,5.2E-4,2,6,124.49,22.08,0.88862,14,-61.78,8.58,0.11138,2,6,201.42,17.5,0.39655,14,14.24,21.19,0.60345,2,6,254.47,15.97,0.1525,14,66.31,31.48,0.8475,2,6,309.67,11,0.08432,14,121.23,38.89,0.91568],"hull":6,"edges":[0,2,2,12,12,28,28,40,40,42,42,0],"width":525,"height":837}},"text":{"text":{"type":"mesh","uvs":[0,0,1,0,0,1,1,1],"triangles":[0,1,2,1,3,2],"vertices":[-480.52,161.24,472.04,161.24,-480.52,-197.44,472.04,-197.44],"hull":4,"edges":[0,2,2,6,4,6,4,0],"width":486,"height":183}},"Body 1":{"Body 1":{"type":"mesh","uvs":[0,0,1,0,0,1,1,1],"triangles":[0,1,2,1,3,2],"vertices":[-172.82,334.34,153.18,334.34,-172.82,-55.66,153.18,-55.66],"hull":4,"edges":[0,2,2,6,4,6,4,0],"width":163,"height":195}},"spotlight":{"spotlight":{"type":"mesh","uvs":[0,0,1,0,0,1,1,1],"triangles":[0,1,2,1,3,2],"vertices":[-720.51,911.51,740.25,911.51,-720.51,-380.05,740.25,-380.05],"hull":4,"edges":[0,2,2,6,4,6,4,0],"width":259,"height":229}},"BG 1":{"BG 1":{"type":"mesh","uvs":[0,0,1,0,0,1,1,1],"triangles":[0,1,2,1,3,2],"vertices":[-469.97,385.54,468.91,385.54,-469.97,-597.5,468.91,-597.5],"hull":4,"edges":[0,2,2,6,4,6,4,0],"width":489,"height":512}},"spotlight1":{"spotlight":{"type":"mesh","uvs":[0,0,1,0,0,1,1,1],"triangles":[0,1,2,1,3,2],"vertices":[-596.19,882.84,615.93,882.84,-596.19,-188.88,615.93,-188.88],"hull":4,"edges":[0,2,2,6,4,6,4,0],"width":259,"height":229}},"head":{"head":{"type":"mesh","path":"Head_1","uvs":[0,1,0,0.57254,0.05776,0.32712,0.21782,0.33004,0.33229,0.09275,0.39313,0.16504,0.52537,0.11129,0.63464,0.05733,0.80493,0,0.92694,0,1,0,1,0.04712,1,0.24921,1,0.37046,1,0.43442,1,0.4715,1,0.539,1,0.66025,0.95744,0.7815,0.88637,0.86567,0.81012,0.89587,0.62458,0.98004,0.48732,1,0.37537,0.98004,0,0.91608,0.05005,0.87233,0.31436,0.89254,0.34486,0.93629,0,0.73491,0.97458,0.06587,0.8271,0.15087,0.67568,0.22046,0.52946,0.30046,0.43968,0.36171,0.41137,0.41775,0.35115,0.46358,0.41137,0.55212,0.43826,0.63712,0.43574,0.72212,0.387,0.78483,0.31908,0.82921,0.19078,0.83421,0.52678,0.81546,0.56027,0.89379,0.47427,0.63712,0.52552,0.65733,0.59738,0.65233,0.65776,0.55025,0.66546,0.43817,0.61405,0.33962,1,0.29879,1,0.18483,1,0.24087,0.90917,0.30546,0.75005,0.39233,0.7282,0.55212,0.88229,0.50775,1,0.47046,1,0.60817,0.86546,0.60129,0.71672,0.60483,0.68983,0.68629,0.79109,0.71192,0.83087,0.7815,0.6076,0.74754,0.6782,0.79858,0.70133,0.94651,0.17327,0.14601],"triangles":[4,7,8,20,66,19,18,19,17,29,51,11,10,29,11,15,16,12,13,15,12,51,50,12,50,13,12,11,51,12,52,50,51,29,52,51,13,14,15,15,58,16,58,17,16,14,57,15,57,58,15,50,14,13,9,29,10,52,53,14,58,18,17,52,14,50,53,57,14,29,53,52,23,0,22,30,53,29,59,18,58,57,56,58,56,59,58,53,56,57,59,63,18,9,30,29,63,19,18,62,63,59,54,56,53,8,30,9,30,54,53,63,20,19,55,59,56,54,55,56,31,54,30,60,62,59,55,60,59,8,7,30,7,31,30,65,20,63,62,65,63,4,6,7,65,66,20,60,61,62,61,65,62,31,49,54,49,48,54,48,55,54,47,60,55,48,47,55,65,21,66,47,61,60,43,21,65,47,46,61,64,65,61,46,64,61,7,6,31,64,43,65,32,49,31,6,32,31,44,45,47,49,33,47,33,44,47,49,47,48,33,34,44,45,46,47,34,36,44,42,43,64,32,33,49,43,22,21,46,45,64,45,42,64,25,0,23,45,38,42,6,5,32,42,22,43,44,38,45,23,22,42,39,23,42,4,5,6,5,33,32,38,39,42,27,23,39,37,38,44,36,37,44,3,35,34,34,35,36,39,38,37,3,34,33,5,3,33,36,39,37,40,27,39,40,26,27,41,40,35,27,25,23,40,39,36,35,40,36,24,0,25,41,25,27,4,3,5,67,3,4,26,41,27,3,41,35,2,41,3,41,26,40,1,25,2,2,25,41,67,2,3,1,24,25,1,28,24,28,0,24],"vertices":[-227.58,-104.12,-199.32,6.47,-135.47,65.37,-84.57,64.67,-48.17,121.62,-28.82,104.27,13.23,117.17,47.98,130.12,102.13,151.88,140.93,151.88,192.68,151.88,214.48,132.57,214.48,84.07,192.68,54.97,179.73,39.62,194.28,30.72,201.58,14.52,186.23,-14.58,150.63,-43.68,128.03,-63.88,103.78,-71.13,44.78,-91.33,1.13,-104.12,-34.47,-91.33,-189.62,-75.98,-137.92,-65.48,-53.87,-70.33,-44.17,-80.83,-227.58,-32.5,156.08,128.07,109.18,107.67,61.03,90.97,14.53,71.77,-14.02,57.07,-23.02,43.62,-42.17,32.62,-23.02,11.37,-14.47,-9.03,-15.27,-29.43,-30.77,-44.48,-52.37,-55.13,-93.17,-56.33,13.68,-51.83,24.33,-70.63,-3.02,-9.03,13.28,-13.88,36.13,-12.68,55.33,11.82,57.78,38.72,41.43,62.37,187.88,72.17,209.13,99.52,175.28,86.07,135.28,70.57,84.68,49.72,77.73,11.37,126.73,22.02,165.08,30.97,168.73,-2.08,121.38,-0.43,74.08,-1.28,65.53,-20.83,97.73,-26.98,110.38,-43.68,39.38,-35.53,61.83,-47.78,69.19,-83.28,-98.73,108.84],"hull":17,"edges":[0,44,2,4,2,56,4,134,8,16,8,134,16,18,18,20,20,22,22,24,24,32,32,34,34,38,38,132,42,44,42,132,56,0],"width":636,"height":480}},"Glow1":{"Glow":{"type":"mesh","uvs":[0,0,1,0,0,1,1,1],"triangles":[0,1,2,1,3,2],"vertices":[-658.04,748.31,663.24,748.31,-658.04,-749.66,663.24,-749.66],"hull":4,"edges":[0,2,2,6,4,6,4,0],"width":172,"height":195}},"top-beak":{"top-beak":{"type":"mesh","uvs":[0,0,1,0,0,1,1,1],"triangles":[0,1,2,1,3,2],"vertices":[-173.12,66.94,32.88,66.94,-173.12,-79.06,32.88,-79.06],"hull":4,"edges":[0,2,2,6,4,6,4,0],"width":103,"height":73}},"Glow":{"Glow":{"type":"mesh","uvs":[0,0,1,0,0,1,1,1],"triangles":[1,0,3,0,2,3],"vertices":[-704.98,854.01,669.02,854.01,-704.98,-702.49,669.02,-702.49],"hull":4,"edges":[0,2,2,6,4,6,4,0],"width":172,"height":195}},"Layer 10":{"Layer 10":{"type":"mesh","uvs":[1,1,0,1,0,0,1,0],"triangles":[1,2,3,1,3,0],"vertices":[825,-864.47,-825,-864.47,-825,785.53,825,785.53],"hull":4,"edges":[0,2,2,4,4,6,0,6],"width":124,"height":125}},"Layer 11":{"Layer 11":{"type":"mesh","uvs":[1,1,0,1,0,0,1,0],"triangles":[1,2,3,1,3,0],"vertices":[825,-864.47,-825,-864.47,-825,785.53,825,785.53],"hull":4,"edges":[0,2,2,4,4,6,0,6],"width":124,"height":125}},"Layer 12":{"Layer 12":{"type":"mesh","uvs":[1,1,0,1,0,0,1,0],"triangles":[1,2,3,1,3,0],"vertices":[825,-864.47,-825,-864.47,-825,785.53,825,785.53],"hull":4,"edges":[0,2,2,4,4,6,0,6],"width":124,"height":125}},"Layer 13":{"Layer 13":{"type":"mesh","uvs":[1,1,0,1,0,0,1,0],"triangles":[1,2,3,1,3,0],"vertices":[825,-864.47,-825,-864.47,-825,785.53,825,785.53],"hull":4,"edges":[0,2,2,4,4,6,0,6],"width":124,"height":125}},"Layer 14":{"Layer 14":{"type":"mesh","uvs":[1,1,0,1,0,0,1,0],"triangles":[1,2,3,1,3,0],"vertices":[825,-864.47,-825,-864.47,-825,785.53,825,785.53],"hull":4,"edges":[0,2,2,4,4,6,0,6],"width":124,"height":125}},"Layer 15":{"Layer 15":{"type":"mesh","uvs":[1,1,0,1,0,0,1,0],"triangles":[1,2,3,1,3,0],"vertices":[825,-864.47,-825,-864.47,-825,785.53,825,785.53],"hull":4,"edges":[0,2,2,4,4,6,0,6],"width":124,"height":125}},"Layer 16":{"Layer 16":{"type":"mesh","uvs":[1,1,0,1,0,0,1,0],"triangles":[1,2,3,1,3,0],"vertices":[825,-864.47,-825,-864.47,-825,785.53,825,785.53],"hull":4,"edges":[0,2,2,4,4,6,0,6],"width":124,"height":125}},"Layer 17":{"Layer 17":{"type":"mesh","uvs":[1,1,0,1,0,0,1,0],"triangles":[1,2,3,1,3,0],"vertices":[825,-864.47,-825,-864.47,-825,785.53,825,785.53],"hull":4,"edges":[0,2,2,4,4,6,0,6],"width":124,"height":125}}}}],"animations":{"animtion0":{"slots":{"Layer 17":{"attachment":[{"name":null},{"time":0.6667,"name":"Layer 17"},{"time":0.7083,"name":null},{"time":2.4583,"name":"Layer 17"},{"time":2.5,"name":null}]},"Glow":{"color":[{"color":"ffffffff","curve":"stepped"},{"time":0.4167,"color":"ffffff00"},{"time":0.8333,"color":"ffffffff"},{"time":2.5,"color":"ffffff00"}],"attachment":[{"name":null},{"time":0.4167,"name":"Glow"}]},"Layer 10":{"attachment":[{"name":null},{"time":0.375,"name":"Layer 10"},{"time":0.4167,"name":null},{"time":2.1667,"name":"Layer 10"},{"time":2.2083,"name":null}]},"Layer 9":{"attachment":[{"name":null},{"time":0.3333,"name":"Layer 9"},{"time":0.375,"name":null},{"time":2.125,"name":"Layer 9"},{"time":2.1667,"name":null}]},"Layer 12":{"attachment":[{"name":null},{"time":0.4583,"name":"Layer 12"},{"time":0.5,"name":null},{"time":2.25,"name":"Layer 12"},{"time":2.2917,"name":null}]},"spotlight":{"color":[{"color":"ffffffff","curve":"stepped"},{"time":0.4167,"color":"ffffff00"},{"time":1.375,"color":"ffffffff"},{"time":2.5,"color":"ffffff00"}],"attachment":[{"name":null},{"time":0.4167,"name":"spotlight"}]},"Layer 16":{"attachment":[{"name":null},{"time":0.625,"name":"Layer 16"},{"time":0.6667,"name":null},{"time":2.4167,"name":"Layer 16"},{"time":2.4583,"name":null}]},"Glow1":{"color":[{"color":"ffffff00"},{"time":0.4167,"color":"ffffffff"},{"time":0.8333,"color":"ffffff00"}]},"Layer 13":{"attachment":[{"name":null},{"time":0.5,"name":"Layer 13"},{"time":0.5417,"name":null},{"time":2.2917,"name":"Layer 13"},{"time":2.3333,"name":null}]},"Layer 2":{"attachment":[{"name":null},{"time":0.0417,"name":"Layer 2"},{"time":0.0833,"name":null},{"time":1.8333,"name":"Layer 2"},{"time":1.875,"name":null}]},"Layer 3":{"attachment":[{"name":null},{"time":0.0833,"name":"Layer 3"},{"time":0.125,"name":null},{"time":1.875,"name":"Layer 3"},{"time":1.9167,"name":null}]},"Layer 1":{"attachment":[{"time":0.0417,"name":null},{"time":1.7917,"name":"Layer 1"},{"time":1.8333,"name":null}]},"Layer 15":{"attachment":[{"name":null},{"time":0.5833,"name":"Layer 15"},{"time":0.625,"name":null},{"time":2.375,"name":"Layer 15"},{"time":2.4167,"name":null}]},"Layer 4":{"attachment":[{"name":null},{"time":0.125,"name":"Layer 4"},{"time":0.1667,"name":null},{"time":1.9167,"name":"Layer 4"},{"time":1.9583,"name":null}]},"Layer 14":{"attachment":[{"name":null},{"time":0.5417,"name":"Layer 14"},{"time":0.5833,"name":null},{"time":2.3333,"name":"Layer 14"},{"time":2.375,"name":null}]},"spotlight1":{"color":[{"color":"ffffffff","curve":"stepped"},{"time":0.4167,"color":"ffffff00"},{"time":1.375,"color":"ffffffff"},{"time":2.5,"color":"ffffff00"}],"attachment":[{"name":null},{"time":0.4167,"name":"spotlight"}]},"Layer 7":{"attachment":[{"name":null},{"time":0.25,"name":"Layer 7"},{"time":0.2917,"name":null},{"time":2.0417,"name":"Layer 7"},{"time":2.0833,"name":null}]},"Layer 11":{"attachment":[{"name":null},{"time":0.4167,"name":"Layer 11"},{"time":0.4583,"name":null},{"time":2.2083,"name":"Layer 11"},{"time":2.25,"name":null}]},"Layer 8":{"attachment":[{"name":null},{"time":0.2917,"name":"Layer 8"},{"time":0.3333,"name":null},{"time":2.0833,"name":"Layer 8"},{"time":2.125,"name":null}]},"Layer 5":{"attachment":[{"name":null},{"time":0.1667,"name":"Layer 5"},{"time":0.2083,"name":null},{"time":1.9583,"name":"Layer 5"},{"time":2,"name":null}]},"text":{"attachment":[{"name":null},{"time":0.8333,"name":"text"}]},"Layer 6":{"attachment":[{"name":null},{"time":0.2083,"name":"Layer 6"},{"time":0.25,"name":null},{"time":2,"name":"Layer 6"},{"time":2.0417,"name":null}]}},"bones":{"Raylight":{"rotate":[{"time":0.4167},{"time":1.375,"angle":-22},{"time":2.5}]},"Text":{"scale":[{},{"time":0.8333,"x":0.37,"y":0.37},{"time":0.9167},{"time":1.0417,"x":1.24,"y":1.24},{"time":1.125,"x":0.87,"y":0.87},{"time":1.25}]},"Raylight1":{"rotate":[{"time":0.4167},{"time":1.375,"angle":22},{"time":2.5}]},"Head":{"rotate":[{"time":0.5417},{"time":0.8333,"angle":-7,"curve":"stepped"},{"time":0.9167,"angle":-7},{"time":1.3333,"angle":-30.62},{"time":1.4583},{"time":1.5417,"angle":10},{"time":1.625}],"translate":[{"time":0.5417},{"time":0.8333,"x":-103.36,"y":-60.87,"curve":"stepped"},{"time":0.9167,"x":-103.36,"y":-60.87},{"time":1.3333,"x":82.33,"y":4.77},{"time":1.4583}]},"wing":{"rotate":[{"time":0.5417},{"time":0.8333,"angle":32},{"time":1.5}],"translate":[{"time":0.5417},{"time":0.8333,"x":-106.83,"y":-60.36},{"time":1.1667,"x":-49.31,"y":-27.86},{"time":1.5}]},"Body":{"rotate":[{"time":0.5417},{"time":0.8333,"angle":20,"curve":"stepped"},{"time":0.9583,"angle":20},{"time":1.3333,"angle":-14},{"time":1.4583}]},"tail":{"rotate":[{"time":0.5417},{"time":0.8333,"angle":15,"curve":"stepped"},{"time":0.9167,"angle":15},{"time":1.25,"angle":-11.23},{"time":1.3333,"angle":-11.54},{"time":1.4583}]},"wing1":{"rotate":[{"time":0.5417},{"time":0.8333,"angle":33},{"time":1.3333,"angle":24.15},{"time":1.5,"angle":-10},{"time":1.6667}]},"tail1":{"rotate":[{"time":0.5417},{"time":0.9167,"angle":24},{"time":1.25,"angle":-6.71},{"time":1.4583}]},"wing2":{"rotate":[{"time":0.5417},{"time":0.8333,"angle":8},{"time":1.1667,"angle":10.69},{"time":1.3333,"angle":-8.21},{"time":1.5,"angle":-20.28},{"time":1.6667}]},"Bottom_beak":{"rotate":[{"time":0.5417},{"time":0.8333,"angle":29},{"time":0.9167,"angle":19},{"time":1.3333,"angle":-33},{"time":1.4583},{"time":1.5417,"angle":10},{"time":1.625}],"translate":[{"time":0.5417},{"time":0.8333,"x":-104.52,"y":-48.96},{"time":0.9167,"x":-101.79,"y":-48.42},{"time":1.3333,"x":89.92,"y":52.34},{"time":1.4583},{"time":1.5417,"x":3.94,"y":-20.39},{"time":1.625}]},"Top_beak":{"rotate":[{"time":0.5417},{"time":0.8333,"angle":-24},{"time":0.9167,"angle":-13},{"time":1.3333,"angle":-43},{"time":1.4583},{"time":1.5417,"angle":10},{"time":1.625}],"translate":[{"time":0.5417},{"time":0.8333,"x":-101.79,"y":-48.42,"curve":"stepped"},{"time":0.9167,"x":-101.79,"y":-48.42},{"time":1.3333,"x":89.92,"y":52.34},{"time":1.4583},{"time":1.5417,"x":3.94,"y":-20.39},{"time":1.625}]}},"deform":{"default":{"head":{"head":[{"time":0.5417},{"time":0.8333,"offset":16,"vertices":[-1.17999,9.58,-2.48,18.14,-1.67999,13.7,-0.90999,7.39,-2.0E-5,-1.0E-5,0,0,0,0,0,0,0,0,3.19002,7.64,4.99001,4.13999,10.66,10.38,-3.6,4.64001,5.51001,4.71,17.12,2.1,0,0,2.0E-5,1.0E-5,2.0E-5,1.0E-5,0,0,0,0,0,0,2.67001,5.37,-0.91,7.38998,0,0,1.0E-5,1.0E-5,0,-1.0E-5,0,0,2.0E-5,0,0,0,1.0E-5,0,0,-1.0E-5,0,0,0,0,0,0,0,0,3.5,3.90001,0,0,1.0E-5,0,0,-1.0E-5,0,-1.0E-5,0,0,0,0,0,-2.0E-5,-0.83,6.75001,-0.2,4.10999,0.39999,2.45999,1.0E-5,0,0,0,-3.06,-5.06,0,0,-1.42999,0.58,1.0E-5,-1.0E-5,0,0,-3.68999,-0.7,-4.23999,-1.98,0,-1.0E-5,0,0,0,0,11.54,8.12],"curve":"stepped"},{"time":0.9167,"offset":16,"vertices":[-1.17999,9.58,-2.48,18.14,-1.67999,13.7,-0.90999,7.39,-2.0E-5,-1.0E-5,0,0,0,0,0,0,0,0,3.19002,7.64,4.99001,4.13999,10.66,10.38,-3.6,4.64001,5.51001,4.71,17.12,2.1,0,0,2.0E-5,1.0E-5,2.0E-5,1.0E-5,0,0,0,0,0,0,2.67001,5.37,-0.91,7.38998,0,0,1.0E-5,1.0E-5,0,-1.0E-5,0,0,2.0E-5,0,0,0,1.0E-5,0,0,-1.0E-5,0,0,0,0,0,0,0,0,3.5,3.90001,0,0,1.0E-5,0,0,-1.0E-5,0,-1.0E-5,0,0,0,0,0,-2.0E-5,-0.83,6.75001,-0.2,4.10999,0.39999,2.45999,1.0E-5,0,0,0,-3.06,-5.06,0,0,-1.42999,0.58,1.0E-5,-1.0E-5,0,0,-3.68999,-0.7,-4.23999,-1.98,0,-1.0E-5,0,0,0,0,11.54,8.12]},{"time":1.625}]},"wing":{"wing":[{"time":0.5417},{"time":0.8333,"offset":34,"vertices":[9.27,9.21,9.1,9.3,7.48,10.36,3.99,6.21,0,0,0,0,7.19,11.39,14.61,18.08,10.88,8.91,11.17622,8.53551,0,0,0,0,0,0,0,0,0,0,0,0,0,0,0,0,0,0,0,0,0,0,0,0,0,0,0,0,0,0,0,0,0,0,0,0,-7.54,-3.71,-7.6616,-3.45189]},{"time":1.6667}]}}}}}}