{"skeleton":{"hash":"2PnRmD95BUMG60GbwzR/8VDYO7Y","spine":"3.8.75","x":-458.89,"y":-425.46,"width":881.3,"height":888.41,"fps":24,"images":"","audio":"C:/Users/rachelthiowx/Desktop/Mini game/Slots/Icons/SPINE/Letters/Q"},"bones":[{"name":"root","scaleX":0.25,"scaleY":0.25},{"name":"Gear","parent":"root","x":-5.28,"y":31.14,"scaleX":0.5451,"scaleY":0.5451},{"name":"Q","parent":"root","y":118.57},{"name":"Electric","parent":"root","x":-72.95,"y":75,"scaleX":7.1073,"scaleY":7.1073}],"slots":[{"name":"Gear-glow","bone":"root","attachment":"Gear-glow","blend":"additive"},{"name":"Gear BG 1","bone":"Gear","attachment":"Gear BG 1"},{"name":"Glow","bone":"root","attachment":"Glow"},{"name":"Q","bone":"Q","attachment":"K"},{"name":"Layer 9","bone":"Electric","attachment":"Layer 9","blend":"additive"},{"name":"Layer 8","bone":"Electric","attachment":"Layer 8","blend":"additive"},{"name":"Layer 7","bone":"Electric","attachment":"Layer 7","blend":"additive"},{"name":"Layer 6","bone":"Electric","attachment":"Layer 6","blend":"additive"},{"name":"Layer 5","bone":"Electric","attachment":"Layer 5","blend":"additive"},{"name":"Layer 4","bone":"Electric","attachment":"Layer 4","blend":"additive"},{"name":"Layer 3","bone":"Electric","attachment":"Layer 3","blend":"additive"},{"name":"Layer 2","bone":"Electric","attachment":"Layer 2","blend":"additive"},{"name":"Layer 17","bone":"Electric","attachment":"Layer 17","blend":"additive"},{"name":"Layer 16","bone":"Electric","attachment":"Layer 16","blend":"additive"},{"name":"Layer 15","bone":"Electric","attachment":"Layer 15","blend":"additive"},{"name":"Layer 14","bone":"Electric","attachment":"Layer 14","blend":"additive"},{"name":"Layer 13","bone":"Electric","attachment":"Layer 13","blend":"additive"},{"name":"Layer 12","bone":"Electric","attachment":"Layer 12","blend":"additive"},{"name":"Layer 11","bone":"Electric","attachment":"Layer 11","blend":"additive"},{"name":"Layer 10","bone":"Electric","attachment":"Layer 10","blend":"additive"},{"name":"Layer 1","bone":"Electric","attachment":"Layer 1","blend":"additive"}],"skins":[{"name":"default","attachments":{"Layer 1":{"Layer 1":{"scaleX":4,"scaleY":4,"width":124,"height":125}},"Layer 2":{"Layer 2":{"scaleX":4,"scaleY":4,"width":124,"height":125}},"Layer 3":{"Layer 3":{"scaleX":4,"scaleY":4,"width":124,"height":125}},"Layer 4":{"Layer 4":{"scaleX":4,"scaleY":4,"width":124,"height":125}},"Layer 5":{"Layer 5":{"scaleX":4,"scaleY":4,"width":124,"height":125}},"Layer 6":{"Layer 6":{"scaleX":4,"scaleY":4,"width":124,"height":125}},"Layer 7":{"Layer 7":{"scaleX":4,"scaleY":4,"width":124,"height":125}},"Layer 8":{"Layer 8":{"scaleX":4,"scaleY":4,"width":124,"height":125}},"Layer 9":{"Layer 9":{"scaleX":4,"scaleY":4,"width":124,"height":125}},"Q":{"K":{"type":"mesh","path":"Q","uvs":[0.08981,0,0.91019,0,0.08981,1,0.91019,1],"triangles":[1,0,3,0,2,3],"vertices":[-628.87,533.06,593.83,533.06,-628.87,-870.51,593.83,-870.51],"hull":4,"edges":[0,2,2,6,4,6,4,0],"width":206,"height":192}},"Gear BG 1":{"Gear BG 1":{"type":"mesh","uvs":[0,0,1,0,0,1,1,1],"triangles":[1,0,3,0,2,3],"vertices":[-1918.72,1820.86,1929.28,1820.86,-1918.72,-1883.14,1929.28,-1883.14],"hull":4,"edges":[0,2,2,6,4,6,4,0],"width":227,"height":223}},"Gear-glow":{"Gear-glow":{"scaleX":5.96,"scaleY":5.96,"width":451,"height":465}},"Glow":{"Glow":{"scaleX":11.1204,"scaleY":11.1204,"width":172,"height":195}},"Layer 10":{"Layer 10":{"scaleX":4,"width":124,"height":125}},"Layer 11":{"Layer 11":{"scaleX":4,"scaleY":4,"width":124,"height":125}},"Layer 12":{"Layer 12":{"scaleX":4,"scaleY":4,"width":124,"height":125}},"Layer 13":{"Layer 13":{"scaleX":4,"scaleY":4,"width":124,"height":125}},"Layer 14":{"Layer 14":{"scaleX":4,"scaleY":4,"width":124,"height":125}},"Layer 15":{"Layer 15":{"scaleX":4,"scaleY":4,"width":124,"height":125}},"Layer 16":{"Layer 16":{"scaleX":4,"scaleY":4,"width":124,"height":125}},"Layer 17":{"Layer 17":{"scaleX":4,"scaleY":4,"width":124,"height":125}}}}],"animations":{"animtion0":{"slots":{"Layer 7":{"attachment":[{"name":null},{"time":0.25,"name":"Layer 7"},{"time":0.2917,"name":null},{"time":2.0417,"name":"Layer 7"},{"time":2.0833,"name":null}]},"Layer 4":{"attachment":[{"name":null},{"time":0.125,"name":"Layer 4"},{"time":0.1667,"name":null},{"time":1.9167,"name":"Layer 4"},{"time":1.9583,"name":null}]},"Layer 2":{"attachment":[{"name":null},{"time":0.0417,"name":"Layer 2"},{"time":0.0833,"name":null},{"time":1.8333,"name":"Layer 2"},{"time":1.875,"name":null}]},"Layer 9":{"attachment":[{"name":null},{"time":0.3333,"name":"Layer 9"},{"time":0.375,"name":null},{"time":2.125,"name":"Layer 9"},{"time":2.1667,"name":null}]},"Layer 10":{"attachment":[{"name":null},{"time":0.375,"name":"Layer 10"},{"time":0.4167,"name":null},{"time":2.1667,"name":"Layer 10"},{"time":2.2083,"name":null}]},"Layer 12":{"attachment":[{"name":null},{"time":0.4583,"name":"Layer 12"},{"time":0.5,"name":null},{"time":2.25,"name":"Layer 12"},{"time":2.2917,"name":null}]},"Layer 11":{"attachment":[{"name":null},{"time":0.4167,"name":"Layer 11"},{"time":0.4583,"name":null},{"time":2.2083,"name":"Layer 11"},{"time":2.25,"name":null}]},"Layer 3":{"attachment":[{"name":null},{"time":0.0833,"name":"Layer 3"},{"time":0.125,"name":null},{"time":1.875,"name":"Layer 3"},{"time":1.9167,"name":null}]},"Layer 15":{"attachment":[{"name":null},{"time":0.5833,"name":"Layer 15"},{"time":0.625,"name":null},{"time":2.375,"name":"Layer 15"},{"time":2.4167,"name":null}]},"Layer 6":{"attachment":[{"name":null},{"time":0.2083,"name":"Layer 6"},{"time":0.25,"name":null},{"time":2,"name":"Layer 6"},{"time":2.0417,"name":null}]},"Layer 13":{"attachment":[{"name":null},{"time":0.5,"name":"Layer 13"},{"time":0.5417,"name":null},{"time":2.2917,"name":"Layer 13"},{"time":2.3333,"name":null}]},"Layer 17":{"attachment":[{"name":null},{"time":0.6667,"name":"Layer 17"},{"time":0.7083,"name":null},{"time":2.4583,"name":"Layer 17"},{"time":2.5,"name":null}]},"Gear-glow":{"color":[{"color":"ffffff00"},{"time":0.625,"color":"ffffffff"},{"time":1.25,"color":"ffffff00"},{"time":1.875,"color":"ffffffff"},{"time":2.5,"color":"ffffff00"}]},"Layer 14":{"attachment":[{"name":null},{"time":0.5417,"name":"Layer 14"},{"time":0.5833,"name":null},{"time":2.3333,"name":"Layer 14"},{"time":2.375,"name":null}]},"Layer 8":{"attachment":[{"name":null},{"time":0.2917,"name":"Layer 8"},{"time":0.3333,"name":null},{"time":2.0833,"name":"Layer 8"},{"time":2.125,"name":null}]},"Layer 16":{"attachment":[{"name":null},{"time":0.625,"name":"Layer 16"},{"time":0.6667,"name":null},{"time":2.4167,"name":"Layer 16"},{"time":2.4583,"name":null}]},"Glow":{"color":[{"color":"ffffff00"},{"time":0.625,"color":"ffffffff"},{"time":1.25,"color":"ffffff00"},{"time":1.875,"color":"ffffffff"},{"time":2.5,"color":"ffffff00"}]},"Layer 1":{"attachment":[{"time":0.0417,"name":null},{"time":1.7917,"name":"Layer 1"},{"time":1.8333,"name":null}]},"Layer 5":{"attachment":[{"name":null},{"time":0.1667,"name":"Layer 5"},{"time":0.2083,"name":null},{"time":1.9583,"name":"Layer 5"},{"time":2,"name":null}]}},"bones":{"Gear":{"rotate":[{"angle":180,"curve":0.5,"c3":0.5},{"time":1.25,"angle":-20,"curve":0.5,"c3":0.5},{"time":2.5,"angle":180}]},"Q":{"translate":[{},{"time":0.625,"y":84.42},{"time":1.25},{"time":1.875,"y":84.42},{"time":2.5}],"scale":[{"curve":0.5,"c3":0.5},{"time":0.625,"x":1.37,"y":1.37,"curve":0.5,"c3":0.5},{"time":1.25,"curve":0.5,"c3":0.5},{"time":1.875,"x":1.37,"y":1.37,"curve":0.5,"c3":0.5},{"time":2.5}]}}}}}