{"skeleton":{"width":334.46,"height":317,"fps":24,"hash":" ","name":"Armature"},"bones":[{"name":"root"},{"scaleX":0.3,"scaleY":0.3,"name":"Masterbone","parent":"root"},{"x":1.7,"y":0.1781,"name":"Big_gear","parent":"Masterbone"},{"x":-355.1696,"y":-315.5731,"scaleX":2.1121,"scaleY":2.1121,"name":"Heart5","parent":"Masterbone"},{"x":-355.1696,"y":-252.5926,"scaleX":2.1121,"scaleY":2.1121,"name":"Heart4_1","parent":"Masterbone"},{"x":-355.1696,"y":-252.5926,"scaleX":2.1121,"scaleY":2.1121,"name":"Heart4","parent":"Masterbone"},{"x":-355.1696,"y":-126.1426,"scaleX":2.1121,"scaleY":2.1121,"name":"Heart2","parent":"Masterbone"},{"x":-355.9196,"y":-63.3426,"scaleX":2.1121,"scaleY":2.1121,"name":"Heart1","parent":"Masterbone"},{"x":-355.1696,"y":-188.5926,"scaleX":2.1121,"scaleY":2.1121,"name":"Heart3","parent":"Masterbone"},{"x":-355.9196,"y":-0.3426,"scaleX":2.1121,"scaleY":2.1121,"name":"Heart","parent":"Masterbone"},{"x":-2.5904,"y":-19.8472,"scaleX":2,"scaleY":2,"name":"Turbo_Base","parent":"Masterbone"}],"slots":[{"name":"Gear-Big","bone":"Big_gear","attachment":"Gear-Big"},{"name":"Frame-9","bone":"Turbo_Base","attachment":"Frame-9"},{"name":"Frame-8","bone":"Turbo_Base","attachment":"Frame-8"},{"name":"Frame-7","bone":"Turbo_Base","attachment":"Frame-7"},{"name":"Frame-6","bone":"Turbo_Base","attachment":"Frame-6"},{"name":"Frame-5","bone":"Turbo_Base","attachment":"Frame-5"},{"name":"Frame-4","bone":"Turbo_Base","attachment":"Frame-4"},{"name":"Frame-3","bone":"Turbo_Base","attachment":"Frame-3"},{"name":"Frame-2","bone":"Turbo_Base","attachment":"Frame-2"},{"name":"Frame-10","bone":"Turbo_Base","attachment":"Frame-10"},{"name":"Frame-1","bone":"Turbo_Base","attachment":"Frame-1"},{"name":"Heart","bone":"Heart","attachment":"Heart"},{"name":"Heart1","bone":"Heart1","attachment":"Heart"},{"name":"Heart2","bone":"Heart2","attachment":"Heart"},{"name":"Heart211","bone":"Heart3","attachment":"Heart"},{"name":"Heart212","bone":"Heart4","attachment":"Heart"},{"name":"Heart2121","bone":"Heart4_1","attachment":"Heart"},{"name":"Heart213","bone":"Heart5","attachment":"Heart"}],"skins":{"default":{"Heart2121":{"Heart":{"name":"Heart","width":188,"height":193,"hull":4,"path":"Gear-Small","triangles":[0,3,1,1,3,2],"uvs":[0,0,0.98301,0.00456,0.99999,0.99999,0,0.99999],"edges":[0,2,2,4,4,6,6,0],"vertices":[-29.08,30.26,28.21,30.26,29.2,-29.57,-29.08,-29.57],"type":"mesh"}},"Frame-5":{"Frame-5":{"name":"Frame-5","width":269,"height":264,"path":"Layer-5"}},"Heart212":{"Heart":{"name":"Heart","width":188,"height":193,"hull":4,"path":"Gear-Small","triangles":[1,0,2,0,3,2],"uvs":[0,0,0.99999,0,0.99999,0.987,0,0.99999],"edges":[0,2,2,4,4,6,6,0],"vertices":[-29.08,30.26,29.2,30.26,29.2,-28.79,-29.08,-29.57],"type":"mesh"}},"Frame-6":{"Frame-6":{"name":"Frame-6","width":269,"height":264,"path":"Layer-6"}},"Frame-7":{"Frame-7":{"name":"Frame-7","width":269,"height":264,"path":"Layer-7"}},"Frame-8":{"Frame-8":{"name":"Frame-8","width":269,"height":264,"path":"Layer-8"}},"Frame-9":{"Frame-9":{"name":"Frame-9","width":269,"height":264,"path":"Layer-9"}},"Frame-3":{"Frame-3":{"name":"Frame-3","width":269,"height":264,"path":"Layer-3"}},"Gear-Big":{"Gear-Big":{"name":"Gear-Big","width":188,"height":193,"hull":4,"triangles":[1,0,3,0,2,3],"uvs":[0,0,1,0,0,1,1,1],"edges":[0,2,2,6,4,6,4,0],"vertices":[-346.94,354.25,343.54,354.25,-346.94,-354.6,343.54,-354.6],"type":"mesh"}},"Heart211":{"Heart":{"name":"Heart","width":188,"height":193,"hull":4,"path":"Gear-Small","triangles":[1,0,2,0,3,2],"uvs":[0,0,0.99999,0,0.99999,0.99999,0,0.99999],"edges":[0,2,2,4,4,6,6,0],"vertices":[-29.08,30.26,29.2,30.01,29.2,-29.57,-29.08,-29.57],"type":"mesh"}},"Frame-1":{"Frame-1":{"name":"Frame-1","width":269,"height":264,"path":"Layer-1"}},"Frame-2":{"Frame-2":{"name":"Frame-2","width":269,"height":264,"path":"Layer-2"}},"Heart2":{"Heart":{"name":"Heart","width":188,"height":193,"hull":4,"path":"Gear-Small","triangles":[3,0,2,0,1,2],"uvs":[0,0,0,0.99999,0.99999,0.99999,0.99999,0],"edges":[0,2,2,4,4,6,6,0],"vertices":[-29.08,30.26,-29.08,-29.57,29.2,-29.57,29.2,30.26],"type":"mesh"}},"Heart213":{"Heart":{"name":"Heart","width":188,"height":193,"hull":4,"path":"Gear-Small","triangles":[1,0,2,0,3,2],"uvs":[0,0,0.99999,0,0.99999,0.99999,0,0.99999],"edges":[0,2,2,4,4,6,6,0],"vertices":[-29.08,30.26,29.2,30.26,29.2,-29.57,-29.08,-29.57],"type":"mesh"}},"Heart":{"Heart":{"name":"Heart","width":188,"height":193,"hull":4,"path":"Gear-Small","triangles":[1,0,2,0,3,2],"uvs":[0,0,0.99999,0,0.99999,0.99999,0,0.99999],"edges":[0,2,2,4,4,6,6,0],"vertices":[-29.3,30.48,29.42,30.48,29.42,-29.79,-29.3,-29.79],"type":"mesh"}},"Heart1":{"Heart":{"name":"Heart","width":188,"height":193,"hull":4,"path":"Gear-Small","triangles":[0,3,1,1,3,2],"uvs":[0,0,0.99999,0,0.99999,0.99999,0.01989,0.99999],"edges":[0,2,2,4,4,6,6,0],"vertices":[-29.3,30.48,29.42,30.48,29.42,-29.79,-28.13,-29.79],"type":"mesh"}},"Frame-10":{"Frame-10":{"name":"Frame-10","width":269,"height":264,"path":"Layer-10"}},"Frame-4":{"Frame-4":{"name":"Frame-4","width":269,"height":264,"path":"Layer-4"}}}},"animations":{"animtion0":{"bones":{"Turbo_Base":{"scale":[{"time":0,"x":0.9,"y":0.9}]},"Heart":{"translate":[{"time":0,"x":316.14,"y":17.06},{"time":1.7917,"x":171.54,"y":335.06}],"scale":[{"time":0,"x":0.37,"y":0.37},{"time":1.7917,"x":1,"y":1}]},"Heart1":{"translate":[{"time":0,"curve":"stepped"},{"time":1.7917,"x":393.14,"y":72.36},{"time":3.7084,"x":744.44,"y":184.61}],"scale":[{"time":0,"curve":"stepped","x":1,"y":1},{"time":1.7917,"x":0.37,"y":0.37},{"time":3.7084,"x":1,"y":1}]},"Heart2":{"translate":[{"time":0,"curve":"stepped"},{"time":0.5833,"x":435.48,"y":152.06},{"time":2.6666,"x":674.7,"y":498.15}],"scale":[{"time":0,"curve":"stepped","x":1,"y":1},{"time":0.5833,"x":0.54,"y":0.54},{"time":2.6666,"x":1,"y":1}]},"Heart3":{"translate":[{"time":0,"curve":"stepped"},{"time":1.5833,"x":318.65,"y":175.55},{"time":3.375,"x":20.65,"y":-19.45}],"scale":[{"time":0,"curve":"stepped","x":1,"y":1},{"time":1.5833,"x":0.59,"y":0.59},{"time":3.375,"x":1,"y":1}]},"Heart4":{"translate":[{"time":0,"curve":"stepped"},{"time":2.875,"x":448.19,"y":220.83},{"time":3.7083,"x":622.19,"y":100.78}],"scale":[{"time":0,"curve":"stepped","x":1,"y":1},{"time":2.875,"x":0.4,"y":0.4},{"time":3.7083,"x":1,"y":1}]},"Heart4_1":{"translate":[{"time":0,"x":622.19,"y":100.78},{"time":0.4167,"x":712.53,"y":27.65}]},"Heart5":{"translate":[{"time":0,"curve":"stepped"},{"time":0.0833,"x":279.85,"y":332.62},{"time":1.3333,"x":-21.35,"y":149.48}],"scale":[{"time":0,"curve":"stepped","x":1,"y":1},{"time":0.0833,"x":0.46,"y":0.46},{"time":1.3333,"x":1,"y":1}]},"Big_gear":{"rotate":[{"time":0,"angle":0},{"time":1.6667,"angle":-180},{"time":3.7084,"angle":0}],"scale":[{"time":0,"x":0.49,"y":0.49},{"time":1.6667,"x":0.78,"y":0.78},{"time":3.7084,"x":0.49,"y":0.49}],"shear":[{"time":0},{"time":1.6667},{"time":3.7084}]}},"slots":{"Frame-9":{"attachment":[{"time":0,"name":""},{"time":0.3333,"name":"Frame-9"},{"time":0.375,"name":""},{"time":0.75,"name":"Frame-9"},{"time":0.7917,"name":""},{"time":1.1667,"name":"Frame-9"},{"time":1.2084,"name":""},{"time":1.5834,"name":"Frame-9"},{"time":1.6251,"name":""},{"time":2.0001,"name":"Frame-9"},{"time":2.0418,"name":""},{"time":2.4168,"name":"Frame-9"},{"time":2.4585,"name":""},{"time":2.8335,"name":"Frame-9"},{"time":2.8752,"name":""},{"time":3.2502,"name":"Frame-9"},{"time":3.2919,"name":""},{"time":3.6669,"name":"Frame-9"},{"time":3.7086,"name":""}]},"Frame-8":{"attachment":[{"time":0,"name":""},{"time":0.2917,"name":"Frame-8"},{"time":0.3334,"name":""},{"time":0.7084,"name":"Frame-8"},{"time":0.7501,"name":""},{"time":1.1251,"name":"Frame-8"},{"time":1.1668,"name":""},{"time":1.5418,"name":"Frame-8"},{"time":1.5835,"name":""},{"time":1.9585,"name":"Frame-8"},{"time":2.0002,"name":""},{"time":2.3752,"name":"Frame-8"},{"time":2.4169,"name":""},{"time":2.7919,"name":"Frame-8"},{"time":2.8336,"name":""},{"time":3.2086,"name":"Frame-8"},{"time":3.2503,"name":""},{"time":3.6253,"name":"Frame-8"},{"time":3.667,"name":""}]},"Frame-7":{"attachment":[{"time":0,"name":""},{"time":0.25,"name":"Frame-7"},{"time":0.2917,"name":""},{"time":0.6667,"name":"Frame-7"},{"time":0.7084,"name":""},{"time":1.0834,"name":"Frame-7"},{"time":1.1251,"name":""},{"time":1.5001,"name":"Frame-7"},{"time":1.5418,"name":""},{"time":1.9168,"name":"Frame-7"},{"time":1.9585,"name":""},{"time":2.3335,"name":"Frame-7"},{"time":2.3752,"name":""},{"time":2.7502,"name":"Frame-7"},{"time":2.7919,"name":""},{"time":3.1669,"name":"Frame-7"},{"time":3.2086,"name":""},{"time":3.5836,"name":"Frame-7"},{"time":3.6253,"name":""}]},"Frame-6":{"attachment":[{"time":0,"name":""},{"time":0.2083,"name":"Frame-6"},{"time":0.25,"name":""},{"time":0.625,"name":"Frame-6"},{"time":0.6667,"name":""},{"time":1.0417,"name":"Frame-6"},{"time":1.0834,"name":""},{"time":1.4584,"name":"Frame-6"},{"time":1.5001,"name":""},{"time":1.8751,"name":"Frame-6"},{"time":1.9168,"name":""},{"time":2.2918,"name":"Frame-6"},{"time":2.3335,"name":""},{"time":2.7085,"name":"Frame-6"},{"time":2.7502,"name":""},{"time":3.1252,"name":"Frame-6"},{"time":3.1669,"name":""},{"time":3.5419,"name":"Frame-6"},{"time":3.5836,"name":""}]},"Frame-5":{"attachment":[{"time":0,"name":""},{"time":0.1667,"name":"Frame-5"},{"time":0.2084,"name":""},{"time":0.5834,"name":"Frame-5"},{"time":0.6251,"name":""},{"time":1.0001,"name":"Frame-5"},{"time":1.0418,"name":""},{"time":1.4168,"name":"Frame-5"},{"time":1.4585,"name":""},{"time":1.8335,"name":"Frame-5"},{"time":1.8752,"name":""},{"time":2.2502,"name":"Frame-5"},{"time":2.2919,"name":""},{"time":2.6669,"name":"Frame-5"},{"time":2.7086,"name":""},{"time":3.0836,"name":"Frame-5"},{"time":3.1253,"name":""},{"time":3.5003,"name":"Frame-5"},{"time":3.542,"name":""}]},"Frame-4":{"attachment":[{"time":0,"name":""},{"time":0.125,"name":"Frame-4"},{"time":0.1667,"name":""},{"time":0.5417,"name":"Frame-4"},{"time":0.5834,"name":""},{"time":0.9584,"name":"Frame-4"},{"time":1.0001,"name":""},{"time":1.3751,"name":"Frame-4"},{"time":1.4168,"name":""},{"time":1.7918,"name":"Frame-4"},{"time":1.8335,"name":""},{"time":2.2085,"name":"Frame-4"},{"time":2.2502,"name":""},{"time":2.6252,"name":"Frame-4"},{"time":2.6669,"name":""},{"time":3.0419,"name":"Frame-4"},{"time":3.0836,"name":""},{"time":3.4586,"name":"Frame-4"},{"time":3.5003,"name":""}]},"Frame-3":{"attachment":[{"time":0,"name":""},{"time":0.0833,"name":"Frame-3"},{"time":0.125,"name":""},{"time":0.5,"name":"Frame-3"},{"time":0.5417,"name":""},{"time":0.9167,"name":"Frame-3"},{"time":0.9584,"name":""},{"time":1.3334,"name":"Frame-3"},{"time":1.3751,"name":""},{"time":1.7501,"name":"Frame-3"},{"time":1.7918,"name":""},{"time":2.1668,"name":"Frame-3"},{"time":2.2085,"name":""},{"time":2.5835,"name":"Frame-3"},{"time":2.6252,"name":""},{"time":3.0002,"name":"Frame-3"},{"time":3.0419,"name":""},{"time":3.4169,"name":"Frame-3"},{"time":3.4586,"name":""}]},"Frame-2":{"attachment":[{"time":0,"name":""},{"time":0.0417,"name":"Frame-2"},{"time":0.0834,"name":""},{"time":0.4584,"name":"Frame-2"},{"time":0.5001,"name":""},{"time":0.8751,"name":"Frame-2"},{"time":0.9168,"name":""},{"time":1.2918,"name":"Frame-2"},{"time":1.3335,"name":""},{"time":1.7085,"name":"Frame-2"},{"time":1.7502,"name":""},{"time":2.1252,"name":"Frame-2"},{"time":2.1669,"name":""},{"time":2.5419,"name":"Frame-2"},{"time":2.5836,"name":""},{"time":2.9586,"name":"Frame-2"},{"time":3.0003,"name":""},{"time":3.3753,"name":"Frame-2"},{"time":3.417,"name":""}]},"Frame-10":{"attachment":[{"time":0,"name":""},{"time":0.375,"name":"Frame-10"},{"time":0.4167,"name":""},{"time":0.7917,"name":"Frame-10"},{"time":0.8334,"name":""},{"time":1.2084,"name":"Frame-10"},{"time":1.2501,"name":""},{"time":1.6251,"name":"Frame-10"},{"time":1.6668,"name":""},{"time":2.0418,"name":"Frame-10"},{"time":2.0835,"name":""},{"time":2.4585,"name":"Frame-10"},{"time":2.5002,"name":""},{"time":2.8752,"name":"Frame-10"},{"time":2.9169,"name":""},{"time":3.2919,"name":"Frame-10"},{"time":3.3336,"name":""},{"time":3.7086,"name":"Frame-10"}]},"Frame-1":{"attachment":[{"time":0,"name":"Frame-1"},{"time":0.0417,"name":""},{"time":0.4167,"name":"Frame-1"},{"time":0.4584,"name":""},{"time":0.8334,"name":"Frame-1"},{"time":0.8751,"name":""},{"time":1.2501,"name":"Frame-1"},{"time":1.2918,"name":""},{"time":1.6668,"name":"Frame-1"},{"time":1.7085,"name":""},{"time":2.0835,"name":"Frame-1"},{"time":2.1252,"name":""},{"time":2.5002,"name":"Frame-1"},{"time":2.5419,"name":""},{"time":2.9169,"name":"Frame-1"},{"time":2.9586,"name":""},{"time":3.3336,"name":"Frame-1"},{"time":3.3753,"name":""}]},"Heart":{"color":[{"time":0,"color":"FFFFFFFF"},{"time":1.7917,"color":"FFFFFF00"}]},"Heart1":{"attachment":[{"time":0,"name":""},{"time":1.7917,"name":"Heart"}],"color":[{"time":0,"curve":"stepped","color":"FFFFFFFF"},{"time":1.7917,"color":"FFFFFFFF"},{"time":3.7084,"color":"FFFFFF00"}]},"Heart2":{"attachment":[{"time":0,"name":""},{"time":0.5833,"name":"Heart"}],"color":[{"time":0,"curve":"stepped","color":"FFFFFFFF"},{"time":0.5833,"color":"FFFFFFFF"},{"time":2.6666,"color":"FFFFFF00"}]},"Heart211":{"attachment":[{"time":0,"name":""},{"time":1.5833,"name":"Heart"}],"color":[{"time":0,"curve":"stepped","color":"FFFFFFFF"},{"time":1.5833,"color":"FFFFFFFF"},{"time":3.375,"color":"FFFFFF00"}]},"Heart212":{"attachment":[{"time":0,"name":""},{"time":2.875,"name":"Heart"}],"color":[{"time":0,"curve":"stepped","color":"FFFFFFFF"},{"time":2.875,"color":"FFFFFFFF"},{"time":3.7083,"color":"FFFFFF4D"}]},"Heart2121":{"color":[{"time":0,"color":"FFFFFF4D"},{"time":0.4167,"color":"FFFFFF00"}]},"Heart213":{"attachment":[{"time":0,"name":""},{"time":0.0833,"name":"Heart"}],"color":[{"time":0,"curve":"stepped","color":"FFFFFFFF"},{"time":0.0833,"color":"FFFFFFFF"},{"time":1.3333,"color":"FFFFFF00"}]}}}}}